role,seniority,seniority_level,workplace,loc_factor,required_exp,candidate_exp,exp_gap,n_required,n_matched,n_missing,match_ratio,n_extra_skills,avg_skill_demand,salary_expected,salary_gap_ratio,workplace_match,job_salary,fit
Backend Node.js,Senior,3,HYBRID,1.05,10,8,-2,5,0,5,0.0,3,0.99,15400.0,-0.2837,0,21500.0,0
Backend Node.js,Pleno,2,ONSITE,1.1,3,2,-1,5,2,3,0.4,3,0.99,17000.0,0.0366,1,16400.0,0
Fullstack,Senior,3,ONSITE,1.1,6,7,1,5,4,1,0.8,4,0.99,20300.0,-0.1135,1,22900.0,1
Fullstack,Pleno,2,ONSITE,1.1,3,5,2,5,4,1,0.8,2,0.99,17700.0,-0.0684,1,19000.0,1
Machine Learning Eng.,Pleno,2,ONSITE,1.1,5,7,2,5,2,3,0.4,4,1.2,22100.0,-0.009,1,22300.0,1
Frontend React,Senior,3,ONSITE,1.1,7,8,1,5,0,5,0.0,3,0.97,13900.0,-0.3119,0,20200.0,0
DevOps / SRE,Pleno,2,REMOTE,1.0,3,3,0,5,2,3,0.4,4,1.12,17600.0,-0.1111,1,19800.0,1
Backend Node.js,Pleno,2,REMOTE,1.0,5,4,-1,5,2,3,0.4,1,0.99,9900.0,-0.2774,1,13700.0,0
Data / Python,Junior,1,REMOTE,1.0,2,2,0,5,0,5,0.0,2,1.0,11600.0,0.0642,1,10900.0,0
Fullstack,Junior,1,HYBRID,1.05,0,2,2,5,0,5,0.0,3,0.99,10300.0,0.0404,1,9900.0,0
Data / Python,Junior,1,ONSITE,1.1,1,0,-1,5,0,5,0.0,1,1.0,11200.0,-0.0667,1,12000.0,0
Machine Learning Eng.,Pleno,2,HYBRID,1.05,3,5,2,5,5,0,1.0,1,1.2,16500.0,-0.218,1,21100.0,1
Frontend React,Senior,3,HYBRID,1.05,6,8,2,5,4,1,0.8,0,0.97,14200.0,-0.1446,1,16600.0,1
Backend Node.js,Pleno,2,HYBRID,1.05,3,1,-2,5,4,1,0.8,3,0.99,16600.0,0.2117,1,13700.0,1
Machine Learning Eng.,Senior,3,HYBRID,1.05,12,12,0,5,3,2,0.6,2,1.2,25900.0,0.0078,1,25700.0,1
Fullstack,Pleno,2,ONSITE,1.1,4,4,0,5,3,2,0.6,2,0.99,12900.0,-0.1623,1,15400.0,1
Backend Node.js,Senior,3,REMOTE,1.0,9,10,1,5,1,4,0.2,3,0.99,17000.0,-0.0608,0,18100.0,0
Machine Learning Eng.,Junior,1,ONSITE,1.1,1,1,0,5,1,4,0.2,0,1.2,16900.0,0.3307,0,12700.0,0
Data / Python,Junior,1,ONSITE,1.1,0,0,0,5,3,2,0.6,0,1.0,10200.0,-0.1282,1,11700.0,0
Backend Node.js,Senior,3,ONSITE,1.1,6,6,0,5,1,4,0.2,0,0.99,25700.0,0.1843,0,21700.0,0
Frontend React,Pleno,2,REMOTE,1.0,5,3,-2,5,2,3,0.4,4,0.97,17800.0,0.2448,0,14300.0,0
Fullstack,Junior,1,HYBRID,1.05,1,3,2,5,1,4,0.2,4,0.99,8300.0,-0.117,1,9400.0,0
Data / Python,Junior,1,REMOTE,1.0,0,3,3,5,0,5,0.0,3,1.0,9900.0,-0.0571,1,10500.0,0
Backend Node.js,Pleno,2,ONSITE,1.1,3,0,-3,5,4,1,0.8,4,0.99,14600.0,-0.1098,1,16400.0,1
Frontend React,Junior,1,HYBRID,1.05,2,3,1,5,1,4,0.2,0,0.97,8100.0,-0.0241,1,8300.0,0
DevOps / SRE,Senior,3,REMOTE,1.0,8,5,-3,5,5,0,1.0,4,1.12,32800.0,0.1673,0,28100.0,1
Frontend React,Junior,1,HYBRID,1.05,1,0,-1,5,5,0,1.0,2,0.97,5100.0,-0.3704,1,8100.0,1
DevOps / SRE,Junior,1,ONSITE,1.1,0,0,0,5,4,1,0.8,0,1.12,11100.0,-0.2292,1,14400.0,1
Fullstack,Pleno,2,REMOTE,1.0,3,3,0,5,1,4,0.2,0,0.99,13400.0,-0.1007,1,14900.0,0
Backend Node.js,Pleno,2,HYBRID,1.05,4,4,0,5,4,1,0.8,4,0.99,13900.0,-0.0671,1,14900.0,1
Backend Node.js,Senior,3,REMOTE,1.0,8,10,2,5,0,5,0.0,0,0.99,18000.0,0.0,0,18000.0,0
Data / Python,Senior,3,ONSITE,1.1,11,13,2,5,1,4,0.2,2,1.0,21800.0,-0.0396,0,22700.0,0
Fullstack,Pleno,2,HYBRID,1.05,3,3,0,5,5,0,1.0,0,0.99,17600.0,0.0115,1,17400.0,1
Frontend React,Pleno,2,ONSITE,1.1,4,2,-2,5,1,4,0.2,3,0.97,16800.0,0.1831,0,14200.0,0
Machine Learning Eng.,Senior,3,HYBRID,1.05,8,10,2,5,3,2,0.6,2,1.2,26300.0,-0.1755,0,31900.0,1
DevOps / SRE,Pleno,2,HYBRID,1.05,5,8,3,5,5,0,1.0,2,1.12,17700.0,-0.0635,0,18900.0,1
Frontend React,Pleno,2,ONSITE,1.1,4,2,-2,5,5,0,1.0,3,0.97,15600.0,0.1556,1,13500.0,1
Machine Learning Eng.,Senior,3,ONSITE,1.1,9,11,2,5,4,1,0.8,0,1.2,37300.0,0.215,1,30700.0,1
Backend Node.js,Senior,3,REMOTE,1.0,11,11,0,5,4,1,0.8,1,0.99,19300.0,-0.0766,1,20900.0,1
Machine Learning Eng.,Pleno,2,ONSITE,1.1,4,3,-1,5,2,3,0.4,4,1.2,26100.0,0.1013,1,23700.0,0
Fullstack,Junior,1,ONSITE,1.1,2,3,1,5,5,0,1.0,0,0.99,10800.0,-0.027,1,11100.0,1
Frontend React,Junior,1,HYBRID,1.05,2,2,0,5,0,5,0.0,1,0.97,8300.0,0.0,1,8300.0,0
Data / Python,Junior,1,ONSITE,1.1,2,3,1,5,1,4,0.2,0,1.0,9800.0,-0.1695,1,11800.0,0
Data / Python,Senior,3,ONSITE,1.1,12,10,-2,5,0,5,0.0,2,1.0,23100.0,-0.0128,1,23400.0,0
Machine Learning Eng.,Pleno,2,REMOTE,1.0,5,7,2,5,0,5,0.0,0,1.2,13900.0,-0.2835,1,19400.0,0
DevOps / SRE,Junior,1,ONSITE,1.1,0,0,0,5,4,1,0.8,0,1.12,14900.0,0.192,1,12500.0,0
Machine Learning Eng.,Pleno,2,ONSITE,1.1,3,3,0,5,4,1,0.8,3,1.2,15300.0,-0.2388,1,20100.0,1
Backend Node.js,Pleno,2,HYBRID,1.05,5,4,-1,5,1,4,0.2,0,0.99,11700.0,-0.1702,0,14100.0,0
Data / Python,Senior,3,HYBRID,1.05,10,9,-1,5,0,5,0.0,2,1.0,17500.0,-0.3164,1,25600.0,0
Frontend React,Senior,3,REMOTE,1.0,7,5,-2,5,4,1,0.8,4,0.97,20400.0,0.1461,1,17800.0,1
Frontend React,Pleno,2,HYBRID,1.05,5,5,0,5,5,0,1.0,2,0.97,14700.0,0.1484,1,12800.0,1
Frontend React,Pleno,2,HYBRID,1.05,5,3,-2,5,3,2,0.6,2,0.97,13100.0,-0.0507,1,13800.0,0
Frontend React,Senior,3,HYBRID,1.05,11,13,2,5,5,0,1.0,2,0.97,21000.0,0.0714,0,19600.0,1
Backend Node.js,Junior,1,HYBRID,1.05,1,3,2,5,4,1,0.8,3,0.99,11100.0,0.1935,1,9300.0,1
Fullstack,Junior,1,HYBRID,1.05,1,1,0,5,0,5,0.0,4,0.99,8300.0,-0.1531,1,9800.0,0
Fullstack,Senior,3,ONSITE,1.1,8,9,1,5,3,2,0.6,0,0.99,25300.0,0.1096,0,22800.0,0
Backend Node.js,Junior,1,ONSITE,1.1,2,2,0,5,5,0,1.0,0,0.99,12100.0,0.2347,1,9800.0,1
Machine Learning Eng.,Senior,3,REMOTE,1.0,12,12,0,5,1,4,0.2,0,1.2,27900.0,0.1577,1,24100.0,0
Machine Learning Eng.,Junior,1,ONSITE,1.1,2,0,-2,5,3,2,0.6,3,1.2,10800.0,-0.234,1,14100.0,1
Data / Python,Senior,3,HYBRID,1.05,8,10,2,5,4,1,0.8,0,1.0,17400.0,-0.275,1,24000.0,1
DevOps / SRE,Junior,1,HYBRID,1.05,0,0,0,5,3,2,0.6,1,1.12,11400.0,-0.0806,0,12400.0,1
Frontend React,Junior,1,HYBRID,1.05,0,1,1,5,2,3,0.4,2,0.97,6000.0,-0.3103,1,8700.0,1
Data / Python,Senior,3,ONSITE,1.1,10,12,2,5,1,4,0.2,3,1.0,15400.0,-0.2451,1,20400.0,1
Fullstack,Pleno,2,HYBRID,1.05,4,3,-1,5,2,3,0.4,0,0.99,20600.0,0.2795,0,16100.0,0
Backend Node.js,Junior,1,REMOTE,1.0,0,0,0,5,5,0,1.0,2,0.99,10400.0,0.1818,1,8800.0,1
Fullstack,Junior,1,HYBRID,1.05,2,4,2,5,4,1,0.8,3,0.99,10800.0,0.0286,0,10500.0,1
Fullstack,Pleno,2,HYBRID,1.05,5,6,1,5,0,5,0.0,0,0.99,13100.0,-0.1325,1,15100.0,0
Machine Learning Eng.,Senior,3,REMOTE,1.0,9,8,-1,5,4,1,0.8,2,1.2,36800.0,0.41,1,26100.0,0
Frontend React,Pleno,2,REMOTE,1.0,3,3,0,5,5,0,1.0,4,0.97,12600.0,-0.0156,1,12800.0,1
Data / Python,Junior,1,REMOTE,1.0,1,0,-1,5,5,0,1.0,1,1.0,11900.0,0.2526,1,9500.0,1
DevOps / SRE,Junior,1,HYBRID,1.05,0,3,3,5,5,0,1.0,2,1.12,11500.0,-0.065,1,12300.0,1
Machine Learning Eng.,Senior,3,REMOTE,1.0,12,14,2,5,3,2,0.6,1,1.2,24400.0,0.0991,1,22200.0,1
Machine Learning Eng.,Junior,1,REMOTE,1.0,1,0,-1,5,4,1,0.8,3,1.2,10700.0,-0.144,0,12500.0,1
Fullstack,Junior,1,REMOTE,1.0,1,4,3,5,0,5,0.0,1,0.99,9500.0,0.0106,1,9400.0,0
Data / Python,Senior,3,REMOTE,1.0,11,12,1,5,0,5,0.0,1,1.0,16600.0,-0.2133,1,21100.0,0
Backend Node.js,Junior,1,ONSITE,1.1,0,0,0,5,0,5,0.0,3,0.99,7700.0,-0.2222,1,9900.0,0
Frontend React,Pleno,2,HYBRID,1.05,3,6,3,5,1,4,0.2,2,0.97,12900.0,-0.0515,1,13600.0,0
Backend Node.js,Junior,1,HYBRID,1.05,1,0,-1,5,2,3,0.4,1,0.99,5000.0,-0.4624,1,9300.0,0
Frontend React,Junior,1,REMOTE,1.0,2,3,1,5,2,3,0.4,4,0.97,8500.0,-0.0341,1,8800.0,1
Backend Node.js,Senior,3,REMOTE,1.0,6,6,0,5,4,1,0.8,0,0.99,15800.0,-0.233,0,20600.0,1
Machine Learning Eng.,Senior,3,HYBRID,1.05,9,12,3,5,5,0,1.0,2,1.2,37500.0,0.2712,1,29500.0,1
DevOps / SRE,Junior,1,HYBRID,1.05,0,3,3,5,4,1,0.8,0,1.12,7900.0,-0.368,1,12500.0,1
Backend Node.js,Pleno,2,ONSITE,1.1,5,7,2,5,4,1,0.8,0,0.99,13000.0,-0.2486,1,17300.0,1
Backend Node.js,Junior,1,REMOTE,1.0,2,5,3,5,0,5,0.0,2,0.99,10000.0,0.1111,1,9000.0,0
Backend Node.js,Senior,3,HYBRID,1.05,8,5,-3,5,1,4,0.2,3,0.99,13700.0,-0.2751,1,18900.0,0
Data / Python,Senior,3,REMOTE,1.0,7,9,2,5,0,5,0.0,1,1.0,22900.0,-0.0418,1,23900.0,0
Data / Python,Pleno,2,ONSITE,1.1,4,7,3,5,4,1,0.8,2,1.0,17600.0,-0.0881,0,19300.0,1
DevOps / SRE,Pleno,2,ONSITE,1.1,4,3,-1,5,0,5,0.0,3,1.12,20000.0,-0.005,1,20100.0,0
Machine Learning Eng.,Junior,1,REMOTE,1.0,2,5,3,5,2,3,0.4,3,1.2,11100.0,-0.0431,1,11600.0,1
DevOps / SRE,Senior,3,ONSITE,1.1,9,12,3,5,2,3,0.4,3,1.12,23900.0,-0.2112,1,30300.0,1
Frontend React,Senior,3,REMOTE,1.0,9,8,-1,5,5,0,1.0,1,0.97,22500.0,0.1029,1,20400.0,1
DevOps / SRE,Pleno,2,HYBRID,1.05,5,7,2,5,2,3,0.4,1,1.12,20200.0,0.01,1,20000.0,0
Backend Node.js,Junior,1,ONSITE,1.1,2,3,1,5,1,4,0.2,3,0.99,7400.0,-0.1778,1,9000.0,0
Data / Python,Pleno,2,REMOTE,1.0,4,1,-3,5,2,3,0.4,2,1.0,15500.0,-0.0373,1,16100.0,0
Data / Python,Junior,1,REMOTE,1.0,0,2,2,5,1,4,0.2,4,1.0,11500.0,0.1165,0,10300.0,0
Data / Python,Pleno,2,HYBRID,1.05,3,3,0,5,0,5,0.0,1,1.0,9200.0,-0.5,0,18400.0,0
Frontend React,Pleno,2,REMOTE,1.0,4,5,1,5,2,3,0.4,1,0.97,10300.0,-0.2077,1,13000.0,0
Data / Python,Pleno,2,ONSITE,1.1,3,4,1,5,0,5,0.0,1,1.0,23100.0,0.32,0,17500.0,0
Data / Python,Pleno,2,REMOTE,1.0,3,5,2,5,5,0,1.0,0,1.0,18500.0,0.2092,1,15300.0,1
Machine Learning Eng.,Junior,1,REMOTE,1.0,0,0,0,5,0,5,0.0,4,1.2,10900.0,-0.0763,1,11800.0,0
Fullstack,Pleno,2,ONSITE,1.1,4,1,-3,5,2,3,0.4,4,0.99,20700.0,0.247,1,16600.0,0
Frontend React,Senior,3,REMOTE,1.0,7,5,-2,5,1,4,0.2,0,0.97,21200.0,0.1099,1,19100.0,0
Data / Python,Senior,3,HYBRID,1.05,8,7,-1,5,3,2,0.6,3,1.0,24800.0,0.0333,0,24000.0,0
Frontend React,Pleno,2,ONSITE,1.1,3,4,1,5,2,3,0.4,3,0.97,17100.0,0.2391,0,13800.0,0
Fullstack,Junior,1,ONSITE,1.1,1,0,-1,5,0,5,0.0,1,0.99,7900.0,-0.1856,1,9700.0,0
Frontend React,Junior,1,HYBRID,1.05,2,3,1,5,0,5,0.0,4,0.97,6800.0,-0.236,1,8900.0,0
Machine Learning Eng.,Pleno,2,REMOTE,1.0,4,1,-3,5,2,3,0.4,0,1.2,20600.0,0.0198,1,20200.0,0
Fullstack,Junior,1,ONSITE,1.1,2,4,2,5,4,1,0.8,4,0.99,13200.0,0.1892,1,11100.0,1
Frontend React,Junior,1,HYBRID,1.05,2,3,1,5,3,2,0.6,1,0.97,9500.0,0.0674,1,8900.0,1
Frontend React,Junior,1,REMOTE,1.0,2,0,-2,5,3,2,0.6,0,0.97,5700.0,-0.3523,1,8800.0,0
Fullstack,Junior,1,ONSITE,1.1,0,0,0,5,1,4,0.2,1,0.99,10500.0,0.0096,1,10400.0,0
Fullstack,Pleno,2,ONSITE,1.1,5,4,-1,5,5,0,1.0,2,0.99,12000.0,-0.1429,1,14000.0,1
Fullstack,Senior,3,HYBRID,1.05,12,14,2,5,1,4,0.2,4,0.99,16400.0,-0.2227,1,21100.0,1
Frontend React,Pleno,2,HYBRID,1.05,5,7,2,5,2,3,0.4,1,0.97,13200.0,0.0312,0,12800.0,0
Machine Learning Eng.,Senior,3,HYBRID,1.05,6,7,1,5,4,1,0.8,2,1.2,23700.0,-0.0778,1,25700.0,1
Machine Learning Eng.,Senior,3,REMOTE,1.0,9,9,0,5,0,5,0.0,1,1.2,32700.0,0.2111,1,27000.0,0
Fullstack,Pleno,2,REMOTE,1.0,3,0,-3,5,2,3,0.4,0,0.99,19500.0,0.4552,0,13400.0,0
Frontend React,Pleno,2,ONSITE,1.1,3,1,-2,5,0,5,0.0,1,0.97,14300.0,-0.0272,1,14700.0,0
Fullstack,Senior,3,REMOTE,1.0,10,11,1,5,3,2,0.6,3,0.99,17100.0,-0.1659,0,20500.0,1
Backend Node.js,Junior,1,ONSITE,1.1,2,2,0,5,1,4,0.2,1,0.99,11300.0,0.0561,1,10700.0,0
Fullstack,Pleno,2,ONSITE,1.1,3,1,-2,5,5,0,1.0,4,0.99,13600.0,-0.0933,1,15000.0,1
Frontend React,Senior,3,REMOTE,1.0,6,3,-3,5,0,5,0.0,1,0.97,19000.0,0.0326,1,18400.0,0
Data / Python,Senior,3,REMOTE,1.0,6,8,2,5,4,1,0.8,1,1.0,19800.0,-0.0959,0,21900.0,1
Frontend React,Pleno,2,ONSITE,1.1,4,4,0,5,1,4,0.2,1,0.97,13600.0,-0.049,1,14300.0,0
Frontend React,Junior,1,REMOTE,1.0,1,0,-1,5,5,0,1.0,4,0.97,9400.0,0.119,1,8400.0,1
Frontend React,Junior,1,ONSITE,1.1,1,1,0,5,2,3,0.4,4,0.97,6800.0,-0.2609,1,9200.0,0
Machine Learning Eng.,Junior,1,REMOTE,1.0,2,2,0,5,3,2,0.6,0,1.2,8800.0,-0.2542,1,11800.0,0
Backend Node.js,Junior,1,REMOTE,1.0,1,0,-1,5,4,1,0.8,2,0.99,8800.0,0.1,1,8000.0,1
Machine Learning Eng.,Pleno,2,REMOTE,1.0,3,5,2,5,1,4,0.2,3,1.2,17700.0,-0.0733,1,19100.0,1
Machine Learning Eng.,Senior,3,HYBRID,1.05,12,13,1,5,0,5,0.0,2,1.2,23500.0,-0.2724,1,32300.0,0
Data / Python,Junior,1,REMOTE,1.0,1,0,-1,5,3,2,0.6,0,1.0,8200.0,-0.18,1,10000.0,1
Frontend React,Junior,1,HYBRID,1.05,2,0,-2,5,4,1,0.8,0,0.97,4600.0,-0.4588,1,8500.0,1
Data / Python,Senior,3,ONSITE,1.1,6,6,0,5,0,5,0.0,4,1.0,26400.0,0.0435,1,25300.0,0
Backend Node.js,Junior,1,ONSITE,1.1,1,4,3,5,4,1,0.8,4,0.99,9700.0,0.0104,1,9600.0,1
Frontend React,Pleno,2,REMOTE,1.0,3,0,-3,5,1,4,0.2,4,0.97,18000.0,0.25,1,14400.0,0
DevOps / SRE,Senior,3,HYBRID,1.05,10,10,0,5,5,0,1.0,1,1.12,22900.0,0.0044,1,22800.0,1
Data / Python,Pleno,2,HYBRID,1.05,3,5,2,5,1,4,0.2,2,1.0,18400.0,-0.0316,1,19000.0,0
Fullstack,Senior,3,REMOTE,1.0,9,11,2,5,5,0,1.0,4,0.99,20000.0,0.0152,1,19700.0,1
Frontend React,Pleno,2,ONSITE,1.1,3,1,-2,5,4,1,0.8,2,0.97,14000.0,-0.0411,0,14600.0,0
Frontend React,Senior,3,ONSITE,1.1,12,12,0,5,2,3,0.4,0,0.97,11800.0,-0.4354,1,20900.0,0
Fullstack,Junior,1,ONSITE,1.1,2,4,2,5,5,0,1.0,1,0.99,10600.0,0.0816,1,9800.0,1
Fullstack,Pleno,2,HYBRID,1.05,5,2,-3,5,0,5,0.0,2,0.99,13900.0,0.0945,0,12700.0,0
Backend Node.js,Senior,3,ONSITE,1.1,8,9,1,5,5,0,1.0,3,0.99,20000.0,-0.0521,1,21100.0,1
DevOps / SRE,Pleno,2,HYBRID,1.05,5,4,-1,5,2,3,0.4,2,1.12,12600.0,-0.2455,0,16700.0,0
Machine Learning Eng.,Senior,3,ONSITE,1.1,8,8,0,5,3,2,0.6,1,1.2,31600.0,0.026,1,30800.0,0
Frontend React,Senior,3,ONSITE,1.1,9,8,-1,5,1,4,0.2,2,0.97,18800.0,-0.0693,1,20200.0,0
Fullstack,Senior,3,REMOTE,1.0,12,15,3,5,0,5,0.0,4,0.99,19300.0,-0.1187,0,21900.0,0
Backend Node.js,Senior,3,ONSITE,1.1,8,10,2,5,2,3,0.4,1,0.99,23200.0,0.0175,0,22800.0,1
Machine Learning Eng.,Senior,3,REMOTE,1.0,12,15,3,5,4,1,0.8,0,1.2,25400.0,0.0496,1,24200.0,1
Fullstack,Junior,1,HYBRID,1.05,2,0,-2,5,4,1,0.8,1,0.99,6200.0,-0.2439,0,8200.0,0
Backend Node.js,Junior,1,ONSITE,1.1,2,4,2,5,3,2,0.6,4,0.99,8800.0,-0.0833,0,9600.0,1
Machine Learning Eng.,Junior,1,HYBRID,1.05,0,0,0,5,0,5,0.0,4,1.2,11000.0,-0.1538,1,13000.0,0
Machine Learning Eng.,Pleno,2,HYBRID,1.05,4,7,3,5,3,2,0.6,3,1.2,25400.0,0.1981,1,21200.0,1
Frontend React,Pleno,2,ONSITE,1.1,4,4,0,5,1,4,0.2,0,0.97,14600.0,0.021,1,14300.0,0
Machine Learning Eng.,Senior,3,HYBRID,1.05,7,4,-3,5,4,1,0.8,4,1.2,19900.0,-0.3432,1,30300.0,1
Data / Python,Pleno,2,ONSITE,1.1,3,4,1,5,3,2,0.6,3,1.0,19600.0,0.2099,1,16200.0,1
DevOps / SRE,Senior,3,HYBRID,1.05,6,3,-3,5,1,4,0.2,3,1.12,26600.0,0.0431,1,25500.0,0
Data / Python,Pleno,2,HYBRID,1.05,4,7,3,5,4,1,0.8,4,1.0,15700.0,-0.203,1,19700.0,1
Frontend React,Pleno,2,ONSITE,1.1,3,1,-2,5,3,2,0.6,1,0.97,12200.0,-0.0543,0,12900.0,0
Fullstack,Junior,1,REMOTE,1.0,1,4,3,5,4,1,0.8,0,0.99,8800.0,0.0115,0,8700.0,1
Fullstack,Pleno,2,HYBRID,1.05,5,2,-3,5,2,3,0.4,1,0.99,13600.0,-0.1605,0,16200.0,0
Frontend React,Pleno,2,ONSITE,1.1,3,1,-2,5,0,5,0.0,4,0.97,11100.0,-0.1527,1,13100.0,0
Frontend React,Junior,1,REMOTE,1.0,0,0,0,5,2,3,0.4,3,0.97,8400.0,-0.0233,1,8600.0,0
Machine Learning Eng.,Senior,3,ONSITE,1.1,8,7,-1,5,2,3,0.4,4,1.2,23500.0,-0.1065,0,26300.0,0
Frontend React,Pleno,2,HYBRID,1.05,4,4,0,5,5,0,1.0,2,0.97,14200.0,0.0597,1,13400.0,1
Fullstack,Pleno,2,ONSITE,1.1,4,7,3,5,4,1,0.8,3,0.99,17100.0,-0.0952,1,18900.0,1
Fullstack,Junior,1,HYBRID,1.05,2,1,-1,5,2,3,0.4,3,0.99,10200.0,0.02,1,10000.0,0
DevOps / SRE,Senior,3,HYBRID,1.05,11,12,1,5,0,5,0.0,3,1.12,25700.0,0.089,0,23600.0,0
Machine Learning Eng.,Senior,3,ONSITE,1.1,12,14,2,5,0,5,0.0,4,1.2,21900.0,-0.2206,1,28100.0,0
DevOps / SRE,Junior,1,HYBRID,1.05,0,2,2,5,4,1,0.8,3,1.12,7800.0,-0.2778,1,10800.0,1
Frontend React,Senior,3,REMOTE,1.0,12,10,-2,5,5,0,1.0,3,0.97,21800.0,0.1179,1,19500.0,1
Frontend React,Pleno,2,ONSITE,1.1,4,7,3,5,5,0,1.0,1,0.97,17400.0,0.234,0,14100.0,1
Data / Python,Junior,1,HYBRID,1.05,1,1,0,5,1,4,0.2,2,1.0,10200.0,0.0408,0,9800.0,0
DevOps / SRE,Senior,3,REMOTE,1.0,10,8,-2,5,0,5,0.0,1,1.12,20200.0,-0.1721,1,24400.0,0
Backend Node.js,Pleno,2,HYBRID,1.05,5,5,0,5,2,3,0.4,3,0.99,16300.0,0.1643,0,14000.0,1
Fullstack,Junior,1,REMOTE,1.0,2,2,0,5,1,4,0.2,4,0.99,8000.0,-0.2,0,10000.0,0
Machine Learning Eng.,Junior,1,REMOTE,1.0,2,4,2,5,5,0,1.0,0,1.2,5700.0,-0.4818,1,11000.0,1
Machine Learning Eng.,Pleno,2,HYBRID,1.05,5,4,-1,5,5,0,1.0,3,1.2,20100.0,-0.0946,1,22200.0,1
Fullstack,Pleno,2,REMOTE,1.0,5,2,-3,5,4,1,0.8,2,0.99,12500.0,-0.1776,1,15200.0,1
Data / Python,Junior,1,HYBRID,1.05,0,0,0,5,4,1,0.8,3,1.0,12300.0,0.1284,1,10900.0,1
Frontend React,Senior,3,HYBRID,1.05,6,7,1,5,1,4,0.2,2,0.97,14600.0,-0.1657,1,17500.0,0
Frontend React,Senior,3,ONSITE,1.1,6,6,0,5,2,3,0.4,3,0.97,14700.0,-0.3,0,21000.0,1
Machine Learning Eng.,Junior,1,HYBRID,1.05,0,0,0,5,3,2,0.6,0,1.2,11000.0,-0.1406,1,12800.0,0
Data / Python,Senior,3,REMOTE,1.0,9,6,-3,5,2,3,0.4,1,1.0,18300.0,-0.1567,1,21700.0,0
Data / Python,Junior,1,REMOTE,1.0,0,0,0,5,5,0,1.0,0,1.0,7300.0,-0.3048,1,10500.0,1
Backend Node.js,Junior,1,REMOTE,1.0,0,1,1,5,4,1,0.8,1,0.99,7700.0,-0.0941,0,8500.0,1
Fullstack,Pleno,2,HYBRID,1.05,3,1,-2,5,2,3,0.4,2,0.99,19000.0,0.2179,0,15600.0,0
Data / Python,Senior,3,ONSITE,1.1,10,7,-3,5,5,0,1.0,4,1.0,20000.0,-0.1525,1,23600.0,1
Machine Learning Eng.,Junior,1,HYBRID,1.05,1,1,0,5,3,2,0.6,3,1.2,9300.0,-0.2439,1,12300.0,1
Fullstack,Pleno,2,ONSITE,1.1,3,5,2,5,1,4,0.2,3,0.99,13900.0,-0.1032,1,15500.0,0
Machine Learning Eng.,Senior,3,HYBRID,1.05,9,12,3,5,2,3,0.4,2,1.2,23000.0,-0.2508,0,30700.0,1
DevOps / SRE,Pleno,2,ONSITE,1.1,4,7,3,5,2,3,0.4,2,1.12,12200.0,-0.337,1,18400.0,1
Data / Python,Junior,1,HYBRID,1.05,0,2,2,5,0,5,0.0,1,1.0,6800.0,-0.3874,1,11100.0,0
Data / Python,Junior,1,ONSITE,1.1,0,1,1,5,2,3,0.4,1,1.0,9700.0,-0.1261,0,11100.0,0
Machine Learning Eng.,Senior,3,HYBRID,1.05,12,10,-2,5,2,3,0.4,4,1.2,28500.0,0.0,1,28500.0,0
DevOps / SRE,Pleno,2,ONSITE,1.1,5,4,-1,5,0,5,0.0,2,1.12,12000.0,-0.4286,0,21000.0,0
DevOps / SRE,Pleno,2,ONSITE,1.1,4,5,1,5,4,1,0.8,4,1.12,19800.0,-0.0388,1,20600.0,1
Fullstack,Junior,1,REMOTE,1.0,1,0,-1,5,3,2,0.6,1,0.99,9400.0,-0.0505,1,9900.0,0
Machine Learning Eng.,Senior,3,REMOTE,1.0,9,7,-2,5,1,4,0.2,2,1.2,29100.0,0.0699,1,27200.0,0
Backend Node.js,Senior,3,ONSITE,1.1,7,8,1,5,0,5,0.0,4,0.99,20400.0,-0.0811,0,22200.0,0
DevOps / SRE,Pleno,2,HYBRID,1.05,3,6,3,5,2,3,0.4,3,1.12,17000.0,-0.023,1,17400.0,1
Frontend React,Pleno,2,REMOTE,1.0,5,5,0,5,4,1,0.8,4,0.97,14800.0,0.0803,1,13700.0,1
Fullstack,Junior,1,REMOTE,1.0,2,2,0,5,2,3,0.4,1,0.99,10700.0,0.0,1,10700.0,0
DevOps / SRE,Senior,3,ONSITE,1.1,7,8,1,5,5,0,1.0,1,1.12,30200.0,0.0307,1,29300.0,1
Frontend React,Pleno,2,HYBRID,1.05,5,4,-1,5,1,4,0.2,0,0.97,10500.0,-0.2606,1,14200.0,0
Data / Python,Senior,3,REMOTE,1.0,12,13,1,5,5,0,1.0,4,1.0,17700.0,-0.1611,1,21100.0,1
DevOps / SRE,Senior,3,REMOTE,1.0,10,10,0,5,1,4,0.2,2,1.12,25000.0,-0.0602,1,26600.0,0
Backend Node.js,Senior,3,HYBRID,1.05,6,9,3,5,2,3,0.4,2,0.99,25400.0,0.1814,1,21500.0,1
DevOps / SRE,Pleno,2,ONSITE,1.1,3,4,1,5,3,2,0.6,0,1.12,10500.0,-0.4415,1,18800.0,0
Fullstack,Senior,3,HYBRID,1.05,12,10,-2,5,2,3,0.4,0,0.99,13000.0,-0.3689,0,20600.0,0
Machine Learning Eng.,Senior,3,HYBRID,1.05,6,3,-3,5,1,4,0.2,0,1.2,25500.0,-0.0192,1,26000.0,0
Machine Learning Eng.,Junior,1,ONSITE,1.1,0,0,0,5,3,2,0.6,3,1.2,13000.0,-0.0909,1,14300.0,1
Fullstack,Pleno,2,HYBRID,1.05,3,2,-1,5,4,1,0.8,1,0.99,14200.0,-0.1497,1,16700.0,1
Machine Learning Eng.,Pleno,2,REMOTE,1.0,3,6,3,5,4,1,0.8,4,1.2,19600.0,-0.0101,1,19800.0,1
Data / Python,Junior,1,ONSITE,1.1,2,5,3,5,1,4,0.2,4,1.0,9900.0,-0.1316,1,11400.0,1
DevOps / SRE,Junior,1,HYBRID,1.05,2,2,0,5,1,4,0.2,0,1.12,15200.0,0.1603,1,13100.0,0
Backend Node.js,Senior,3,HYBRID,1.05,8,7,-1,5,4,1,0.8,2,0.99,21100.0,0.0343,1,20400.0,1
Data / Python,Junior,1,HYBRID,1.05,2,0,-2,5,0,5,0.0,2,1.0,4800.0,-0.5152,1,9900.0,0
Machine Learning Eng.,Senior,3,REMOTE,1.0,12,11,-1,5,1,4,0.2,0,1.2,30600.0,0.0813,1,28300.0,0
Frontend React,Pleno,2,HYBRID,1.05,5,4,-1,5,1,4,0.2,1,0.97,11800.0,-0.1862,1,14500.0,0
Fullstack,Junior,1,REMOTE,1.0,1,3,2,5,1,4,0.2,1,0.99,7100.0,-0.2755,1,9800.0,1
Backend Node.js,Senior,3,HYBRID,1.05,11,14,3,5,0,5,0.0,4,0.99,13300.0,-0.3756,0,21300.0,0
Fullstack,Senior,3,HYBRID,1.05,9,11,2,5,0,5,0.0,2,0.99,20500.0,-0.0807,1,22300.0,0
DevOps / SRE,Junior,1,HYBRID,1.05,2,4,2,5,1,4,0.2,0,1.12,10700.0,-0.0932,1,11800.0,0
Machine Learning Eng.,Junior,1,ONSITE,1.1,0,0,0,5,2,3,0.4,1,1.2,14200.0,0.0216,1,13900.0,0
Backend Node.js,Pleno,2,HYBRID,1.05,5,7,2,5,5,0,1.0,3,0.99,14300.0,-0.0272,1,14700.0,1
Fullstack,Senior,3,REMOTE,1.0,11,13,2,5,2,3,0.4,2,0.99,12600.0,-0.3604,1,19700.0,1
Fullstack,Senior,3,ONSITE,1.1,11,10,-1,5,3,2,0.6,4,0.99,26200.0,0.0397,1,25200.0,1
Data / Python,Pleno,2,HYBRID,1.05,5,8,3,5,1,4,0.2,4,1.0,18500.0,0.0882,1,17000.0,0
Backend Node.js,Pleno,2,REMOTE,1.0,4,6,2,5,0,5,0.0,0,0.99,12000.0,-0.1429,1,14000.0,0
Frontend React,Senior,3,ONSITE,1.1,7,5,-2,5,5,0,1.0,2,0.97,19300.0,0.0052,1,19200.0,1
Backend Node.js,Senior,3,REMOTE,1.0,12,13,1,5,2,3,0.4,1,0.99,22400.0,0.12,1,20000.0,0
Machine Learning Eng.,Junior,1,HYBRID,1.05,0,0,0,5,2,3,0.4,1,1.2,12500.0,0.0081,1,12400.0,0
Frontend React,Pleno,2,REMOTE,1.0,4,7,3,5,4,1,0.8,3,0.97,14200.0,0.1736,1,12100.0,1
DevOps / SRE,Senior,3,REMOTE,1.0,8,6,-2,5,4,1,0.8,4,1.12,24300.0,0.0385,1,23400.0,1
Backend Node.js,Pleno,2,HYBRID,1.05,3,5,2,5,2,3,0.4,4,0.99,14300.0,-0.0467,1,15000.0,1
Data / Python,Pleno,2,HYBRID,1.05,5,6,1,5,5,0,1.0,0,1.0,17000.0,-0.0449,1,17800.0,1
Machine Learning Eng.,Senior,3,ONSITE,1.1,9,12,3,5,4,1,0.8,4,1.2,31800.0,0.06,1,30000.0,1
Fullstack,Pleno,2,ONSITE,1.1,5,6,1,5,2,3,0.4,0,0.99,17300.0,-0.0699,0,18600.0,0
Fullstack,Pleno,2,ONSITE,1.1,4,1,-3,5,3,2,0.6,0,0.99,17600.0,0.0539,0,16700.0,0
DevOps / SRE,Pleno,2,REMOTE,1.0,4,3,-1,5,1,4,0.2,3,1.12,12400.0,-0.2393,0,16300.0,0
Machine Learning Eng.,Junior,1,REMOTE,1.0,0,1,1,5,1,4,0.2,3,1.2,15300.0,0.1168,1,13700.0,0
DevOps / SRE,Junior,1,HYBRID,1.05,2,4,2,5,0,5,0.0,4,1.12,9200.0,-0.2397,0,12100.0,0
Machine Learning Eng.,Pleno,2,HYBRID,1.05,5,8,3,5,4,1,0.8,3,1.2,15200.0,-0.1915,1,18800.0,1
Fullstack,Pleno,2,REMOTE,1.0,3,5,2,5,0,5,0.0,3,0.99,13600.0,-0.1338,1,15700.0,0
Frontend React,Junior,1,ONSITE,1.1,1,4,3,5,0,5,0.0,1,0.97,6700.0,-0.2796,1,9300.0,0
Frontend React,Pleno,2,HYBRID,1.05,5,2,-3,5,1,4,0.2,1,0.97,14000.0,0.0294,1,13600.0,0
Fullstack,Pleno,2,HYBRID,1.05,4,1,-3,5,1,4,0.2,3,0.99,16400.0,0.1631,1,14100.0,0
Backend Node.js,Junior,1,ONSITE,1.1,2,1,-1,5,0,5,0.0,0,0.99,8100.0,-0.1383,0,9400.0,0
Backend Node.js,Pleno,2,ONSITE,1.1,4,7,3,5,2,3,0.4,2,0.99,14900.0,0.0,0,14900.0,1
Data / Python,Junior,1,REMOTE,1.0,1,1,0,5,5,0,1.0,1,1.0,11100.0,0.0278,1,10800.0,1
Fullstack,Junior,1,HYBRID,1.05,2,4,2,5,4,1,0.8,4,0.99,7100.0,-0.3302,1,10600.0,1
Backend Node.js,Junior,1,ONSITE,1.1,0,2,2,5,1,4,0.2,1,0.99,13100.0,0.1008,1,11900.0,0
Data / Python,Pleno,2,REMOTE,1.0,4,2,-2,5,1,4,0.2,4,1.0,14000.0,-0.1765,1,17000.0,0
DevOps / SRE,Pleno,2,ONSITE,1.1,3,1,-2,5,2,3,0.4,1,1.12,19200.0,-0.0254,1,19700.0,0
DevOps / SRE,Senior,3,ONSITE,1.1,9,9,0,5,2,3,0.4,4,1.12,30900.0,0.2165,1,25400.0,0
Backend Node.js,Junior,1,ONSITE,1.1,2,4,2,5,0,5,0.0,0,0.99,11400.0,0.2391,0,9200.0,0
Fullstack,Junior,1,REMOTE,1.0,0,0,0,5,4,1,0.8,2,0.99,10400.0,0.0722,0,9700.0,1
Machine Learning Eng.,Junior,1,HYBRID,1.05,1,0,-1,5,2,3,0.4,0,1.2,13300.0,0.0076,1,13200.0,0
Machine Learning Eng.,Junior,1,HYBRID,1.05,0,1,1,5,2,3,0.4,3,1.2,12600.0,0.0,0,12600.0,0
Fullstack,Senior,3,REMOTE,1.0,6,6,0,5,1,4,0.2,4,0.99,16100.0,-0.2108,1,20400.0,0
Fullstack,Junior,1,ONSITE,1.1,2,0,-2,5,4,1,0.8,4,0.99,10500.0,-0.1026,1,11700.0,1
Fullstack,Senior,3,HYBRID,1.05,7,6,-1,5,1,4,0.2,4,0.99,32200.0,0.2778,1,25200.0,0
DevOps / SRE,Junior,1,ONSITE,1.1,2,5,3,5,2,3,0.4,0,1.12,9700.0,-0.224,1,12500.0,1
DevOps / SRE,Senior,3,ONSITE,1.1,12,9,-3,5,5,0,1.0,0,1.12,24600.0,-0.1338,0,28400.0,1
Fullstack,Junior,1,REMOTE,1.0,2,2,0,5,3,2,0.6,4,0.99,8500.0,-0.1584,1,10100.0,0
Fullstack,Junior,1,ONSITE,1.1,0,3,3,5,0,5,0.0,1,0.99,8600.0,-0.1887,1,10600.0,0
DevOps / SRE,Senior,3,ONSITE,1.1,8,11,3,5,3,2,0.6,4,1.12,25300.0,-0.0453,1,26500.0,1
Fullstack,Pleno,2,HYBRID,1.05,5,6,1,5,0,5,0.0,4,0.99,17600.0,-0.0112,1,17800.0,0
Fullstack,Pleno,2,HYBRID,1.05,3,2,-1,5,3,2,0.6,4,0.99,18300.0,0.0958,1,16700.0,1
Data / Python,Junior,1,HYBRID,1.05,1,3,2,5,0,5,0.0,3,1.0,10700.0,-0.1508,1,12600.0,0
Data / Python,Junior,1,REMOTE,1.0,0,0,0,5,2,3,0.4,3,1.0,11000.0,0.0185,1,10800.0,0
Fullstack,Pleno,2,ONSITE,1.1,3,6,3,5,0,5,0.0,0,0.99,16300.0,-0.0298,1,16800.0,0
Frontend React,Senior,3,HYBRID,1.05,8,11,3,5,1,4,0.2,4,0.97,15100.0,-0.0904,0,16600.0,1
Fullstack,Junior,1,REMOTE,1.0,1,2,1,5,5,0,1.0,3,0.99,8700.0,-0.0842,1,9500.0,1
Data / Python,Senior,3,HYBRID,1.05,12,15,3,5,0,5,0.0,4,1.0,25400.0,0.0367,1,24500.0,0
DevOps / SRE,Pleno,2,ONSITE,1.1,5,5,0,5,0,5,0.0,0,1.12,12100.0,-0.3632,1,19000.0,0
DevOps / SRE,Junior,1,ONSITE,1.1,2,1,-1,5,4,1,0.8,0,1.12,13300.0,0.2202,0,10900.0,0
Data / Python,Senior,3,HYBRID,1.05,12,10,-2,5,1,4,0.2,2,1.0,26000.0,0.0277,1,25300.0,0
Frontend React,Senior,3,ONSITE,1.1,7,10,3,5,0,5,0.0,4,0.97,20400.0,-0.0642,1,21800.0,0
Machine Learning Eng.,Pleno,2,REMOTE,1.0,4,6,2,5,2,3,0.4,4,1.2,21600.0,0.0093,0,21400.0,1
Fullstack,Senior,3,ONSITE,1.1,8,6,-2,5,0,5,0.0,3,0.99,31500.0,0.3404,1,23500.0,0
Data / Python,Pleno,2,REMOTE,1.0,5,5,0,5,2,3,0.4,2,1.0,14900.0,-0.1486,0,17500.0,0
Backend Node.js,Senior,3,HYBRID,1.05,8,7,-1,5,1,4,0.2,4,0.99,21100.0,0.099,1,19200.0,0
Data / Python,Junior,1,HYBRID,1.05,1,0,-1,5,2,3,0.4,2,1.0,11800.0,0.1132,0,10600.0,0
DevOps / SRE,Junior,1,HYBRID,1.05,1,0,-1,5,4,1,0.8,3,1.12,10800.0,-0.194,1,13400.0,1
Machine Learning Eng.,Junior,1,HYBRID,1.05,2,0,-2,5,2,3,0.4,4,1.2,15400.0,0.1667,1,13200.0,0
Backend Node.js,Senior,3,ONSITE,1.1,12,12,0,5,4,1,0.8,2,0.99,27800.0,0.2466,1,22300.0,1
Data / Python,Senior,3,REMOTE,1.0,12,15,3,5,1,4,0.2,4,1.0,18400.0,-0.0515,0,19400.0,0
Machine Learning Eng.,Pleno,2,HYBRID,1.05,4,2,-2,5,3,2,0.6,0,1.2,18500.0,-0.1274,1,21200.0,0
Fullstack,Pleno,2,ONSITE,1.1,5,5,0,5,0,5,0.0,0,0.99,19100.0,0.2089,1,15800.0,0
Fullstack,Junior,1,HYBRID,1.05,0,3,3,5,0,5,0.0,2,0.99,11700.0,0.0354,1,11300.0,0
Backend Node.js,Senior,3,HYBRID,1.05,8,5,-3,5,4,1,0.8,1,0.99,13200.0,-0.2787,1,18300.0,1
Fullstack,Pleno,2,ONSITE,1.1,5,2,-3,5,5,0,1.0,3,0.99,13300.0,-0.2486,1,17700.0,1
DevOps / SRE,Pleno,2,ONSITE,1.1,3,0,-3,5,4,1,0.8,0,1.12,19000.0,-0.064,1,20300.0,0
DevOps / SRE,Pleno,2,REMOTE,1.0,3,4,1,5,2,3,0.4,0,1.12,21400.0,0.1823,1,18100.0,0
Machine Learning Eng.,Senior,3,HYBRID,1.05,10,7,-3,5,2,3,0.4,3,1.2,19700.0,-0.2594,0,26600.0,0
Backend Node.js,Pleno,2,HYBRID,1.05,4,4,0,5,3,2,0.6,0,0.99,11400.0,-0.2028,1,14300.0,0
Machine Learning Eng.,Junior,1,REMOTE,1.0,1,2,1,5,4,1,0.8,1,1.2,13900.0,0.0221,1,13600.0,1
DevOps / SRE,Junior,1,HYBRID,1.05,2,4,2,5,0,5,0.0,4,1.12,12000.0,0.0811,1,11100.0,0
Machine Learning Eng.,Senior,3,ONSITE,1.1,12,15,3,5,4,1,0.8,1,1.2,34500.0,0.0883,0,31700.0,1
Frontend React,Pleno,2,ONSITE,1.1,4,3,-1,5,3,2,0.6,3,0.97,10600.0,-0.2319,1,13800.0,0
Frontend React,Pleno,2,ONSITE,1.1,4,6,2,5,1,4,0.2,3,0.97,13700.0,-0.0616,1,14600.0,0
Frontend React,Pleno,2,HYBRID,1.05,3,6,3,5,4,1,0.8,2,0.97,11600.0,-0.0938,1,12800.0,1
Frontend React,Pleno,2,ONSITE,1.1,4,4,0,5,0,5,0.0,3,0.97,12000.0,-0.2053,1,15100.0,0
Data / Python,Pleno,2,REMOTE,1.0,3,0,-3,5,5,0,1.0,0,1.0,10000.0,-0.3151,1,14600.0,1
Backend Node.js,Pleno,2,REMOTE,1.0,4,3,-1,5,1,4,0.2,4,0.99,13600.0,-0.049,1,14300.0,0
Backend Node.js,Pleno,2,HYBRID,1.05,4,7,3,5,3,2,0.6,1,0.99,18000.0,0.0405,1,17300.0,1
DevOps / SRE,Junior,1,HYBRID,1.05,0,0,0,5,5,0,1.0,1,1.12,9300.0,-0.2377,1,12200.0,1
Backend Node.js,Senior,3,HYBRID,1.05,6,9,3,5,4,1,0.8,3,0.99,19000.0,-0.0594,1,20200.0,1
DevOps / SRE,Junior,1,HYBRID,1.05,0,1,1,5,2,3,0.4,1,1.12,9200.0,-0.2756,1,12700.0,1
Fullstack,Senior,3,ONSITE,1.1,12,15,3,5,4,1,0.8,0,0.99,14200.0,-0.29,0,20000.0,1
DevOps / SRE,Junior,1,HYBRID,1.05,2,0,-2,5,3,2,0.6,4,1.12,13400.0,0.0388,1,12900.0,0
Fullstack,Pleno,2,HYBRID,1.05,3,5,2,5,3,2,0.6,0,0.99,13500.0,-0.1718,1,16300.0,1
Backend Node.js,Junior,1,HYBRID,1.05,2,0,-2,5,5,0,1.0,3,0.99,11700.0,0.1584,1,10100.0,1
Backend Node.js,Junior,1,ONSITE,1.1,1,3,2,5,4,1,0.8,0,0.99,14500.0,0.2832,1,11300.0,1
DevOps / SRE,Senior,3,ONSITE,1.1,9,11,2,5,0,5,0.0,3,1.12,20600.0,-0.1727,1,24900.0,0
Data / Python,Pleno,2,HYBRID,1.05,3,5,2,5,0,5,0.0,1,1.0,19300.0,0.1627,0,16600.0,0
Data / Python,Pleno,2,REMOTE,1.0,3,5,2,5,4,1,0.8,0,1.0,15900.0,-0.1017,0,17700.0,1
Fullstack,Pleno,2,HYBRID,1.05,5,3,-2,5,1,4,0.2,4,0.99,18000.0,0.0843,1,16600.0,0
Backend Node.js,Pleno,2,HYBRID,1.05,5,4,-1,5,2,3,0.4,0,0.99,17800.0,0.2993,1,13700.0,0
Machine Learning Eng.,Pleno,2,HYBRID,1.05,5,3,-2,5,0,5,0.0,1,1.2,24700.0,0.2049,0,20500.0,0
Data / Python,Junior,1,REMOTE,1.0,0,0,0,5,5,0,1.0,3,1.0,8400.0,-0.1923,1,10400.0,1
Data / Python,Senior,3,REMOTE,1.0,7,8,1,5,5,0,1.0,2,1.0,24500.0,-0.0121,1,24800.0,1
Machine Learning Eng.,Pleno,2,HYBRID,1.05,5,4,-1,5,0,5,0.0,4,1.2,19700.0,-0.136,1,22800.0,0
Frontend React,Junior,1,REMOTE,1.0,2,2,0,5,2,3,0.4,4,0.97,5500.0,-0.3293,0,8200.0,0
Fullstack,Junior,1,REMOTE,1.0,1,0,-1,5,3,2,0.6,3,0.99,9200.0,-0.0316,1,9500.0,0
Fullstack,Pleno,2,ONSITE,1.1,4,3,-1,5,3,2,0.6,4,0.99,20700.0,0.2176,1,17000.0,0
Data / Python,Junior,1,HYBRID,1.05,1,0,-1,5,1,4,0.2,4,1.0,8400.0,-0.2,0,10500.0,0
Machine Learning Eng.,Junior,1,HYBRID,1.05,2,0,-2,5,1,4,0.2,0,1.2,13300.0,-0.0221,1,13600.0,0
Data / Python,Pleno,2,REMOTE,1.0,4,6,2,5,2,3,0.4,3,1.0,14100.0,-0.1187,1,16000.0,1
Machine Learning Eng.,Senior,3,ONSITE,1.1,8,6,-2,5,2,3,0.4,2,1.2,27700.0,-0.1317,0,31900.0,0
Backend Node.js,Junior,1,HYBRID,1.05,2,4,2,5,0,5,0.0,1,0.99,9200.0,-0.0108,0,9300.0,0
Backend Node.js,Senior,3,HYBRID,1.05,6,8,2,5,3,2,0.6,1,0.99,20500.0,-0.0144,0,20800.0,1
Backend Node.js,Senior,3,REMOTE,1.0,8,7,-1,5,0,5,0.0,2,0.99,22200.0,0.1385,1,19500.0,0
Frontend React,Junior,1,ONSITE,1.1,0,0,0,5,0,5,0.0,2,0.97,6600.0,-0.2584,0,8900.0,0
Backend Node.js,Senior,3,HYBRID,1.05,6,4,-2,5,1,4,0.2,0,0.99,24900.0,0.2769,1,19500.0,0
DevOps / SRE,Senior,3,ONSITE,1.1,7,10,3,5,2,3,0.4,0,1.12,32500.0,0.1404,1,28500.0,0
DevOps / SRE,Senior,3,REMOTE,1.0,11,14,3,5,4,1,0.8,0,1.12,22600.0,0.0,1,22600.0,1
DevOps / SRE,Junior,1,HYBRID,1.05,0,0,0,5,1,4,0.2,3,1.12,11900.0,0.0721,1,11100.0,0
DevOps / SRE,Senior,3,ONSITE,1.1,9,6,-3,5,4,1,0.8,0,1.12,23500.0,-0.1637,1,28100.0,0
DevOps / SRE,Pleno,2,ONSITE,1.1,3,5,2,5,5,0,1.0,0,1.12,18000.0,-0.122,1,20500.0,1
Machine Learning Eng.,Junior,1,REMOTE,1.0,2,1,-1,5,4,1,0.8,3,1.2,10400.0,-0.1875,1,12800.0,1
Frontend React,Pleno,2,HYBRID,1.05,3,6,3,5,0,5,0.0,2,0.97,14200.0,0.0519,1,13500.0,0
DevOps / SRE,Senior,3,HYBRID,1.05,12,14,2,5,4,1,0.8,1,1.12,23900.0,-0.044,1,25000.0,1
DevOps / SRE,Pleno,2,REMOTE,1.0,4,4,0,5,4,1,0.8,1,1.12,20100.0,0.0749,1,18700.0,1
Machine Learning Eng.,Junior,1,HYBRID,1.05,0,0,0,5,0,5,0.0,1,1.2,11600.0,-0.0333,0,12000.0,0
Machine Learning Eng.,Senior,3,REMOTE,1.0,12,10,-2,5,3,2,0.6,4,1.2,23900.0,-0.1049,1,26700.0,1
Frontend React,Pleno,2,HYBRID,1.05,4,1,-3,5,0,5,0.0,0,0.97,11800.0,-0.1511,1,13900.0,0
Backend Node.js,Pleno,2,REMOTE,1.0,3,4,1,5,2,3,0.4,3,0.99,20400.0,0.351,1,15100.0,1
Frontend React,Senior,3,HYBRID,1.05,12,9,-3,5,0,5,0.0,0,0.97,12900.0,-0.2134,1,16400.0,0
Data / Python,Senior,3,REMOTE,1.0,6,3,-3,5,0,5,0.0,1,1.0,27300.0,0.1053,0,24700.0,0
Fullstack,Pleno,2,REMOTE,1.0,4,1,-3,5,1,4,0.2,4,0.99,12700.0,-0.2062,1,16000.0,0
Data / Python,Pleno,2,ONSITE,1.1,5,7,2,5,3,2,0.6,0,1.0,15700.0,-0.0599,1,16700.0,1
Frontend React,Junior,1,REMOTE,1.0,2,2,0,5,2,3,0.4,1,0.97,7800.0,-0.025,1,8000.0,0
Machine Learning Eng.,Pleno,2,ONSITE,1.1,5,5,0,5,1,4,0.2,3,1.2,19700.0,-0.1086,0,22100.0,0
Data / Python,Senior,3,HYBRID,1.05,8,8,0,5,3,2,0.6,1,1.0,18600.0,-0.1878,1,22900.0,1
DevOps / SRE,Senior,3,ONSITE,1.1,7,8,1,5,1,4,0.2,1,1.12,21000.0,-0.2953,1,29800.0,0
DevOps / SRE,Senior,3,HYBRID,1.05,8,5,-3,5,2,3,0.4,2,1.12,28200.0,0.0602,1,26600.0,0
Fullstack,Pleno,2,REMOTE,1.0,4,7,3,5,3,2,0.6,0,0.99,16300.0,0.0449,1,15600.0,1
DevOps / SRE,Senior,3,HYBRID,1.05,12,13,1,5,3,2,0.6,1,1.12,27900.0,0.1071,1,25200.0,0
Data / Python,Senior,3,REMOTE,1.0,11,11,0,5,0,5,0.0,3,1.0,21600.0,0.0909,0,19800.0,0
DevOps / SRE,Pleno,2,REMOTE,1.0,5,6,1,5,5,0,1.0,3,1.12,16400.0,-0.0409,1,17100.0,1
Frontend React,Junior,1,REMOTE,1.0,1,3,2,5,0,5,0.0,3,0.97,9300.0,0.2568,0,7400.0,0
Backend Node.js,Junior,1,REMOTE,1.0,1,4,3,5,2,3,0.4,0,0.99,9400.0,0.0217,0,9200.0,0
Data / Python,Junior,1,ONSITE,1.1,1,2,1,5,5,0,1.0,2,1.0,10800.0,-0.0092,1,10900.0,1
Data / Python,Pleno,2,ONSITE,1.1,3,4,1,5,0,5,0.0,3,1.0,15700.0,-0.0977,0,17400.0,0
Fullstack,Senior,3,HYBRID,1.05,9,12,3,5,0,5,0.0,0,0.99,18900.0,-0.1,0,21000.0,0
Backend Node.js,Junior,1,ONSITE,1.1,0,0,0,5,2,3,0.4,1,0.99,10700.0,-0.0531,0,11300.0,0
Frontend React,Junior,1,REMOTE,1.0,1,1,0,5,4,1,0.8,1,0.97,6600.0,-0.0959,0,7300.0,1
Machine Learning Eng.,Senior,3,HYBRID,1.05,8,8,0,5,2,3,0.4,4,1.2,29100.0,0.0778,0,27000.0,0
Machine Learning Eng.,Senior,3,REMOTE,1.0,11,13,2,5,5,0,1.0,3,1.2,26200.0,-0.0296,0,27000.0,1
Fullstack,Senior,3,HYBRID,1.05,9,11,2,5,0,5,0.0,4,0.99,16800.0,-0.2258,1,21700.0,0
DevOps / SRE,Senior,3,REMOTE,1.0,9,12,3,5,3,2,0.6,2,1.12,27200.0,-0.032,1,28100.0,1
Backend Node.js,Pleno,2,ONSITE,1.1,5,5,0,5,3,2,0.6,3,0.99,13300.0,-0.1192,1,15100.0,1
Frontend React,Senior,3,HYBRID,1.05,12,13,1,5,5,0,1.0,3,0.97,14400.0,-0.2044,1,18100.0,1
Machine Learning Eng.,Pleno,2,ONSITE,1.1,5,4,-1,5,3,2,0.6,2,1.2,28500.0,0.3194,1,21600.0,0
Frontend React,Pleno,2,HYBRID,1.05,5,8,3,5,3,2,0.6,3,0.97,12800.0,0.0579,1,12100.0,1
Frontend React,Pleno,2,HYBRID,1.05,5,7,2,5,3,2,0.6,4,0.97,15000.0,0.145,0,13100.0,1
Data / Python,Junior,1,ONSITE,1.1,2,2,0,5,0,5,0.0,4,1.0,9400.0,-0.1048,1,10500.0,0
Frontend React,Junior,1,ONSITE,1.1,2,3,1,5,0,5,0.0,3,0.97,9000.0,-0.0909,0,9900.0,0
Fullstack,Senior,3,ONSITE,1.1,11,11,0,5,2,3,0.4,1,0.99,19500.0,-0.2383,0,25600.0,0
Fullstack,Junior,1,HYBRID,1.05,0,0,0,5,5,0,1.0,4,0.99,8600.0,-0.181,1,10500.0,1
Machine Learning Eng.,Junior,1,REMOTE,1.0,1,2,1,5,2,3,0.4,2,1.2,13000.0,-0.0714,1,14000.0,0
Frontend React,Pleno,2,REMOTE,1.0,4,5,1,5,1,4,0.2,2,0.97,11900.0,-0.1119,1,13400.0,0
Frontend React,Senior,3,HYBRID,1.05,8,9,1,5,1,4,0.2,4,0.97,15600.0,-0.1658,1,18700.0,0
DevOps / SRE,Pleno,2,HYBRID,1.05,5,7,2,5,1,4,0.2,2,1.12,11500.0,-0.3539,0,17800.0,0
DevOps / SRE,Junior,1,REMOTE,1.0,2,1,-1,5,3,2,0.6,1,1.12,11000.0,-0.0833,1,12000.0,1
Fullstack,Junior,1,REMOTE,1.0,2,0,-2,5,3,2,0.6,2,0.99,9400.0,-0.06,1,10000.0,0
Data / Python,Senior,3,ONSITE,1.1,9,7,-2,5,2,3,0.4,1,1.0,24700.0,-0.0352,1,25600.0,0
Data / Python,Pleno,2,HYBRID,1.05,5,8,3,5,0,5,0.0,1,1.0,16200.0,-0.0581,1,17200.0,0
Fullstack,Junior,1,ONSITE,1.1,0,0,0,5,0,5,0.0,0,0.99,10600.0,-0.152,1,12500.0,0
Fullstack,Junior,1,HYBRID,1.05,1,2,1,5,3,2,0.6,1,0.99,11200.0,0.2174,1,9200.0,1
Data / Python,Pleno,2,REMOTE,1.0,3,6,3,5,2,3,0.4,3,1.0,9600.0,-0.3806,1,15500.0,1
DevOps / SRE,Junior,1,REMOTE,1.0,0,0,0,5,1,4,0.2,4,1.12,8900.0,-0.2124,0,11300.0,0
Data / Python,Senior,3,ONSITE,1.1,10,8,-2,5,5,0,1.0,2,1.0,21100.0,-0.0826,0,23000.0,1
DevOps / SRE,Senior,3,ONSITE,1.1,11,9,-2,5,4,1,0.8,4,1.12,17000.0,-0.3145,1,24800.0,1
Data / Python,Senior,3,REMOTE,1.0,12,14,2,5,1,4,0.2,3,1.0,26600.0,0.0813,1,24600.0,0
Frontend React,Senior,3,REMOTE,1.0,9,7,-2,5,0,5,0.0,1,0.97,16000.0,-0.0476,1,16800.0,0
Data / Python,Junior,1,HYBRID,1.05,2,3,1,5,0,5,0.0,3,1.0,6200.0,-0.3608,1,9700.0,0
Frontend React,Junior,1,REMOTE,1.0,2,1,-1,5,0,5,0.0,2,0.97,9400.0,0.3056,1,7200.0,0
Frontend React,Senior,3,HYBRID,1.05,11,12,1,5,1,4,0.2,1,0.97,15600.0,-0.1333,0,18000.0,0
DevOps / SRE,Senior,3,ONSITE,1.1,9,11,2,5,2,3,0.4,4,1.12,19500.0,-0.3981,1,32400.0,1
Machine Learning Eng.,Senior,3,REMOTE,1.0,8,9,1,5,4,1,0.8,3,1.2,21700.0,-0.1903,1,26800.0,1
Fullstack,Junior,1,HYBRID,1.05,0,0,0,5,3,2,0.6,0,0.99,9700.0,-0.0396,1,10100.0,0
DevOps / SRE,Junior,1,REMOTE,1.0,0,3,3,5,2,3,0.4,3,1.12,13300.0,0.1176,1,11900.0,1
Data / Python,Pleno,2,REMOTE,1.0,3,2,-1,5,1,4,0.2,4,1.0,13700.0,-0.1845,1,16800.0,1
DevOps / SRE,Senior,3,HYBRID,1.05,8,6,-2,5,3,2,0.6,1,1.12,16800.0,-0.336,0,25300.0,0
DevOps / SRE,Pleno,2,HYBRID,1.05,4,5,1,5,3,2,0.6,3,1.12,16500.0,-0.0984,0,18300.0,1
Frontend React,Senior,3,HYBRID,1.05,12,9,-3,5,0,5,0.0,3,0.97,16600.0,-0.0879,0,18200.0,0
Data / Python,Pleno,2,REMOTE,1.0,3,6,3,5,1,4,0.2,1,1.0,16000.0,-0.0588,1,17000.0,0
Frontend React,Pleno,2,REMOTE,1.0,5,7,2,5,2,3,0.4,2,0.97,14300.0,0.0515,1,13600.0,0
Backend Node.js,Pleno,2,REMOTE,1.0,3,5,2,5,3,2,0.6,1,0.99,16700.0,0.1929,1,14000.0,0
Machine Learning Eng.,Pleno,2,REMOTE,1.0,4,1,-3,5,0,5,0.0,0,1.2,19000.0,-0.1364,0,22000.0,0
Frontend React,Senior,3,HYBRID,1.05,12,10,-2,5,3,2,0.6,2,0.97,16600.0,-0.1075,1,18600.0,0
Fullstack,Pleno,2,ONSITE,1.1,5,3,-2,5,4,1,0.8,2,0.99,12100.0,-0.1037,0,13500.0,1
Backend Node.js,Pleno,2,ONSITE,1.1,4,6,2,5,2,3,0.4,3,0.99,13200.0,-0.102,1,14700.0,1
Machine Learning Eng.,Pleno,2,HYBRID,1.05,4,5,1,5,2,3,0.4,1,1.2,19800.0,-0.01,1,20000.0,0
Machine Learning Eng.,Pleno,2,ONSITE,1.1,3,3,0,5,1,4,0.2,1,1.2,21400.0,0.0542,1,20300.0,0
DevOps / SRE,Pleno,2,HYBRID,1.05,5,6,1,5,4,1,0.8,1,1.12,27000.0,0.4439,1,18700.0,1
Data / Python,Junior,1,REMOTE,1.0,2,5,3,5,4,1,0.8,4,1.0,8200.0,-0.1277,1,9400.0,1
DevOps / SRE,Senior,3,ONSITE,1.1,11,9,-2,5,0,5,0.0,2,1.12,31300.0,0.0262,1,30500.0,0
Data / Python,Pleno,2,HYBRID,1.05,3,1,-2,5,0,5,0.0,4,1.0,11500.0,-0.2675,1,15700.0,0
Machine Learning Eng.,Pleno,2,REMOTE,1.0,3,0,-3,5,3,2,0.6,2,1.2,20900.0,0.1742,1,17800.0,0
Fullstack,Pleno,2,HYBRID,1.05,5,4,-1,5,3,2,0.6,0,0.99,11800.0,-0.2387,1,15500.0,0
Backend Node.js,Senior,3,ONSITE,1.1,9,7,-2,5,3,2,0.6,0,0.99,18600.0,-0.0927,1,20500.0,1
Fullstack,Pleno,2,REMOTE,1.0,3,5,2,5,1,4,0.2,4,0.99,19400.0,0.3857,1,14000.0,0
Backend Node.js,Pleno,2,REMOTE,1.0,5,3,-2,5,1,4,0.2,1,0.99,14000.0,0.0219,0,13700.0,0
Frontend React,Pleno,2,HYBRID,1.05,3,1,-2,5,4,1,0.8,4,0.97,10300.0,-0.2426,0,13600.0,1
Machine Learning Eng.,Senior,3,HYBRID,1.05,9,8,-1,5,3,2,0.6,0,1.2,28100.0,-0.0277,1,28900.0,0
DevOps / SRE,Junior,1,ONSITE,1.1,2,5,3,5,0,5,0.0,4,1.12,11900.0,-0.063,1,12700.0,0
Frontend React,Senior,3,HYBRID,1.05,9,8,-1,5,1,4,0.2,1,0.97,10800.0,-0.4098,0,18300.0,0
Frontend React,Junior,1,HYBRID,1.05,1,0,-1,5,2,3,0.4,1,0.97,8700.0,-0.0938,0,9600.0,0
Data / Python,Senior,3,ONSITE,1.1,10,7,-3,5,0,5,0.0,1,1.0,22600.0,-0.0088,1,22800.0,0
Fullstack,Senior,3,REMOTE,1.0,12,10,-2,5,2,3,0.4,4,0.99,21500.0,0.0094,1,21300.0,0
Frontend React,Pleno,2,REMOTE,1.0,3,1,-2,5,1,4,0.2,1,0.97,14500.0,0.1694,1,12400.0,0
Data / Python,Senior,3,HYBRID,1.05,8,9,1,5,0,5,0.0,0,1.0,25200.0,0.13,0,22300.0,0
Machine Learning Eng.,Pleno,2,REMOTE,1.0,3,1,-2,5,1,4,0.2,2,1.2,25100.0,0.2067,0,20800.0,0
DevOps / SRE,Pleno,2,HYBRID,1.05,4,1,-3,5,3,2,0.6,3,1.12,19900.0,-0.0197,1,20300.0,1
Fullstack,Pleno,2,ONSITE,1.1,5,8,3,5,4,1,0.8,4,0.99,12900.0,-0.2229,0,16600.0,1
Machine Learning Eng.,Pleno,2,HYBRID,1.05,5,7,2,5,2,3,0.4,2,1.2,15300.0,-0.1818,0,18700.0,1
Frontend React,Senior,3,REMOTE,1.0,10,7,-3,5,2,3,0.4,0,0.97,12200.0,-0.3107,0,17700.0,0
DevOps / SRE,Pleno,2,REMOTE,1.0,4,1,-3,5,3,2,0.6,1,1.12,15100.0,-0.1469,1,17700.0,0
Backend Node.js,Senior,3,HYBRID,1.05,7,6,-1,5,3,2,0.6,0,0.99,24800.0,0.1429,1,21700.0,0
Data / Python,Pleno,2,HYBRID,1.05,4,2,-2,5,1,4,0.2,1,1.0,8800.0,-0.4465,1,15900.0,0
DevOps / SRE,Pleno,2,HYBRID,1.05,4,2,-2,5,2,3,0.4,4,1.12,15100.0,-0.1221,1,17200.0,0
Machine Learning Eng.,Pleno,2,ONSITE,1.1,5,4,-1,5,3,2,0.6,3,1.2,18200.0,-0.1292,0,20900.0,1
Frontend React,Senior,3,REMOTE,1.0,6,3,-3,5,0,5,0.0,1,0.97,10400.0,-0.3697,1,16500.0,0
Data / Python,Junior,1,HYBRID,1.05,2,3,1,5,0,5,0.0,4,1.0,14600.0,0.2807,1,11400.0,0
Machine Learning Eng.,Senior,3,REMOTE,1.0,6,6,0,5,3,2,0.6,0,1.2,31300.0,0.0468,1,29900.0,0
Frontend React,Junior,1,REMOTE,1.0,1,0,-1,5,0,5,0.0,0,0.97,6600.0,-0.1646,1,7900.0,0
Machine Learning Eng.,Senior,3,REMOTE,1.0,9,10,1,5,4,1,0.8,3,1.2,21800.0,-0.1896,1,26900.0,1
Fullstack,Senior,3,REMOTE,1.0,10,8,-2,5,2,3,0.4,2,0.99,21200.0,-0.0742,0,22900.0,0
DevOps / SRE,Pleno,2,ONSITE,1.1,4,4,0,5,0,5,0.0,2,1.12,28400.0,0.3088,1,21700.0,0
DevOps / SRE,Junior,1,ONSITE,1.1,0,0,0,5,1,4,0.2,1,1.12,11100.0,-0.1527,1,13100.0,0
Backend Node.js,Senior,3,ONSITE,1.1,6,9,3,5,0,5,0.0,2,0.99,20300.0,0.0464,0,19400.0,0
Frontend React,Junior,1,ONSITE,1.1,1,3,2,5,4,1,0.8,0,0.97,6900.0,-0.1882,0,8500.0,1
Data / Python,Junior,1,HYBRID,1.05,1,3,2,5,5,0,1.0,3,1.0,9500.0,0.0215,1,9300.0,1
Backend Node.js,Senior,3,HYBRID,1.05,7,9,2,5,5,0,1.0,2,0.99,21900.0,0.0,1,21900.0,1
Data / Python,Pleno,2,ONSITE,1.1,3,6,3,5,1,4,0.2,0,1.0,18400.0,0.2026,1,15300.0,0
Frontend React,Pleno,2,HYBRID,1.05,3,0,-3,5,0,5,0.0,3,0.97,14000.0,0.0526,1,13300.0,0
DevOps / SRE,Pleno,2,HYBRID,1.05,4,5,1,5,5,0,1.0,0,1.12,14300.0,-0.2629,1,19400.0,1
Machine Learning Eng.,Junior,1,ONSITE,1.1,0,0,0,5,1,4,0.2,4,1.2,14200.0,0.0758,1,13200.0,0
Backend Node.js,Senior,3,REMOTE,1.0,10,11,1,5,5,0,1.0,0,0.99,15800.0,-0.202,0,19800.0,1
DevOps / SRE,Senior,3,HYBRID,1.05,11,8,-3,5,5,0,1.0,2,1.12,27500.0,0.0377,1,26500.0,1
DevOps / SRE,Junior,1,HYBRID,1.05,2,4,2,5,4,1,0.8,4,1.12,10300.0,-0.2137,1,13100.0,1
Frontend React,Junior,1,HYBRID,1.05,2,1,-1,5,5,0,1.0,0,0.97,9200.0,0.0222,0,9000.0,1
Fullstack,Senior,3,ONSITE,1.1,9,6,-3,5,1,4,0.2,2,0.99,23400.0,0.0935,1,21400.0,0
Data / Python,Senior,3,REMOTE,1.0,11,8,-3,5,3,2,0.6,3,1.0,16900.0,-0.2066,1,21300.0,0
Frontend React,Pleno,2,ONSITE,1.1,3,6,3,5,4,1,0.8,2,0.97,11500.0,-0.1544,1,13600.0,1
DevOps / SRE,Senior,3,HYBRID,1.05,7,8,1,5,2,3,0.4,0,1.12,25600.0,-0.0412,1,26700.0,0
Machine Learning Eng.,Senior,3,REMOTE,1.0,9,7,-2,5,1,4,0.2,3,1.2,21400.0,-0.1801,1,26100.0,0
Machine Learning Eng.,Pleno,2,REMOTE,1.0,3,5,2,5,1,4,0.2,1,1.2,19900.0,0.0529,1,18900.0,0
Data / Python,Junior,1,ONSITE,1.1,1,0,-1,5,4,1,0.8,1,1.0,11100.0,-0.0976,1,12300.0,1
Data / Python,Senior,3,HYBRID,1.05,8,8,0,5,2,3,0.4,4,1.0,23100.0,0.0221,1,22600.0,0
Data / Python,Junior,1,ONSITE,1.1,1,0,-1,5,0,5,0.0,1,1.0,8400.0,-0.1845,1,10300.0,0
Frontend React,Junior,1,ONSITE,1.1,0,0,0,5,5,0,1.0,1,0.97,8600.0,-0.0851,1,9400.0,1
Data / Python,Senior,3,REMOTE,1.0,9,9,0,5,3,2,0.6,4,1.0,19100.0,-0.0728,0,20600.0,0
Frontend React,Pleno,2,HYBRID,1.05,5,7,2,5,1,4,0.2,0,0.97,12300.0,-0.1214,1,14000.0,0
Machine Learning Eng.,Junior,1,ONSITE,1.1,2,1,-1,5,0,5,0.0,0,1.2,10600.0,-0.2429,1,14000.0,0
Backend Node.js,Senior,3,REMOTE,1.0,9,8,-1,5,4,1,0.8,3,0.99,23200.0,0.2275,0,18900.0,1
Fullstack,Pleno,2,HYBRID,1.05,5,6,1,5,5,0,1.0,1,0.99,12500.0,-0.2038,1,15700.0,1
Fullstack,Senior,3,ONSITE,1.1,11,11,0,5,5,0,1.0,4,0.99,24300.0,-0.0202,1,24800.0,1
Data / Python,Pleno,2,HYBRID,1.05,4,3,-1,5,0,5,0.0,3,1.0,14700.0,-0.02,1,15000.0,0
Data / Python,Junior,1,HYBRID,1.05,0,2,2,5,5,0,1.0,0,1.0,9600.0,-0.0303,1,9900.0,1
Machine Learning Eng.,Junior,1,ONSITE,1.1,1,4,3,5,0,5,0.0,3,1.2,9800.0,-0.295,1,13900.0,0
Fullstack,Pleno,2,ONSITE,1.1,5,2,-3,5,1,4,0.2,4,0.99,16500.0,0.0185,0,16200.0,0
Backend Node.js,Pleno,2,ONSITE,1.1,4,4,0,5,3,2,0.6,1,0.99,16100.0,0.0063,0,16000.0,1
Data / Python,Senior,3,HYBRID,1.05,9,11,2,5,0,5,0.0,3,1.0,20800.0,-0.144,0,24300.0,0
DevOps / SRE,Senior,3,HYBRID,1.05,6,4,-2,5,0,5,0.0,3,1.12,22500.0,-0.1636,1,26900.0,0
Data / Python,Junior,1,HYBRID,1.05,0,0,0,5,1,4,0.2,2,1.0,9500.0,-0.2276,1,12300.0,0
Machine Learning Eng.,Pleno,2,HYBRID,1.05,5,2,-3,5,5,0,1.0,3,1.2,17200.0,-0.177,0,20900.0,1
Backend Node.js,Senior,3,HYBRID,1.05,11,11,0,5,3,2,0.6,2,0.99,20600.0,-0.0329,1,21300.0,1
Fullstack,Pleno,2,ONSITE,1.1,5,3,-2,5,3,2,0.6,2,0.99,13400.0,-0.0759,1,14500.0,1
DevOps / SRE,Junior,1,REMOTE,1.0,1,1,0,5,5,0,1.0,1,1.12,11100.0,-0.0513,1,11700.0,1
Machine Learning Eng.,Pleno,2,HYBRID,1.05,3,5,2,5,5,0,1.0,2,1.2,20500.0,-0.0465,1,21500.0,1
Fullstack,Senior,3,ONSITE,1.1,8,6,-2,5,5,0,1.0,2,0.99,22000.0,0.0138,1,21700.0,1
Backend Node.js,Senior,3,HYBRID,1.05,8,9,1,5,5,0,1.0,0,0.99,19400.0,-0.03,1,20000.0,1
Fullstack,Junior,1,ONSITE,1.1,2,0,-2,5,5,0,1.0,1,0.99,10300.0,0.03,0,10000.0,1
Machine Learning Eng.,Junior,1,ONSITE,1.1,1,1,0,5,1,4,0.2,4,1.2,14700.0,0.097,1,13400.0,0
Frontend React,Junior,1,ONSITE,1.1,1,3,2,5,4,1,0.8,0,0.97,11700.0,0.2316,1,9500.0,1
Machine Learning Eng.,Junior,1,HYBRID,1.05,1,3,2,5,4,1,0.8,0,1.2,15100.0,0.0863,1,13900.0,1
Frontend React,Pleno,2,REMOTE,1.0,4,5,1,5,3,2,0.6,1,0.97,12700.0,-0.0305,1,13100.0,1
Fullstack,Junior,1,HYBRID,1.05,0,0,0,5,5,0,1.0,0,0.99,10700.0,-0.0614,1,11400.0,1
Backend Node.js,Junior,1,ONSITE,1.1,1,2,1,5,3,2,0.6,2,0.99,6400.0,-0.3333,1,9600.0,1
Machine Learning Eng.,Pleno,2,HYBRID,1.05,3,0,-3,5,4,1,0.8,2,1.2,17700.0,0.1062,1,16000.0,1
Frontend React,Senior,3,HYBRID,1.05,11,12,1,5,4,1,0.8,2,0.97,15500.0,-0.1292,1,17800.0,1
Backend Node.js,Pleno,2,REMOTE,1.0,5,3,-2,5,2,3,0.4,3,0.99,14100.0,0.0522,1,13400.0,1
Data / Python,Senior,3,HYBRID,1.05,7,7,0,5,5,0,1.0,3,1.0,24200.0,-0.0242,1,24800.0,1
Frontend React,Pleno,2,REMOTE,1.0,3,4,1,5,1,4,0.2,2,0.97,11700.0,-0.0331,1,12100.0,0
Data / Python,Pleno,2,REMOTE,1.0,3,5,2,5,2,3,0.4,2,1.0,16900.0,0.1497,1,14700.0,1
DevOps / SRE,Junior,1,ONSITE,1.1,2,4,2,5,3,2,0.6,1,1.12,14200.0,0.0923,1,13000.0,0
DevOps / SRE,Pleno,2,HYBRID,1.05,3,6,3,5,3,2,0.6,0,1.12,20100.0,0.0255,0,19600.0,1
Frontend React,Junior,1,REMOTE,1.0,0,2,2,5,4,1,0.8,0,0.97,7300.0,-0.2151,0,9300.0,1
Backend Node.js,Pleno,2,ONSITE,1.1,3,0,-3,5,2,3,0.4,0,0.99,13900.0,-0.0795,0,15100.0,0
DevOps / SRE,Pleno,2,REMOTE,1.0,5,6,1,5,4,1,0.8,3,1.12,16600.0,-0.0726,1,17900.0,1
Backend Node.js,Junior,1,ONSITE,1.1,0,3,3,5,4,1,0.8,2,0.99,10900.0,0.0381,1,10500.0,1
DevOps / SRE,Junior,1,ONSITE,1.1,1,4,3,5,3,2,0.6,1,1.12,13600.0,0.0074,1,13500.0,1
Frontend React,Pleno,2,ONSITE,1.1,4,2,-2,5,5,0,1.0,1,0.97,13600.0,-0.1111,1,15300.0,1
Fullstack,Senior,3,HYBRID,1.05,7,10,3,5,5,0,1.0,1,0.99,19100.0,-0.0402,0,19900.0,1
Machine Learning Eng.,Pleno,2,HYBRID,1.05,5,3,-2,5,0,5,0.0,2,1.2,8300.0,-0.6103,1,21300.0,0
Data / Python,Senior,3,REMOTE,1.0,12,15,3,5,2,3,0.4,2,1.0,20000.0,-0.1266,1,22900.0,1
Fullstack,Junior,1,ONSITE,1.1,1,0,-1,5,1,4,0.2,4,0.99,14900.0,0.307,0,11400.0,0
DevOps / SRE,Senior,3,HYBRID,1.05,12,13,1,5,1,4,0.2,2,1.12,24900.0,-0.0197,1,25400.0,0
Data / Python,Pleno,2,REMOTE,1.0,4,7,3,5,2,3,0.4,3,1.0,12300.0,-0.1575,0,14600.0,1
Frontend React,Senior,3,HYBRID,1.05,11,14,3,5,3,2,0.6,4,0.97,16600.0,-0.1942,1,20600.0,1
DevOps / SRE,Junior,1,HYBRID,1.05,0,0,0,5,1,4,0.2,3,1.12,10200.0,-0.2273,1,13200.0,0
Frontend React,Junior,1,HYBRID,1.05,0,0,0,5,3,2,0.6,4,0.97,8500.0,-0.086,0,9300.0,0
Frontend React,Pleno,2,HYBRID,1.05,3,2,-1,5,4,1,0.8,3,0.97,13100.0,0.0738,1,12200.0,1
DevOps / SRE,Pleno,2,REMOTE,1.0,4,1,-3,5,1,4,0.2,2,1.12,12900.0,-0.2629,0,17500.0,0
DevOps / SRE,Pleno,2,REMOTE,1.0,3,1,-2,5,5,0,1.0,3,1.12,14600.0,-0.1609,1,17400.0,1
Fullstack,Pleno,2,ONSITE,1.1,5,2,-3,5,3,2,0.6,2,0.99,13800.0,-0.25,1,18400.0,0
Machine Learning Eng.,Senior,3,ONSITE,1.1,9,8,-1,5,2,3,0.4,4,1.2,31200.0,-0.037,1,32400.0,0
Data / Python,Junior,1,ONSITE,1.1,1,0,-1,5,2,3,0.4,0,1.0,9800.0,-0.1901,1,12100.0,0
Backend Node.js,Junior,1,REMOTE,1.0,1,1,0,5,1,4,0.2,0,0.99,9100.0,0.0,1,9100.0,0
Data / Python,Junior,1,HYBRID,1.05,0,2,2,5,2,3,0.4,1,1.0,10000.0,0.0101,0,9900.0,1
Fullstack,Senior,3,HYBRID,1.05,8,9,1,5,3,2,0.6,2,0.99,16000.0,-0.3496,1,24600.0,1
DevOps / SRE,Senior,3,ONSITE,1.1,7,5,-2,5,1,4,0.2,4,1.12,34600.0,0.291,1,26800.0,0
DevOps / SRE,Junior,1,HYBRID,1.05,1,4,3,5,1,4,0.2,2,1.12,8100.0,-0.3817,1,13100.0,1
DevOps / SRE,Pleno,2,REMOTE,1.0,3,3,0,5,2,3,0.4,2,1.12,18600.0,-0.0053,0,18700.0,0
Frontend React,Pleno,2,ONSITE,1.1,5,2,-3,5,2,3,0.4,2,0.97,9100.0,-0.3053,1,13100.0,0
Fullstack,Junior,1,REMOTE,1.0,1,2,1,5,4,1,0.8,1,0.99,6300.0,-0.3571,0,9800.0,1
Backend Node.js,Senior,3,ONSITE,1.1,7,6,-1,5,1,4,0.2,4,0.99,14700.0,-0.3288,0,21900.0,0
Machine Learning Eng.,Junior,1,REMOTE,1.0,0,0,0,5,5,0,1.0,2,1.2,12200.0,-0.1029,1,13600.0,1
DevOps / SRE,Junior,1,HYBRID,1.05,1,0,-1,5,4,1,0.8,3,1.12,7400.0,-0.3084,0,10700.0,1
DevOps / SRE,Junior,1,REMOTE,1.0,0,0,0,5,2,3,0.4,0,1.12,8700.0,-0.1944,0,10800.0,0
Machine Learning Eng.,Senior,3,ONSITE,1.1,6,3,-3,5,3,2,0.6,0,1.2,28200.0,0.1605,1,24300.0,0
Frontend React,Junior,1,REMOTE,1.0,1,0,-1,5,1,4,0.2,0,0.97,4900.0,-0.3467,0,7500.0,0
Data / Python,Pleno,2,HYBRID,1.05,4,3,-1,5,3,2,0.6,4,1.0,11300.0,-0.2365,1,14800.0,1
Data / Python,Junior,1,REMOTE,1.0,2,0,-2,5,1,4,0.2,3,1.0,10600.0,-0.0536,1,11200.0,0
DevOps / SRE,Pleno,2,REMOTE,1.0,4,1,-3,5,2,3,0.4,1,1.12,14900.0,-0.1024,0,16600.0,0
Fullstack,Pleno,2,ONSITE,1.1,3,0,-3,5,0,5,0.0,3,0.99,23300.0,0.2944,1,18000.0,0
Data / Python,Senior,3,REMOTE,1.0,11,10,-1,5,3,2,0.6,2,1.0,21800.0,-0.0311,1,22500.0,1
Machine Learning Eng.,Junior,1,ONSITE,1.1,0,0,0,5,0,5,0.0,4,1.2,17200.0,0.313,0,13100.0,0
DevOps / SRE,Pleno,2,HYBRID,1.05,3,0,-3,5,2,3,0.4,2,1.12,15200.0,-0.2205,1,19500.0,0
Frontend React,Pleno,2,HYBRID,1.05,5,4,-1,5,0,5,0.0,0,0.97,15000.0,0.1111,0,13500.0,0
Machine Learning Eng.,Junior,1,REMOTE,1.0,1,0,-1,5,2,3,0.4,0,1.2,13100.0,0.0565,1,12400.0,0
Backend Node.js,Senior,3,REMOTE,1.0,8,11,3,5,1,4,0.2,2,0.99,18400.0,-0.066,1,19700.0,1
DevOps / SRE,Senior,3,REMOTE,1.0,11,11,0,5,2,3,0.4,4,1.12,24100.0,-0.0474,1,25300.0,0
Fullstack,Senior,3,HYBRID,1.05,8,7,-1,5,1,4,0.2,2,0.99,20700.0,-0.0841,1,22600.0,0
Backend Node.js,Senior,3,ONSITE,1.1,8,11,3,5,5,0,1.0,4,0.99,20200.0,-0.0648,0,21600.0,1
Data / Python,Senior,3,REMOTE,1.0,11,9,-2,5,4,1,0.8,4,1.0,26400.0,0.2394,0,21300.0,0
Data / Python,Junior,1,HYBRID,1.05,1,3,2,5,3,2,0.6,4,1.0,8800.0,-0.1287,0,10100.0,1
Machine Learning Eng.,Junior,1,REMOTE,1.0,2,4,2,5,0,5,0.0,3,1.2,11400.0,-0.1739,1,13800.0,0
Fullstack,Junior,1,HYBRID,1.05,2,1,-1,5,1,4,0.2,1,0.99,8900.0,-0.0532,1,9400.0,0
Frontend React,Junior,1,HYBRID,1.05,1,0,-1,5,0,5,0.0,0,0.97,10800.0,0.2,1,9000.0,0
Data / Python,Senior,3,REMOTE,1.0,8,8,0,5,3,2,0.6,3,1.0,14400.0,-0.3455,0,22000.0,1
Machine Learning Eng.,Junior,1,REMOTE,1.0,1,2,1,5,1,4,0.2,1,1.2,9700.0,-0.1491,0,11400.0,0
Data / Python,Pleno,2,REMOTE,1.0,5,7,2,5,4,1,0.8,3,1.0,17900.0,0.0229,1,17500.0,1
Frontend React,Senior,3,HYBRID,1.05,9,8,-1,5,4,1,0.8,3,0.97,16200.0,-0.1606,1,19300.0,1
Data / Python,Junior,1,ONSITE,1.1,2,4,2,5,2,3,0.4,1,1.0,12400.0,0.0973,1,11300.0,0
Frontend React,Senior,3,REMOTE,1.0,11,11,0,5,0,5,0.0,3,0.97,18000.0,-0.0674,0,19300.0,0
Fullstack,Pleno,2,REMOTE,1.0,5,8,3,5,1,4,0.2,3,0.99,9300.0,-0.3212,0,13700.0,1
Machine Learning Eng.,Junior,1,HYBRID,1.05,0,2,2,5,2,3,0.4,1,1.2,8100.0,-0.4088,1,13700.0,0
Data / Python,Junior,1,REMOTE,1.0,0,0,0,5,1,4,0.2,0,1.0,6100.0,-0.3838,1,9900.0,0
Fullstack,Junior,1,HYBRID,1.05,1,0,-1,5,4,1,0.8,1,0.99,7100.0,-0.2198,1,9100.0,1
Fullstack,Junior,1,HYBRID,1.05,1,0,-1,5,0,5,0.0,2,0.99,13300.0,0.3854,1,9600.0,0
Fullstack,Senior,3,REMOTE,1.0,6,9,3,5,0,5,0.0,3,0.99,17500.0,-0.1972,0,21800.0,0
Data / Python,Junior,1,REMOTE,1.0,1,0,-1,5,2,3,0.4,3,1.0,8100.0,-0.2286,1,10500.0,0
Backend Node.js,Senior,3,REMOTE,1.0,7,9,2,5,0,5,0.0,0,0.99,25000.0,0.1905,0,21000.0,0
Machine Learning Eng.,Senior,3,HYBRID,1.05,8,10,2,5,3,2,0.6,2,1.2,21800.0,-0.1956,0,27100.0,1
Machine Learning Eng.,Junior,1,HYBRID,1.05,0,1,1,5,0,5,0.0,0,1.2,10200.0,-0.2444,1,13500.0,0
Fullstack,Junior,1,REMOTE,1.0,0,1,1,5,4,1,0.8,3,0.99,7200.0,-0.2653,1,9800.0,1
Backend Node.js,Junior,1,ONSITE,1.1,0,1,1,5,1,4,0.2,2,0.99,9300.0,-0.0882,1,10200.0,0
Data / Python,Senior,3,REMOTE,1.0,8,7,-1,5,5,0,1.0,2,1.0,21800.0,0.0046,1,21700.0,1
Frontend React,Senior,3,REMOTE,1.0,8,5,-3,5,1,4,0.2,1,0.97,19000.0,-0.0594,1,20200.0,0
DevOps / SRE,Junior,1,HYBRID,1.05,1,2,1,5,2,3,0.4,0,1.12,9900.0,-0.1681,1,11900.0,0
Fullstack,Junior,1,REMOTE,1.0,1,1,0,5,3,2,0.6,3,0.99,6200.0,-0.3034,1,8900.0,1
Frontend React,Senior,3,REMOTE,1.0,6,6,0,5,5,0,1.0,1,0.97,16700.0,-0.107,1,18700.0,1
Data / Python,Pleno,2,HYBRID,1.05,5,7,2,5,1,4,0.2,1,1.0,13800.0,-0.2459,1,18300.0,0
Backend Node.js,Pleno,2,REMOTE,1.0,4,1,-3,5,3,2,0.6,3,0.99,13600.0,-0.0933,1,15000.0,1
Frontend React,Pleno,2,REMOTE,1.0,3,2,-1,5,3,2,0.6,3,0.97,14600.0,0.1318,1,12900.0,0
Backend Node.js,Junior,1,ONSITE,1.1,0,0,0,5,5,0,1.0,0,0.99,11100.0,0.0374,1,10700.0,1
Data / Python,Junior,1,REMOTE,1.0,0,1,1,5,3,2,0.6,2,1.0,11000.0,-0.0179,1,11200.0,1
Fullstack,Senior,3,ONSITE,1.1,9,10,1,5,0,5,0.0,1,0.99,25700.0,0.1789,1,21800.0,0
Frontend React,Junior,1,HYBRID,1.05,1,2,1,5,0,5,0.0,1,0.97,6300.0,-0.2222,1,8100.0,0
DevOps / SRE,Pleno,2,HYBRID,1.05,5,8,3,5,1,4,0.2,2,1.12,20700.0,0.035,1,20000.0,0
Frontend React,Pleno,2,HYBRID,1.05,4,5,1,5,3,2,0.6,4,0.97,13500.0,-0.0493,1,14200.0,1
Backend Node.js,Senior,3,HYBRID,1.05,12,13,1,5,3,2,0.6,0,0.99,17800.0,-0.0872,1,19500.0,1
DevOps / SRE,Senior,3,REMOTE,1.0,6,4,-2,5,1,4,0.2,3,1.12,22300.0,-0.139,1,25900.0,0
Frontend React,Senior,3,REMOTE,1.0,9,8,-1,5,2,3,0.4,0,0.97,17200.0,0.0238,0,16800.0,0
Machine Learning Eng.,Pleno,2,REMOTE,1.0,5,5,0,5,4,1,0.8,0,1.2,19100.0,0.0977,1,17400.0,1
Data / Python,Junior,1,ONSITE,1.1,2,4,2,5,0,5,0.0,0,1.0,12500.0,0.0331,1,12100.0,0
Fullstack,Junior,1,REMOTE,1.0,0,1,1,5,1,4,0.2,1,0.99,10200.0,0.0099,0,10100.0,0
Data / Python,Pleno,2,ONSITE,1.1,5,6,1,5,2,3,0.4,4,1.0,11900.0,-0.2654,0,16200.0,1
Backend Node.js,Senior,3,HYBRID,1.05,12,14,2,5,2,3,0.4,2,0.99,22000.0,0.0526,1,20900.0,0
Backend Node.js,Junior,1,REMOTE,1.0,2,0,-2,5,3,2,0.6,3,0.99,13100.0,0.3936,0,9400.0,0
Machine Learning Eng.,Pleno,2,HYBRID,1.05,3,5,2,5,4,1,0.8,2,1.2,15000.0,-0.3304,1,22400.0,1
Data / Python,Pleno,2,ONSITE,1.1,5,5,0,5,3,2,0.6,0,1.0,20900.0,0.2222,1,17100.0,0
Fullstack,Senior,3,REMOTE,1.0,11,14,3,5,0,5,0.0,3,0.99,17000.0,-0.2273,0,22000.0,0
Data / Python,Junior,1,ONSITE,1.1,1,2,1,5,0,5,0.0,1,1.0,9700.0,-0.178,0,11800.0,0
Data / Python,Pleno,2,ONSITE,1.1,5,2,-3,5,3,2,0.6,3,1.0,17900.0,-0.0324,0,18500.0,0
DevOps / SRE,Pleno,2,REMOTE,1.0,3,0,-3,5,1,4,0.2,4,1.12,15000.0,-0.1228,1,17100.0,0
Data / Python,Junior,1,REMOTE,1.0,2,0,-2,5,0,5,0.0,1,1.0,13000.0,0.0656,1,12200.0,0
Fullstack,Junior,1,ONSITE,1.1,0,2,2,5,4,1,0.8,4,0.99,8300.0,0.1216,0,7400.0,1
Data / Python,Pleno,2,REMOTE,1.0,3,6,3,5,4,1,0.8,1,1.0,19000.0,0.1515,1,16500.0,1
DevOps / SRE,Junior,1,ONSITE,1.1,0,0,0,5,5,0,1.0,3,1.12,7700.0,-0.3984,0,12800.0,1
Backend Node.js,Pleno,2,HYBRID,1.05,4,4,0,5,5,0,1.0,3,0.99,13700.0,-0.0867,0,15000.0,1
Fullstack,Senior,3,REMOTE,1.0,8,8,0,5,4,1,0.8,2,0.99,20700.0,-0.0096,1,20900.0,1
Frontend React,Pleno,2,HYBRID,1.05,3,5,2,5,1,4,0.2,2,0.97,15700.0,0.2266,1,12800.0,0
Frontend React,Senior,3,REMOTE,1.0,11,10,-1,5,3,2,0.6,4,0.97,17400.0,-0.0057,1,17500.0,0
Data / Python,Senior,3,HYBRID,1.05,12,10,-2,5,0,5,0.0,0,1.0,19600.0,-0.2283,1,25400.0,0
Frontend React,Junior,1,REMOTE,1.0,1,4,3,5,5,0,1.0,4,0.97,7200.0,-0.0886,1,7900.0,1
DevOps / SRE,Senior,3,HYBRID,1.05,11,12,1,5,2,3,0.4,2,1.12,25800.0,-0.0227,1,26400.0,0
Data / Python,Senior,3,REMOTE,1.0,10,8,-2,5,2,3,0.4,1,1.0,19400.0,-0.0443,1,20300.0,0
Frontend React,Junior,1,REMOTE,1.0,0,0,0,5,3,2,0.6,4,0.97,7800.0,0.0685,1,7300.0,1
Fullstack,Senior,3,HYBRID,1.05,8,10,2,5,2,3,0.4,3,0.99,23900.0,0.149,0,20800.0,0
Machine Learning Eng.,Pleno,2,ONSITE,1.1,4,1,-3,5,4,1,0.8,4,1.2,27500.0,0.2972,1,21200.0,1
Fullstack,Senior,3,HYBRID,1.05,11,8,-3,5,3,2,0.6,3,0.99,25100.0,0.1514,1,21800.0,0
DevOps / SRE,Junior,1,REMOTE,1.0,1,0,-1,5,3,2,0.6,1,1.12,10800.0,-0.1429,1,12600.0,1
Fullstack,Junior,1,HYBRID,1.05,0,0,0,5,3,2,0.6,1,0.99,11200.0,0.1546,1,9700.0,0
DevOps / SRE,Junior,1,REMOTE,1.0,0,0,0,5,0,5,0.0,1,1.12,10100.0,-0.1368,0,11700.0,0
Frontend React,Pleno,2,ONSITE,1.1,4,1,-3,5,0,5,0.0,4,0.97,12800.0,-0.0791,1,13900.0,0
DevOps / SRE,Pleno,2,HYBRID,1.05,5,5,0,5,1,4,0.2,2,1.12,17200.0,-0.1224,1,19600.0,0
Fullstack,Pleno,2,REMOTE,1.0,3,0,-3,5,1,4,0.2,4,0.99,13400.0,-0.0884,1,14700.0,0
Data / Python,Senior,3,REMOTE,1.0,7,6,-1,5,0,5,0.0,1,1.0,21400.0,-0.0138,1,21700.0,0
DevOps / SRE,Senior,3,HYBRID,1.05,9,10,1,5,5,0,1.0,0,1.12,26400.0,-0.0504,1,27800.0,1
DevOps / SRE,Pleno,2,ONSITE,1.1,4,4,0,5,3,2,0.6,4,1.12,23100.0,0.0645,1,21700.0,1
Frontend React,Senior,3,HYBRID,1.05,12,12,0,5,4,1,0.8,2,0.97,19500.0,0.0372,1,18800.0,1
DevOps / SRE,Pleno,2,ONSITE,1.1,5,4,-1,5,0,5,0.0,4,1.12,28200.0,0.3892,1,20300.0,0
Fullstack,Pleno,2,ONSITE,1.1,3,5,2,5,0,5,0.0,2,0.99,18900.0,0.1812,0,16000.0,0
DevOps / SRE,Senior,3,REMOTE,1.0,11,8,-3,5,0,5,0.0,4,1.12,25100.0,0.0162,1,24700.0,0
Data / Python,Junior,1,HYBRID,1.05,0,3,3,5,2,3,0.4,0,1.0,11600.0,-0.0492,0,12200.0,0
Data / Python,Senior,3,ONSITE,1.1,7,9,2,5,2,3,0.4,3,1.0,21600.0,-0.1496,1,25400.0,1
Data / Python,Pleno,2,REMOTE,1.0,3,1,-2,5,1,4,0.2,2,1.0,19400.0,0.1975,1,16200.0,0
DevOps / SRE,Pleno,2,ONSITE,1.1,3,5,2,5,0,5,0.0,1,1.12,19600.0,-0.0392,1,20400.0,0
Machine Learning Eng.,Junior,1,HYBRID,1.05,2,1,-1,5,5,0,1.0,0,1.2,15600.0,0.0541,1,14800.0,1
Data / Python,Junior,1,REMOTE,1.0,2,0,-2,5,3,2,0.6,4,1.0,10300.0,-0.0096,1,10400.0,0
Machine Learning Eng.,Senior,3,ONSITE,1.1,6,3,-3,5,4,1,0.8,0,1.2,36700.0,0.5292,1,24000.0,0
Backend Node.js,Senior,3,HYBRID,1.05,8,9,1,5,0,5,0.0,0,0.99,20500.0,-0.0284,1,21100.0,0
DevOps / SRE,Senior,3,ONSITE,1.1,7,8,1,5,5,0,1.0,3,1.12,24900.0,-0.0639,1,26600.0,1
Backend Node.js,Pleno,2,REMOTE,1.0,4,4,0,5,4,1,0.8,0,0.99,11800.0,-0.1511,1,13900.0,1
Frontend React,Junior,1,HYBRID,1.05,0,0,0,5,1,4,0.2,2,0.97,9200.0,0.0575,1,8700.0,0
Backend Node.js,Junior,1,REMOTE,1.0,0,1,1,5,1,4,0.2,4,0.99,6900.0,-0.1039,1,7700.0,0
Machine Learning Eng.,Senior,3,ONSITE,1.1,7,8,1,5,0,5,0.0,1,1.2,29900.0,-0.0099,0,30200.0,0
Fullstack,Senior,3,ONSITE,1.1,11,10,-1,5,1,4,0.2,0,0.99,21800.0,-0.084,1,23800.0,0
DevOps / SRE,Pleno,2,REMOTE,1.0,4,5,1,5,1,4,0.2,0,1.12,20400.0,0.1333,1,18000.0,0
Machine Learning Eng.,Senior,3,HYBRID,1.05,11,10,-1,5,4,1,0.8,1,1.2,24200.0,-0.032,1,25000.0,1
Machine Learning Eng.,Senior,3,ONSITE,1.1,9,10,1,5,5,0,1.0,4,1.2,26700.0,-0.1958,0,33200.0,1
DevOps / SRE,Junior,1,ONSITE,1.1,0,0,0,5,3,2,0.6,0,1.12,12600.0,0.0957,1,11500.0,0
Frontend React,Pleno,2,ONSITE,1.1,3,2,-1,5,2,3,0.4,2,0.97,17300.0,0.0679,1,16200.0,0
DevOps / SRE,Pleno,2,REMOTE,1.0,4,4,0,5,1,4,0.2,4,1.12,18000.0,0.0405,1,17300.0,0
Backend Node.js,Pleno,2,HYBRID,1.05,4,1,-3,5,4,1,0.8,2,0.99,13100.0,-0.0368,1,13600.0,1
Backend Node.js,Junior,1,REMOTE,1.0,0,3,3,5,2,3,0.4,2,0.99,6100.0,-0.2469,1,8100.0,0
Fullstack,Pleno,2,ONSITE,1.1,4,2,-2,5,4,1,0.8,0,0.99,19300.0,0.0321,1,18700.0,1
Fullstack,Pleno,2,HYBRID,1.05,5,4,-1,5,3,2,0.6,2,0.99,15900.0,0.0063,0,15800.0,0
Frontend React,Senior,3,ONSITE,1.1,6,7,1,5,2,3,0.4,0,0.97,15500.0,-0.1755,1,18800.0,0
Backend Node.js,Junior,1,REMOTE,1.0,0,2,2,5,4,1,0.8,2,0.99,7900.0,-0.1023,0,8800.0,1
Backend Node.js,Pleno,2,REMOTE,1.0,4,7,3,5,4,1,0.8,0,0.99,15700.0,0.0828,1,14500.0,1
Data / Python,Junior,1,HYBRID,1.05,1,3,2,5,5,0,1.0,0,1.0,10400.0,-0.1333,1,12000.0,1
Frontend React,Senior,3,REMOTE,1.0,11,12,1,5,2,3,0.4,0,0.97,21800.0,0.2674,1,17200.0,0
Data / Python,Junior,1,ONSITE,1.1,0,3,3,5,5,0,1.0,3,1.0,13100.0,0.0738,1,12200.0,1
Frontend React,Senior,3,REMOTE,1.0,12,10,-2,5,0,5,0.0,1,0.97,11400.0,-0.2692,1,15600.0,0
Backend Node.js,Junior,1,HYBRID,1.05,1,1,0,5,1,4,0.2,2,0.99,6800.0,-0.2444,1,9000.0,0
DevOps / SRE,Pleno,2,REMOTE,1.0,4,4,0,5,3,2,0.6,1,1.12,17400.0,-0.0938,1,19200.0,1
Frontend React,Senior,3,HYBRID,1.05,9,12,3,5,5,0,1.0,1,0.97,15100.0,-0.2296,0,19600.0,1
Frontend React,Senior,3,HYBRID,1.05,9,12,3,5,2,3,0.4,0,0.97,22900.0,0.2053,1,19000.0,0
Data / Python,Pleno,2,REMOTE,1.0,4,5,1,5,4,1,0.8,1,1.0,14400.0,-0.1,0,16000.0,1
Machine Learning Eng.,Senior,3,HYBRID,1.05,9,9,0,5,4,1,0.8,4,1.2,29700.0,-0.0541,0,31400.0,1
Machine Learning Eng.,Pleno,2,HYBRID,1.05,3,3,0,5,3,2,0.6,3,1.2,19900.0,-0.0829,1,21700.0,1
Fullstack,Senior,3,REMOTE,1.0,7,5,-2,5,1,4,0.2,2,0.99,25600.0,0.2308,0,20800.0,0
Machine Learning Eng.,Pleno,2,REMOTE,1.0,4,4,0,5,1,4,0.2,3,1.2,22500.0,0.1307,1,19900.0,0
Frontend React,Junior,1,REMOTE,1.0,1,0,-1,5,1,4,0.2,3,0.97,7100.0,-0.1548,1,8400.0,0
Frontend React,Junior,1,ONSITE,1.1,0,0,0,5,0,5,0.0,1,0.97,9800.0,0.1529,1,8500.0,0
DevOps / SRE,Pleno,2,REMOTE,1.0,3,2,-1,5,3,2,0.6,4,1.12,23200.0,0.2473,1,18600.0,0
Fullstack,Senior,3,ONSITE,1.1,10,9,-1,5,5,0,1.0,3,0.99,19100.0,-0.2042,1,24000.0,1
Fullstack,Pleno,2,REMOTE,1.0,3,6,3,5,4,1,0.8,3,0.99,17000.0,0.2319,0,13800.0,1
Machine Learning Eng.,Junior,1,HYBRID,1.05,1,1,0,5,5,0,1.0,3,1.2,17800.0,0.1711,1,15200.0,1
Machine Learning Eng.,Pleno,2,REMOTE,1.0,4,7,3,5,4,1,0.8,0,1.2,20100.0,-0.0946,1,22200.0,1
Frontend React,Junior,1,ONSITE,1.1,0,2,2,5,3,2,0.6,1,0.97,8900.0,-0.022,1,9100.0,0
Machine Learning Eng.,Pleno,2,HYBRID,1.05,3,1,-2,5,0,5,0.0,1,1.2,20200.0,-0.0427,0,21100.0,0
DevOps / SRE,Senior,3,REMOTE,1.0,12,13,1,5,0,5,0.0,4,1.12,23400.0,0.013,1,23100.0,0
Machine Learning Eng.,Senior,3,REMOTE,1.0,7,6,-1,5,3,2,0.6,1,1.2,27900.0,0.0941,1,25500.0,0
Data / Python,Junior,1,HYBRID,1.05,0,0,0,5,1,4,0.2,0,1.0,10500.0,-0.1463,1,12300.0,0
Machine Learning Eng.,Senior,3,REMOTE,1.0,11,11,0,5,3,2,0.6,0,1.2,25000.0,-0.1694,0,30100.0,0
Backend Node.js,Senior,3,HYBRID,1.05,11,14,3,5,0,5,0.0,4,0.99,22100.0,0.0833,0,20400.0,0
Backend Node.js,Junior,1,HYBRID,1.05,2,4,2,5,1,4,0.2,0,0.99,8000.0,-0.0588,0,8500.0,0
Backend Node.js,Pleno,2,HYBRID,1.05,5,2,-3,5,1,4,0.2,1,0.99,11100.0,-0.2345,1,14500.0,0
Backend Node.js,Senior,3,ONSITE,1.1,10,13,3,5,3,2,0.6,2,0.99,14500.0,-0.2526,1,19400.0,1
DevOps / SRE,Senior,3,HYBRID,1.05,11,11,0,5,5,0,1.0,1,1.12,23800.0,-0.0667,1,25500.0,1
Data / Python,Senior,3,HYBRID,1.05,8,7,-1,5,4,1,0.8,3,1.0,27500.0,0.1752,1,23400.0,1
Backend Node.js,Pleno,2,REMOTE,1.0,4,1,-3,5,5,0,1.0,4,0.99,16500.0,0.0577,1,15600.0,1
Machine Learning Eng.,Pleno,2,HYBRID,1.05,3,1,-2,5,3,2,0.6,2,1.2,25200.0,0.0957,1,23000.0,0
Data / Python,Pleno,2,REMOTE,1.0,3,0,-3,5,0,5,0.0,3,1.0,15400.0,0.0,1,15400.0,0
Frontend React,Junior,1,ONSITE,1.1,1,3,2,5,3,2,0.6,1,0.97,8800.0,-0.0222,1,9000.0,1
Machine Learning Eng.,Senior,3,HYBRID,1.05,6,3,-3,5,4,1,0.8,0,1.2,24500.0,-0.1493,1,28800.0,0
Machine Learning Eng.,Junior,1,HYBRID,1.05,2,1,-1,5,3,2,0.6,4,1.2,12000.0,-0.1892,0,14800.0,1
Machine Learning Eng.,Pleno,2,REMOTE,1.0,4,6,2,5,1,4,0.2,4,1.2,18400.0,-0.0564,0,19500.0,0
Data / Python,Pleno,2,REMOTE,1.0,3,1,-2,5,0,5,0.0,1,1.0,17400.0,-0.0225,1,17800.0,0
Machine Learning Eng.,Junior,1,HYBRID,1.05,0,1,1,5,2,3,0.4,2,1.2,12600.0,-0.0735,1,13600.0,0
DevOps / SRE,Pleno,2,REMOTE,1.0,3,3,0,5,2,3,0.4,2,1.12,21000.0,0.1413,1,18400.0,0
Frontend React,Senior,3,HYBRID,1.05,11,11,0,5,2,3,0.4,0,0.97,17400.0,-0.1031,1,19400.0,0
Fullstack,Pleno,2,REMOTE,1.0,5,5,0,5,0,5,0.0,4,0.99,12500.0,-0.0942,1,13800.0,0
Frontend React,Junior,1,REMOTE,1.0,0,0,0,5,5,0,1.0,3,0.97,8600.0,-0.0444,1,9000.0,1
Data / Python,Junior,1,HYBRID,1.05,1,0,-1,5,2,3,0.4,1,1.0,10100.0,-0.0818,0,11000.0,0
Backend Node.js,Pleno,2,HYBRID,1.05,5,2,-3,5,3,2,0.6,4,0.99,11700.0,-0.2733,0,16100.0,1
Backend Node.js,Junior,1,REMOTE,1.0,1,0,-1,5,2,3,0.4,0,0.99,5800.0,-0.3409,1,8800.0,0
Backend Node.js,Junior,1,REMOTE,1.0,2,4,2,5,0,5,0.0,0,0.99,8200.0,-0.1183,1,9300.0,0
Frontend React,Senior,3,ONSITE,1.1,8,9,1,5,5,0,1.0,3,0.97,18800.0,-0.0739,0,20300.0,1
Machine Learning Eng.,Pleno,2,REMOTE,1.0,5,8,3,5,2,3,0.4,2,1.2,18800.0,-0.0784,1,20400.0,1
Data / Python,Junior,1,REMOTE,1.0,1,2,1,5,2,3,0.4,1,1.0,10100.0,0.0521,1,9600.0,0
DevOps / SRE,Junior,1,HYBRID,1.05,1,2,1,5,4,1,0.8,3,1.12,11200.0,-0.0667,1,12000.0,1
DevOps / SRE,Senior,3,REMOTE,1.0,7,9,2,5,3,2,0.6,2,1.12,23300.0,-0.0827,0,25400.0,1
Frontend React,Junior,1,ONSITE,1.1,2,0,-2,5,2,3,0.4,1,0.97,8000.0,-0.1579,1,9500.0,0
Frontend React,Senior,3,HYBRID,1.05,10,9,-1,5,1,4,0.2,4,0.97,13300.0,-0.2036,1,16700.0,0
DevOps / SRE,Senior,3,HYBRID,1.05,10,12,2,5,3,2,0.6,3,1.12,11900.0,-0.537,1,25700.0,1
Frontend React,Junior,1,ONSITE,1.1,1,2,1,5,0,5,0.0,1,0.97,7600.0,-0.2165,0,9700.0,0
DevOps / SRE,Senior,3,ONSITE,1.1,6,3,-3,5,1,4,0.2,3,1.12,43300.0,0.3878,1,31200.0,0
Frontend React,Senior,3,ONSITE,1.1,8,7,-1,5,3,2,0.6,0,0.97,19400.0,0.096,1,17700.0,0
Machine Learning Eng.,Junior,1,REMOTE,1.0,0,0,0,5,2,3,0.4,2,1.2,9800.0,-0.2462,1,13000.0,0
Frontend React,Pleno,2,HYBRID,1.05,5,4,-1,5,2,3,0.4,0,0.97,9800.0,-0.2344,1,12800.0,0
Data / Python,Junior,1,ONSITE,1.1,2,4,2,5,5,0,1.0,4,1.0,11000.0,-0.127,1,12600.0,1
Data / Python,Pleno,2,REMOTE,1.0,4,1,-3,5,3,2,0.6,0,1.0,20000.0,0.1494,1,17400.0,0
Backend Node.js,Pleno,2,HYBRID,1.05,5,2,-3,5,2,3,0.4,1,0.99,15600.0,0.0685,0,14600.0,0
Frontend React,Senior,3,HYBRID,1.05,12,11,-1,5,2,3,0.4,3,0.97,17800.0,0.0471,1,17000.0,0
Fullstack,Senior,3,HYBRID,1.05,10,9,-1,5,4,1,0.8,0,0.99,22200.0,0.0374,1,21400.0,0
Machine Learning Eng.,Senior,3,HYBRID,1.05,7,10,3,5,4,1,0.8,4,1.2,38900.0,0.2881,1,30200.0,1
DevOps / SRE,Senior,3,HYBRID,1.05,9,12,3,5,3,2,0.6,3,1.12,24300.0,-0.1873,0,29900.0,1
Fullstack,Senior,3,HYBRID,1.05,12,14,2,5,0,5,0.0,2,0.99,26900.0,0.2283,1,21900.0,0
Backend Node.js,Pleno,2,ONSITE,1.1,3,2,-1,5,2,3,0.4,2,0.99,14100.0,0.0144,1,13900.0,0
DevOps / SRE,Pleno,2,HYBRID,1.05,5,6,1,5,5,0,1.0,0,1.12,20700.0,0.0725,0,19300.0,1
Fullstack,Pleno,2,REMOTE,1.0,5,2,-3,5,5,0,1.0,4,0.99,14000.0,-0.0411,1,14600.0,1
Backend Node.js,Junior,1,ONSITE,1.1,2,5,3,5,4,1,0.8,4,0.99,5900.0,-0.404,0,9900.0,1
DevOps / SRE,Pleno,2,HYBRID,1.05,3,3,0,5,4,1,0.8,2,1.12,16400.0,-0.1414,0,19100.0,1
Frontend React,Senior,3,REMOTE,1.0,11,11,0,5,3,2,0.6,0,0.97,8900.0,-0.5291,0,18900.0,1
Data / Python,Pleno,2,REMOTE,1.0,4,2,-2,5,1,4,0.2,0,1.0,11300.0,-0.2848,0,15800.0,0
DevOps / SRE,Junior,1,REMOTE,1.0,0,2,2,5,3,2,0.6,4,1.12,12900.0,-0.0373,0,13400.0,1
Backend Node.js,Junior,1,REMOTE,1.0,1,4,3,5,0,5,0.0,4,0.99,8800.0,-0.0737,1,9500.0,0
Data / Python,Pleno,2,ONSITE,1.1,3,5,2,5,5,0,1.0,1,1.0,17000.0,-0.0909,1,18700.0,1
Frontend React,Junior,1,REMOTE,1.0,2,1,-1,5,0,5,0.0,0,0.97,9400.0,0.1325,0,8300.0,0
Frontend React,Pleno,2,REMOTE,1.0,4,3,-1,5,4,1,0.8,3,0.97,8900.0,-0.3101,0,12900.0,1
Frontend React,Junior,1,ONSITE,1.1,2,0,-2,5,4,1,0.8,3,0.97,9100.0,0.0581,1,8600.0,1
Fullstack,Pleno,2,ONSITE,1.1,4,5,1,5,3,2,0.6,1,0.99,18800.0,0.2051,1,15600.0,0
Frontend React,Senior,3,ONSITE,1.1,8,10,2,5,1,4,0.2,0,0.97,15000.0,-0.1848,1,18400.0,0
Machine Learning Eng.,Junior,1,HYBRID,1.05,1,2,1,5,0,5,0.0,2,1.2,11700.0,-0.1269,1,13400.0,0
DevOps / SRE,Senior,3,HYBRID,1.05,10,11,1,5,5,0,1.0,4,1.12,26700.0,0.0854,0,24600.0,1
Data / Python,Senior,3,ONSITE,1.1,9,8,-1,5,5,0,1.0,0,1.0,21500.0,-0.1794,1,26200.0,0
Machine Learning Eng.,Senior,3,REMOTE,1.0,11,8,-3,5,2,3,0.4,2,1.2,20300.0,-0.275,0,28000.0,0
Frontend React,Senior,3,ONSITE,1.1,8,10,2,5,1,4,0.2,0,0.97,11100.0,-0.3867,1,18100.0,0
Backend Node.js,Senior,3,ONSITE,1.1,8,9,1,5,2,3,0.4,4,0.99,18000.0,-0.2469,1,23900.0,0
Backend Node.js,Senior,3,HYBRID,1.05,6,6,0,5,3,2,0.6,0,0.99,20100.0,0.0749,0,18700.0,0
Data / Python,Pleno,2,REMOTE,1.0,3,2,-1,5,5,0,1.0,2,1.0,11000.0,-0.3413,1,16700.0,1
Fullstack,Senior,3,HYBRID,1.05,7,6,-1,5,1,4,0.2,3,0.99,20500.0,-0.0238,1,21000.0,0
DevOps / SRE,Pleno,2,REMOTE,1.0,5,4,-1,5,5,0,1.0,1,1.12,17200.0,-0.0444,0,18000.0,1
Data / Python,Pleno,2,HYBRID,1.05,4,7,3,5,5,0,1.0,3,1.0,18400.0,0.0514,1,17500.0,1
DevOps / SRE,Senior,3,ONSITE,1.1,11,11,0,5,1,4,0.2,1,1.12,25800.0,-0.1254,1,29500.0,0
Machine Learning Eng.,Senior,3,ONSITE,1.1,6,4,-2,5,0,5,0.0,4,1.2,40400.0,0.2665,1,31900.0,0
Fullstack,Junior,1,HYBRID,1.05,1,1,0,5,3,2,0.6,4,0.99,10000.0,-0.1736,1,12100.0,1
Frontend React,Senior,3,ONSITE,1.1,10,11,1,5,4,1,0.8,4,0.97,18600.0,-0.1143,1,21000.0,1
Frontend React,Pleno,2,HYBRID,1.05,5,8,3,5,1,4,0.2,1,0.97,15600.0,0.1729,1,13300.0,0
Frontend React,Senior,3,HYBRID,1.05,12,15,3,5,4,1,0.8,1,0.97,12100.0,-0.3529,0,18700.0,1
Frontend React,Junior,1,REMOTE,1.0,2,1,-1,5,1,4,0.2,0,0.97,7700.0,0.0132,1,7600.0,0
Backend Node.js,Senior,3,REMOTE,1.0,6,3,-3,5,4,1,0.8,4,0.99,14800.0,-0.2292,1,19200.0,1
Machine Learning Eng.,Junior,1,ONSITE,1.1,0,0,0,5,3,2,0.6,0,1.2,14500.0,0.0584,1,13700.0,0
Fullstack,Pleno,2,ONSITE,1.1,3,0,-3,5,2,3,0.4,0,0.99,14700.0,-0.1453,1,17200.0,0
Machine Learning Eng.,Pleno,2,REMOTE,1.0,4,7,3,5,4,1,0.8,0,1.2,13300.0,-0.3,1,19000.0,1
Fullstack,Junior,1,HYBRID,1.05,1,0,-1,5,4,1,0.8,0,0.99,10500.0,0.0606,1,9900.0,0
Frontend React,Pleno,2,HYBRID,1.05,3,0,-3,5,5,0,1.0,4,0.97,13900.0,0.0072,0,13800.0,1
DevOps / SRE,Pleno,2,ONSITE,1.1,3,0,-3,5,3,2,0.6,0,1.12,15300.0,-0.1404,0,17800.0,0
Backend Node.js,Junior,1,ONSITE,1.1,1,0,-1,5,2,3,0.4,1,0.99,9100.0,-0.125,0,10400.0,0
DevOps / SRE,Pleno,2,HYBRID,1.05,5,7,2,5,1,4,0.2,0,1.12,16800.0,-0.1472,0,19700.0,0
Fullstack,Junior,1,ONSITE,1.1,2,5,3,5,3,2,0.6,0,0.99,12800.0,0.1034,1,11600.0,1
Data / Python,Pleno,2,HYBRID,1.05,4,1,-3,5,5,0,1.0,2,1.0,12000.0,-0.25,1,16000.0,1
Backend Node.js,Junior,1,ONSITE,1.1,0,3,3,5,5,0,1.0,3,0.99,8300.0,-0.0674,1,8900.0,1
DevOps / SRE,Junior,1,ONSITE,1.1,1,2,1,5,0,5,0.0,3,1.12,9100.0,-0.2155,1,11600.0,0
Machine Learning Eng.,Senior,3,REMOTE,1.0,11,14,3,5,3,2,0.6,0,1.2,33000.0,0.2791,1,25800.0,1
DevOps / SRE,Junior,1,REMOTE,1.0,0,0,0,5,0,5,0.0,3,1.12,6900.0,-0.2887,1,9700.0,0
Machine Learning Eng.,Senior,3,ONSITE,1.1,12,15,3,5,4,1,0.8,2,1.2,23600.0,-0.1806,1,28800.0,1
Backend Node.js,Pleno,2,ONSITE,1.1,5,4,-1,5,4,1,0.8,3,0.99,14100.0,-0.1557,1,16700.0,1
Frontend React,Pleno,2,REMOTE,1.0,3,3,0,5,2,3,0.4,2,0.97,11500.0,-0.1544,1,13600.0,0
Fullstack,Pleno,2,REMOTE,1.0,4,5,1,5,3,2,0.6,0,0.99,14800.0,0.0496,0,14100.0,1
Machine Learning Eng.,Pleno,2,ONSITE,1.1,3,3,0,5,4,1,0.8,2,1.2,22000.0,-0.0909,0,24200.0,1
Machine Learning Eng.,Junior,1,REMOTE,1.0,2,4,2,5,3,2,0.6,1,1.2,11100.0,-0.126,1,12700.0,0
Backend Node.js,Pleno,2,REMOTE,1.0,5,5,0,5,4,1,0.8,2,0.99,11500.0,-0.1353,1,13300.0,1
DevOps / SRE,Pleno,2,HYBRID,1.05,3,4,1,5,2,3,0.4,4,1.12,20200.0,0.0978,1,18400.0,1
Data / Python,Senior,3,REMOTE,1.0,9,11,2,5,0,5,0.0,2,1.0,19900.0,-0.0386,0,20700.0,0
Data / Python,Pleno,2,REMOTE,1.0,4,2,-2,5,3,2,0.6,1,1.0,12800.0,-0.2727,0,17600.0,0
Fullstack,Pleno,2,REMOTE,1.0,5,8,3,5,4,1,0.8,3,0.99,12200.0,-0.0687,0,13100.0,1
Machine Learning Eng.,Junior,1,ONSITE,1.1,1,4,3,5,1,4,0.2,1,1.2,15000.0,0.0714,1,14000.0,0
Machine Learning Eng.,Junior,1,REMOTE,1.0,0,1,1,5,1,4,0.2,2,1.2,13000.0,0.0317,1,12600.0,0
Data / Python,Senior,3,REMOTE,1.0,6,5,-1,5,3,2,0.6,0,1.0,12400.0,-0.3861,1,20200.0,0
Data / Python,Senior,3,REMOTE,1.0,12,11,-1,5,0,5,0.0,4,1.0,20700.0,-0.08,0,22500.0,0
Data / Python,Junior,1,REMOTE,1.0,1,4,3,5,0,5,0.0,2,1.0,7800.0,-0.1789,1,9500.0,0
Backend Node.js,Junior,1,ONSITE,1.1,2,4,2,5,5,0,1.0,4,0.99,8200.0,-0.2115,1,10400.0,1
DevOps / SRE,Senior,3,REMOTE,1.0,11,10,-1,5,4,1,0.8,2,1.12,12700.0,-0.365,0,20000.0,1
DevOps / SRE,Pleno,2,HYBRID,1.05,4,6,2,5,5,0,1.0,2,1.12,11800.0,-0.3099,1,17100.0,1
Machine Learning Eng.,Pleno,2,ONSITE,1.1,5,4,-1,5,3,2,0.6,2,1.2,11400.0,-0.4412,1,20400.0,1
Data / Python,Pleno,2,REMOTE,1.0,4,4,0,5,3,2,0.6,2,1.0,17300.0,0.1457,0,15100.0,1
Frontend React,Junior,1,REMOTE,1.0,2,5,3,5,4,1,0.8,3,0.97,8500.0,0.2143,0,7000.0,1
Backend Node.js,Junior,1,REMOTE,1.0,1,4,3,5,5,0,1.0,2,0.99,9900.0,0.1,0,9000.0,1
Backend Node.js,Senior,3,REMOTE,1.0,11,10,-1,5,0,5,0.0,3,0.99,21800.0,0.172,1,18600.0,0
Frontend React,Junior,1,HYBRID,1.05,1,1,0,5,2,3,0.4,3,0.97,3400.0,-0.5952,1,8400.0,1
DevOps / SRE,Pleno,2,HYBRID,1.05,4,7,3,5,1,4,0.2,2,1.12,16900.0,-0.0865,0,18500.0,0
DevOps / SRE,Senior,3,HYBRID,1.05,9,8,-1,5,4,1,0.8,3,1.12,21800.0,-0.1484,1,25600.0,1
DevOps / SRE,Pleno,2,REMOTE,1.0,5,4,-1,5,1,4,0.2,1,1.12,12600.0,-0.1923,1,15600.0,0
Data / Python,Junior,1,HYBRID,1.05,0,1,1,5,5,0,1.0,2,1.0,11900.0,0.0171,1,11700.0,1
Frontend React,Senior,3,REMOTE,1.0,8,5,-3,5,1,4,0.2,0,0.97,21900.0,0.2586,0,17400.0,0
DevOps / SRE,Pleno,2,HYBRID,1.05,3,1,-2,5,5,0,1.0,1,1.12,15000.0,-0.2268,1,19400.0,1
Data / Python,Pleno,2,HYBRID,1.05,3,3,0,5,0,5,0.0,4,1.0,20400.0,0.0851,1,18800.0,0
Frontend React,Junior,1,HYBRID,1.05,1,2,1,5,3,2,0.6,3,0.97,7900.0,-0.1413,1,9200.0,1
DevOps / SRE,Pleno,2,HYBRID,1.05,5,2,-3,5,5,0,1.0,2,1.12,19200.0,0.0492,1,18300.0,1
Data / Python,Pleno,2,ONSITE,1.1,5,4,-1,5,4,1,0.8,0,1.0,20300.0,0.1469,1,17700.0,1
Machine Learning Eng.,Junior,1,REMOTE,1.0,2,1,-1,5,1,4,0.2,4,1.2,9000.0,-0.2623,0,12200.0,0
DevOps / SRE,Senior,3,ONSITE,1.1,6,5,-1,5,2,3,0.4,1,1.12,20000.0,-0.2453,1,26500.0,0
Fullstack,Pleno,2,REMOTE,1.0,5,7,2,5,0,5,0.0,2,0.99,17400.0,0.0875,1,16000.0,0
Machine Learning Eng.,Junior,1,ONSITE,1.1,0,0,0,5,5,0,1.0,3,1.2,16400.0,0.1884,1,13800.0,1
Fullstack,Pleno,2,ONSITE,1.1,3,3,0,5,4,1,0.8,4,0.99,10500.0,-0.3558,1,16300.0,1
Frontend React,Senior,3,HYBRID,1.05,10,13,3,5,3,2,0.6,2,0.97,19700.0,0.0707,0,18400.0,1
Frontend React,Senior,3,REMOTE,1.0,10,11,1,5,2,3,0.4,2,0.97,9000.0,-0.4479,1,16300.0,1
Machine Learning Eng.,Senior,3,ONSITE,1.1,8,5,-3,5,5,0,1.0,0,1.2,25400.0,-0.0451,1,26600.0,0
Machine Learning Eng.,Junior,1,REMOTE,1.0,2,4,2,5,3,2,0.6,1,1.2,13200.0,0.1186,1,11800.0,1
Fullstack,Junior,1,ONSITE,1.1,2,4,2,5,3,2,0.6,3,0.99,9300.0,-0.0882,1,10200.0,1
Frontend React,Senior,3,ONSITE,1.1,10,8,-2,5,0,5,0.0,4,0.97,12600.0,-0.3854,1,20500.0,0
Backend Node.js,Pleno,2,ONSITE,1.1,3,2,-1,5,3,2,0.6,0,0.99,17000.0,0.0828,1,15700.0,0
Fullstack,Junior,1,REMOTE,1.0,1,4,3,5,2,3,0.4,2,0.99,4800.0,-0.4894,1,9400.0,1
Fullstack,Pleno,2,HYBRID,1.05,4,7,3,5,4,1,0.8,3,0.99,11900.0,-0.1793,0,14500.0,1
Frontend React,Pleno,2,ONSITE,1.1,5,8,3,5,0,5,0.0,1,0.97,13800.0,-0.0213,1,14100.0,0
Data / Python,Senior,3,ONSITE,1.1,12,11,-1,5,5,0,1.0,3,1.0,18800.0,-0.2231,1,24200.0,1
Backend Node.js,Junior,1,REMOTE,1.0,0,1,1,5,1,4,0.2,1,0.99,7400.0,-0.1591,1,8800.0,0
Fullstack,Junior,1,HYBRID,1.05,0,2,2,5,0,5,0.0,1,0.99,7200.0,-0.28,1,10000.0,0
Machine Learning Eng.,Senior,3,REMOTE,1.0,8,11,3,5,4,1,0.8,2,1.2,27100.0,-0.0109,1,27400.0,1
Machine Learning Eng.,Junior,1,REMOTE,1.0,2,3,1,5,0,5,0.0,4,1.2,14600.0,0.2066,1,12100.0,0
Machine Learning Eng.,Senior,3,REMOTE,1.0,10,11,1,5,1,4,0.2,4,1.2,24500.0,-0.0926,0,27000.0,0
DevOps / SRE,Senior,3,REMOTE,1.0,11,11,0,5,2,3,0.4,2,1.12,21100.0,-0.0826,0,23000.0,0
Fullstack,Senior,3,ONSITE,1.1,9,12,3,5,2,3,0.4,0,0.99,19600.0,-0.1327,0,22600.0,0
Fullstack,Junior,1,ONSITE,1.1,2,1,-1,5,5,0,1.0,0,0.99,10300.0,0.051,1,9800.0,1
Data / Python,Pleno,2,REMOTE,1.0,4,1,-3,5,1,4,0.2,2,1.0,16600.0,-0.0292,1,17100.0,0
Data / Python,Junior,1,HYBRID,1.05,2,2,0,5,3,2,0.6,4,1.0,11900.0,0.0348,1,11500.0,1
Fullstack,Pleno,2,HYBRID,1.05,3,1,-2,5,4,1,0.8,1,0.99,15400.0,-0.125,1,17600.0,1
Data / Python,Senior,3,ONSITE,1.1,8,10,2,5,4,1,0.8,2,1.0,25300.0,-0.0489,0,26600.0,1
Machine Learning Eng.,Junior,1,ONSITE,1.1,1,0,-1,5,0,5,0.0,2,1.2,15100.0,0.0203,0,14800.0,0
Frontend React,Senior,3,REMOTE,1.0,11,11,0,5,1,4,0.2,1,0.97,16800.0,-0.1845,1,20600.0,0
Data / Python,Senior,3,ONSITE,1.1,11,8,-3,5,0,5,0.0,2,1.0,20100.0,-0.1145,0,22700.0,0
DevOps / SRE,Junior,1,REMOTE,1.0,1,1,0,5,1,4,0.2,3,1.12,11300.0,-0.0813,1,12300.0,0
Data / Python,Senior,3,REMOTE,1.0,6,6,0,5,5,0,1.0,0,1.0,20900.0,-0.0369,1,21700.0,1
DevOps / SRE,Senior,3,REMOTE,1.0,10,11,1,5,1,4,0.2,3,1.12,21300.0,-0.0491,0,22400.0,0
Machine Learning Eng.,Junior,1,HYBRID,1.05,1,3,2,5,0,5,0.0,1,1.2,11400.0,-0.088,0,12500.0,0
Backend Node.js,Junior,1,HYBRID,1.05,2,2,0,5,0,5,0.0,1,0.99,10000.0,0.087,1,9200.0,0
Frontend React,Senior,3,ONSITE,1.1,6,8,2,5,2,3,0.4,4,0.97,15500.0,-0.2476,1,20600.0,1
DevOps / SRE,Junior,1,ONSITE,1.1,2,1,-1,5,5,0,1.0,1,1.12,14000.0,-0.0476,1,14700.0,1
Fullstack,Senior,3,ONSITE,1.1,7,8,1,5,5,0,1.0,4,0.99,20500.0,0.0099,0,20300.0,1
Fullstack,Junior,1,HYBRID,1.05,0,0,0,5,0,5,0.0,0,0.99,7400.0,-0.3084,1,10700.0,0
Fullstack,Pleno,2,ONSITE,1.1,3,6,3,5,2,3,0.4,1,0.99,13100.0,-0.1208,1,14900.0,0
Machine Learning Eng.,Junior,1,ONSITE,1.1,1,2,1,5,3,2,0.6,4,1.2,16500.0,0.2044,1,13700.0,1
Machine Learning Eng.,Pleno,2,REMOTE,1.0,4,3,-1,5,1,4,0.2,1,1.2,19600.0,-0.0968,0,21700.0,0
Fullstack,Junior,1,ONSITE,1.1,1,2,1,5,5,0,1.0,3,0.99,8100.0,-0.2059,1,10200.0,1
Data / Python,Junior,1,ONSITE,1.1,2,1,-1,5,1,4,0.2,2,1.0,9500.0,-0.1667,1,11400.0,0
Frontend React,Pleno,2,ONSITE,1.1,4,6,2,5,5,0,1.0,2,0.97,12400.0,-0.0949,1,13700.0,1
DevOps / SRE,Junior,1,REMOTE,1.0,0,0,0,5,5,0,1.0,3,1.12,11300.0,-0.0259,0,11600.0,1
Backend Node.js,Senior,3,ONSITE,1.1,11,8,-3,5,1,4,0.2,0,0.99,28300.0,0.2198,1,23200.0,0
Fullstack,Senior,3,REMOTE,1.0,12,10,-2,5,2,3,0.4,1,0.99,21200.0,-0.0275,1,21800.0,0
Backend Node.js,Senior,3,HYBRID,1.05,9,12,3,5,3,2,0.6,4,0.99,27000.0,0.2442,0,21700.0,1
DevOps / SRE,Senior,3,HYBRID,1.05,11,9,-2,5,0,5,0.0,4,1.12,19400.0,-0.2271,0,25100.0,0
Data / Python,Pleno,2,ONSITE,1.1,3,0,-3,5,0,5,0.0,0,1.0,16100.0,-0.1056,1,18000.0,0
DevOps / SRE,Senior,3,ONSITE,1.1,6,6,0,5,3,2,0.6,0,1.12,35400.0,0.18,1,30000.0,0
Frontend React,Senior,3,HYBRID,1.05,12,11,-1,5,3,2,0.6,4,0.97,12200.0,-0.2989,1,17400.0,1
Fullstack,Senior,3,REMOTE,1.0,12,9,-3,5,5,0,1.0,2,0.99,20900.0,-0.0873,1,22900.0,1
DevOps / SRE,Pleno,2,REMOTE,1.0,3,6,3,5,2,3,0.4,1,1.12,18700.0,0.0747,1,17400.0,0
Fullstack,Pleno,2,ONSITE,1.1,5,2,-3,5,2,3,0.4,0,0.99,19100.0,0.1718,1,16300.0,0
Frontend React,Pleno,2,ONSITE,1.1,4,6,2,5,4,1,0.8,4,0.97,13500.0,0.08,1,12500.0,1
Data / Python,Senior,3,HYBRID,1.05,7,10,3,5,3,2,0.6,2,1.0,27200.0,0.1148,1,24400.0,1
Backend Node.js,Pleno,2,ONSITE,1.1,5,6,1,5,1,4,0.2,2,0.99,13900.0,-0.1726,1,16800.0,0
Fullstack,Senior,3,ONSITE,1.1,6,3,-3,5,3,2,0.6,0,0.99,29300.0,0.2208,1,24000.0,0
Frontend React,Pleno,2,ONSITE,1.1,5,7,2,5,2,3,0.4,3,0.97,13400.0,0.0308,1,13000.0,1
Backend Node.js,Pleno,2,ONSITE,1.1,5,4,-1,5,4,1,0.8,0,0.99,17300.0,0.0422,1,16600.0,0
Data / Python,Pleno,2,HYBRID,1.05,4,3,-1,5,2,3,0.4,0,1.0,13300.0,-0.2528,1,17800.0,0
Fullstack,Pleno,2,REMOTE,1.0,4,4,0,5,1,4,0.2,3,0.99,10700.0,-0.2721,0,14700.0,0
DevOps / SRE,Pleno,2,HYBRID,1.05,4,5,1,5,2,3,0.4,1,1.12,17700.0,-0.0733,0,19100.0,1
Machine Learning Eng.,Pleno,2,HYBRID,1.05,4,3,-1,5,3,2,0.6,3,1.2,23900.0,0.149,1,20800.0,1
Backend Node.js,Senior,3,ONSITE,1.1,12,15,3,5,4,1,0.8,4,0.99,19100.0,-0.1116,0,21500.0,1
Fullstack,Senior,3,ONSITE,1.1,10,11,1,5,4,1,0.8,4,0.99,17300.0,-0.2478,1,23000.0,1
Data / Python,Junior,1,REMOTE,1.0,0,0,0,5,5,0,1.0,2,1.0,7000.0,-0.2929,1,9900.0,1
Machine Learning Eng.,Junior,1,ONSITE,1.1,1,0,-1,5,5,0,1.0,4,1.2,13900.0,-0.0142,1,14100.0,1
Machine Learning Eng.,Pleno,2,ONSITE,1.1,4,7,3,5,5,0,1.0,4,1.2,25700.0,0.1843,1,21700.0,1
DevOps / SRE,Junior,1,REMOTE,1.0,1,2,1,5,1,4,0.2,2,1.12,13300.0,0.0556,0,12600.0,0
DevOps / SRE,Pleno,2,ONSITE,1.1,4,4,0,5,3,2,0.6,3,1.12,23900.0,0.1891,1,20100.0,1
Fullstack,Pleno,2,REMOTE,1.0,5,5,0,5,2,3,0.4,2,0.99,13900.0,-0.1032,0,15500.0,0
Fullstack,Junior,1,ONSITE,1.1,1,4,3,5,2,3,0.4,2,0.99,11900.0,0.0818,0,11000.0,0
Frontend React,Junior,1,ONSITE,1.1,1,4,3,5,0,5,0.0,4,0.97,8300.0,-0.1263,1,9500.0,0
DevOps / SRE,Junior,1,HYBRID,1.05,1,3,2,5,0,5,0.0,4,1.12,10400.0,-0.1261,1,11900.0,0
Frontend React,Junior,1,HYBRID,1.05,0,3,3,5,1,4,0.2,2,0.97,8400.0,0.0633,1,7900.0,0
Machine Learning Eng.,Senior,3,HYBRID,1.05,10,7,-3,5,3,2,0.6,0,1.2,15500.0,-0.4884,1,30300.0,0
Frontend React,Pleno,2,REMOTE,1.0,4,2,-2,5,0,5,0.0,4,0.97,11800.0,0.0442,1,11300.0,0
Fullstack,Senior,3,ONSITE,1.1,7,5,-2,5,5,0,1.0,0,0.99,24500.0,0.1611,1,21100.0,0
Data / Python,Senior,3,HYBRID,1.05,11,10,-1,5,5,0,1.0,3,1.0,18700.0,-0.2009,0,23400.0,1
DevOps / SRE,Senior,3,HYBRID,1.05,7,10,3,5,4,1,0.8,1,1.12,31500.0,0.3235,1,23800.0,1
Data / Python,Senior,3,ONSITE,1.1,12,14,2,5,2,3,0.4,3,1.0,20300.0,-0.1435,1,23700.0,1
Data / Python,Junior,1,ONSITE,1.1,1,2,1,5,0,5,0.0,1,1.0,10600.0,-0.0783,1,11500.0,0
Machine Learning Eng.,Pleno,2,REMOTE,1.0,3,3,0,5,3,2,0.6,2,1.2,20200.0,-0.0901,1,22200.0,1
Frontend React,Senior,3,HYBRID,1.05,8,9,1,5,1,4,0.2,4,0.97,18700.0,-0.0922,1,20600.0,0
Data / Python,Pleno,2,REMOTE,1.0,5,4,-1,5,2,3,0.4,3,1.0,19300.0,0.1557,0,16700.0,0
Data / Python,Junior,1,REMOTE,1.0,0,0,0,5,4,1,0.8,3,1.0,11700.0,0.0734,1,10900.0,1
Backend Node.js,Senior,3,HYBRID,1.05,7,6,-1,5,3,2,0.6,4,0.99,19200.0,-0.1193,1,21800.0,1
Machine Learning Eng.,Pleno,2,HYBRID,1.05,3,0,-3,5,5,0,1.0,1,1.2,18900.0,-0.0825,1,20600.0,1
DevOps / SRE,Junior,1,REMOTE,1.0,0,1,1,5,1,4,0.2,1,1.12,14800.0,0.1935,1,12400.0,0
Fullstack,Junior,1,HYBRID,1.05,0,0,0,5,5,0,1.0,3,0.99,8600.0,-0.2321,1,11200.0,1
Frontend React,Junior,1,ONSITE,1.1,2,0,-2,5,5,0,1.0,2,0.97,9500.0,0.0795,1,8800.0,1
Data / Python,Pleno,2,HYBRID,1.05,3,5,2,5,0,5,0.0,0,1.0,15100.0,-0.142,0,17600.0,0
Machine Learning Eng.,Junior,1,HYBRID,1.05,1,0,-1,5,1,4,0.2,2,1.2,12800.0,-0.0448,0,13400.0,0
Backend Node.js,Junior,1,ONSITE,1.1,0,2,2,5,3,2,0.6,0,0.99,6200.0,-0.38,1,10000.0,1
DevOps / SRE,Junior,1,REMOTE,1.0,0,0,0,5,1,4,0.2,2,1.12,14700.0,0.3125,1,11200.0,0
DevOps / SRE,Junior,1,REMOTE,1.0,1,3,2,5,1,4,0.2,3,1.12,10500.0,-0.0455,0,11000.0,0
Frontend React,Junior,1,REMOTE,1.0,2,4,2,5,3,2,0.6,2,0.97,4700.0,-0.3896,0,7700.0,1
Fullstack,Pleno,2,ONSITE,1.1,4,4,0,5,4,1,0.8,0,0.99,15000.0,-0.0566,1,15900.0,1
Backend Node.js,Junior,1,HYBRID,1.05,2,4,2,5,0,5,0.0,3,0.99,9700.0,-0.03,1,10000.0,0
DevOps / SRE,Senior,3,ONSITE,1.1,11,13,2,5,3,2,0.6,3,1.12,34000.0,0.2186,1,27900.0,1
DevOps / SRE,Junior,1,REMOTE,1.0,2,0,-2,5,0,5,0.0,1,1.12,12900.0,-0.0077,1,13000.0,0
Data / Python,Pleno,2,REMOTE,1.0,3,5,2,5,0,5,0.0,3,1.0,13500.0,-0.1401,0,15700.0,0
Frontend React,Junior,1,HYBRID,1.05,1,4,3,5,0,5,0.0,1,0.97,7800.0,-0.025,0,8000.0,0
Backend Node.js,Junior,1,HYBRID,1.05,1,0,-1,5,1,4,0.2,0,0.99,6000.0,-0.3878,1,9800.0,0
Backend Node.js,Junior,1,ONSITE,1.1,1,2,1,5,1,4,0.2,0,0.99,8600.0,-0.2252,0,11100.0,0
Machine Learning Eng.,Senior,3,REMOTE,1.0,7,8,1,5,3,2,0.6,2,1.2,24800.0,-0.035,1,25700.0,1
Data / Python,Junior,1,REMOTE,1.0,2,0,-2,5,2,3,0.4,3,1.0,11900.0,0.1019,0,10800.0,0
Data / Python,Senior,3,ONSITE,1.1,8,9,1,5,0,5,0.0,4,1.0,21600.0,-0.2202,0,27700.0,0
Data / Python,Junior,1,ONSITE,1.1,2,5,3,5,5,0,1.0,2,1.0,13100.0,0.1391,0,11500.0,1
Fullstack,Senior,3,REMOTE,1.0,6,3,-3,5,3,2,0.6,1,0.99,21600.0,-0.0182,0,22000.0,0
DevOps / SRE,Senior,3,REMOTE,1.0,6,8,2,5,2,3,0.4,1,1.12,20600.0,-0.1825,0,25200.0,1
Fullstack,Senior,3,ONSITE,1.1,7,4,-3,5,1,4,0.2,1,0.99,25000.0,0.0504,1,23800.0,0
Machine Learning Eng.,Senior,3,ONSITE,1.1,6,4,-2,5,1,4,0.2,2,1.2,29200.0,-0.0234,0,29900.0,0
Backend Node.js,Junior,1,HYBRID,1.05,1,0,-1,5,5,0,1.0,4,0.99,8400.0,-0.0968,1,9300.0,1
Backend Node.js,Senior,3,REMOTE,1.0,12,10,-2,5,4,1,0.8,0,0.99,20900.0,0.0663,1,19600.0,0
Frontend React,Senior,3,HYBRID,1.05,11,12,1,5,0,5,0.0,0,0.97,18700.0,-0.0556,1,19800.0,0
DevOps / SRE,Junior,1,REMOTE,1.0,1,2,1,5,5,0,1.0,3,1.12,12000.0,0.0619,1,11300.0,1
Frontend React,Junior,1,ONSITE,1.1,2,0,-2,5,2,3,0.4,2,0.97,7000.0,-0.1566,1,8300.0,0
DevOps / SRE,Senior,3,ONSITE,1.1,9,9,0,5,1,4,0.2,3,1.12,30600.0,0.1635,1,26300.0,0
Frontend React,Senior,3,HYBRID,1.05,9,10,1,5,2,3,0.4,1,0.97,28200.0,0.3623,1,20700.0,0
Frontend React,Pleno,2,HYBRID,1.05,5,6,1,5,4,1,0.8,4,0.97,16600.0,0.1216,1,14800.0,1
Backend Node.js,Senior,3,HYBRID,1.05,11,8,-3,5,4,1,0.8,1,0.99,14600.0,-0.3241,0,21600.0,0
DevOps / SRE,Senior,3,REMOTE,1.0,8,6,-2,5,4,1,0.8,1,1.12,21000.0,-0.1765,1,25500.0,0
Fullstack,Senior,3,HYBRID,1.05,9,9,0,5,1,4,0.2,2,0.99,20500.0,-0.0421,0,21400.0,0
Data / Python,Junior,1,ONSITE,1.1,0,3,3,5,0,5,0.0,0,1.0,10100.0,-0.1441,1,11800.0,0
Data / Python,Pleno,2,HYBRID,1.05,3,1,-2,5,2,3,0.4,2,1.0,11300.0,-0.2566,1,15200.0,0
Backend Node.js,Senior,3,REMOTE,1.0,12,12,0,5,4,1,0.8,1,0.99,13900.0,-0.2944,1,19700.0,1
Backend Node.js,Junior,1,HYBRID,1.05,0,0,0,5,3,2,0.6,4,0.99,10100.0,0.0306,1,9800.0,1
Data / Python,Senior,3,ONSITE,1.1,6,8,2,5,1,4,0.2,0,1.0,19600.0,-0.1833,1,24000.0,0
Data / Python,Senior,3,REMOTE,1.0,9,9,0,5,3,2,0.6,1,1.0,23600.0,-0.0672,0,25300.0,0
DevOps / SRE,Junior,1,HYBRID,1.05,1,1,0,5,2,3,0.4,1,1.12,9300.0,-0.256,0,12500.0,0
Data / Python,Pleno,2,REMOTE,1.0,3,2,-1,5,1,4,0.2,3,1.0,17100.0,0.2042,1,14200.0,0
Frontend React,Junior,1,HYBRID,1.05,0,3,3,5,3,2,0.6,0,0.97,8500.0,0.0897,0,7800.0,1
DevOps / SRE,Pleno,2,ONSITE,1.1,3,6,3,5,2,3,0.4,2,1.12,14900.0,-0.2624,0,20200.0,1
Frontend React,Pleno,2,HYBRID,1.05,3,4,1,5,4,1,0.8,3,0.97,10800.0,-0.2552,0,14500.0,1
Frontend React,Senior,3,ONSITE,1.1,9,12,3,5,5,0,1.0,1,0.97,14500.0,-0.2368,1,19000.0,1
Backend Node.js,Junior,1,ONSITE,1.1,1,4,3,5,2,3,0.4,0,0.99,11800.0,0.2292,1,9600.0,1
Machine Learning Eng.,Junior,1,REMOTE,1.0,1,0,-1,5,3,2,0.6,2,1.2,15300.0,0.0775,0,14200.0,1
Fullstack,Pleno,2,REMOTE,1.0,4,1,-3,5,4,1,0.8,2,0.99,18500.0,0.2416,1,14900.0,1
Frontend React,Senior,3,ONSITE,1.1,10,13,3,5,5,0,1.0,2,0.97,15800.0,-0.0814,1,17200.0,1
Machine Learning Eng.,Pleno,2,REMOTE,1.0,3,0,-3,5,0,5,0.0,2,1.2,20400.0,0.0049,1,20300.0,0
DevOps / SRE,Senior,3,ONSITE,1.1,10,7,-3,5,1,4,0.2,2,1.12,18600.0,-0.306,1,26800.0,0
Data / Python,Senior,3,HYBRID,1.05,11,9,-2,5,1,4,0.2,1,1.0,15400.0,-0.2596,1,20800.0,0
Backend Node.js,Junior,1,ONSITE,1.1,2,1,-1,5,2,3,0.4,0,0.99,8200.0,-0.1277,1,9400.0,0
Machine Learning Eng.,Junior,1,ONSITE,1.1,2,5,3,5,3,2,0.6,0,1.2,16700.0,0.1361,1,14700.0,0
Backend Node.js,Pleno,2,REMOTE,1.0,3,6,3,5,0,5,0.0,4,0.99,18100.0,0.2929,1,14000.0,0
Frontend React,Junior,1,HYBRID,1.05,1,4,3,5,3,2,0.6,0,0.97,6100.0,-0.2469,1,8100.0,1
Frontend React,Pleno,2,HYBRID,1.05,4,2,-2,5,5,0,1.0,2,0.97,10800.0,-0.1692,1,13000.0,1
Machine Learning Eng.,Pleno,2,ONSITE,1.1,5,8,3,5,2,3,0.4,4,1.2,19300.0,0.1092,1,17400.0,0
DevOps / SRE,Junior,1,ONSITE,1.1,2,4,2,5,2,3,0.4,0,1.12,14900.0,0.1641,0,12800.0,0
Fullstack,Senior,3,REMOTE,1.0,7,10,3,5,5,0,1.0,4,0.99,16800.0,-0.087,0,18400.0,1
Data / Python,Junior,1,ONSITE,1.1,1,2,1,5,4,1,0.8,1,1.0,12300.0,0.0424,0,11800.0,1
Data / Python,Pleno,2,REMOTE,1.0,4,2,-2,5,5,0,1.0,3,1.0,19400.0,0.1975,1,16200.0,1
Fullstack,Senior,3,REMOTE,1.0,11,10,-1,5,4,1,0.8,2,0.99,19700.0,0.026,0,19200.0,0
Data / Python,Pleno,2,REMOTE,1.0,3,5,2,5,4,1,0.8,0,1.0,17700.0,0.0663,1,16600.0,1
Fullstack,Junior,1,ONSITE,1.1,0,0,0,5,5,0,1.0,2,0.99,11200.0,0.098,1,10200.0,1
DevOps / SRE,Senior,3,HYBRID,1.05,6,5,-1,5,1,4,0.2,4,1.12,21800.0,-0.1383,0,25300.0,0
Machine Learning Eng.,Junior,1,HYBRID,1.05,1,0,-1,5,4,1,0.8,4,1.2,10000.0,-0.3333,1,15000.0,1
Fullstack,Pleno,2,ONSITE,1.1,4,4,0,5,3,2,0.6,3,0.99,15000.0,-0.0566,1,15900.0,1
Machine Learning Eng.,Senior,3,ONSITE,1.1,8,7,-1,5,5,0,1.0,0,1.2,30900.0,0.0996,1,28100.0,1
Fullstack,Senior,3,HYBRID,1.05,6,7,1,5,0,5,0.0,0,0.99,20400.0,0.0251,1,19900.0,0
Frontend React,Pleno,2,ONSITE,1.1,3,0,-3,5,4,1,0.8,4,0.97,14400.0,0.0588,1,13600.0,1
Backend Node.js,Pleno,2,HYBRID,1.05,3,4,1,5,5,0,1.0,1,0.99,16100.0,0.0455,1,15400.0,1
Fullstack,Junior,1,HYBRID,1.05,1,1,0,5,3,2,0.6,3,0.99,10300.0,-0.0283,1,10600.0,0
DevOps / SRE,Pleno,2,ONSITE,1.1,5,5,0,5,4,1,0.8,4,1.12,23000.0,0.15,0,20000.0,1
DevOps / SRE,Junior,1,REMOTE,1.0,1,4,3,5,1,4,0.2,2,1.12,12200.0,0.1193,1,10900.0,0
Frontend React,Senior,3,HYBRID,1.05,12,9,-3,5,4,1,0.8,2,0.97,14300.0,-0.35,1,22000.0,1
Machine Learning Eng.,Senior,3,REMOTE,1.0,12,14,2,5,4,1,0.8,2,1.2,15100.0,-0.4055,1,25400.0,1
Fullstack,Pleno,2,ONSITE,1.1,5,5,0,5,3,2,0.6,4,0.99,11300.0,-0.2416,1,14900.0,1
Data / Python,Pleno,2,HYBRID,1.05,4,6,2,5,5,0,1.0,4,1.0,15400.0,-0.061,1,16400.0,1
Frontend React,Senior,3,HYBRID,1.05,7,5,-2,5,4,1,0.8,4,0.97,20400.0,-0.0556,1,21600.0,1
Machine Learning Eng.,Pleno,2,ONSITE,1.1,3,1,-2,5,2,3,0.4,1,1.2,20200.0,0.0254,1,19700.0,0
Frontend React,Pleno,2,ONSITE,1.1,3,0,-3,5,3,2,0.6,0,0.97,11600.0,-0.1831,1,14200.0,0
Frontend React,Senior,3,ONSITE,1.1,8,6,-2,5,0,5,0.0,1,0.97,22600.0,0.1832,1,19100.0,0
Backend Node.js,Senior,3,ONSITE,1.1,10,12,2,5,3,2,0.6,0,0.99,14800.0,-0.3393,0,22400.0,1
Backend Node.js,Senior,3,HYBRID,1.05,11,11,0,5,1,4,0.2,4,0.99,10800.0,-0.413,1,18400.0,0
Frontend React,Senior,3,ONSITE,1.1,7,6,-1,5,3,2,0.6,1,0.97,17900.0,-0.0821,1,19500.0,0
Data / Python,Junior,1,ONSITE,1.1,0,3,3,5,0,5,0.0,3,1.0,6600.0,-0.3654,1,10400.0,0
DevOps / SRE,Pleno,2,REMOTE,1.0,3,1,-2,5,5,0,1.0,0,1.12,19100.0,0.0106,1,18900.0,1
DevOps / SRE,Pleno,2,HYBRID,1.05,3,4,1,5,5,0,1.0,4,1.12,17300.0,-0.0749,1,18700.0,1
Data / Python,Pleno,2,HYBRID,1.05,3,4,1,5,3,2,0.6,0,1.0,13700.0,-0.1437,1,16000.0,1
Data / Python,Pleno,2,ONSITE,1.1,4,1,-3,5,1,4,0.2,1,1.0,20600.0,0.3377,0,15400.0,0
Frontend React,Pleno,2,HYBRID,1.05,3,4,1,5,1,4,0.2,4,0.97,13400.0,-0.0219,1,13700.0,0
Machine Learning Eng.,Junior,1,HYBRID,1.05,0,1,1,5,3,2,0.6,1,1.2,11300.0,-0.0887,1,12400.0,1
Machine Learning Eng.,Junior,1,REMOTE,1.0,1,0,-1,5,4,1,0.8,1,1.2,12300.0,-0.0238,1,12600.0,1
Frontend React,Pleno,2,ONSITE,1.1,3,4,1,5,0,5,0.0,2,0.97,12400.0,-0.1507,1,14600.0,0
Backend Node.js,Junior,1,REMOTE,1.0,2,4,2,5,0,5,0.0,2,0.99,7900.0,-0.1684,0,9500.0,0
Machine Learning Eng.,Pleno,2,ONSITE,1.1,5,5,0,5,4,1,0.8,4,1.2,21700.0,-0.0046,1,21800.0,1
DevOps / SRE,Pleno,2,HYBRID,1.05,3,2,-1,5,1,4,0.2,4,1.12,16500.0,-0.175,0,20000.0,0
Backend Node.js,Pleno,2,ONSITE,1.1,4,2,-2,5,3,2,0.6,2,0.99,10700.0,-0.2246,1,13800.0,0
Backend Node.js,Pleno,2,ONSITE,1.1,5,6,1,5,4,1,0.8,0,0.99,18200.0,0.2215,1,14900.0,1
Frontend React,Pleno,2,ONSITE,1.1,5,5,0,5,4,1,0.8,4,0.97,14500.0,0.1417,1,12700.0,1
Fullstack,Senior,3,REMOTE,1.0,7,5,-2,5,5,0,1.0,2,0.99,14800.0,-0.2816,0,20600.0,1
Machine Learning Eng.,Junior,1,HYBRID,1.05,0,0,0,5,4,1,0.8,4,1.2,13700.0,0.1322,0,12100.0,1
Frontend React,Pleno,2,HYBRID,1.05,5,8,3,5,0,5,0.0,1,0.97,13000.0,0.0484,0,12400.0,0
Machine Learning Eng.,Senior,3,ONSITE,1.1,9,9,0,5,0,5,0.0,2,1.2,36200.0,0.1753,0,30800.0,0
Backend Node.js,Junior,1,HYBRID,1.05,1,4,3,5,3,2,0.6,0,0.99,11700.0,0.2581,0,9300.0,1
Backend Node.js,Junior,1,REMOTE,1.0,0,3,3,5,2,3,0.4,0,0.99,8400.0,-0.0233,1,8600.0,0
DevOps / SRE,Junior,1,REMOTE,1.0,0,0,0,5,1,4,0.2,0,1.12,10100.0,-0.0982,1,11200.0,0
Data / Python,Pleno,2,HYBRID,1.05,5,7,2,5,5,0,1.0,2,1.0,16700.0,-0.0511,1,17600.0,1
DevOps / SRE,Junior,1,ONSITE,1.1,1,3,2,5,0,5,0.0,3,1.12,9500.0,-0.24,1,12500.0,0
Data / Python,Senior,3,REMOTE,1.0,11,13,2,5,1,4,0.2,3,1.0,20500.0,-0.0807,1,22300.0,1
Data / Python,Pleno,2,REMOTE,1.0,3,0,-3,5,0,5,0.0,3,1.0,15600.0,-0.1333,1,18000.0,0
Machine Learning Eng.,Pleno,2,HYBRID,1.05,4,3,-1,5,5,0,1.0,4,1.2,18600.0,-0.0653,0,19900.0,1
Data / Python,Pleno,2,ONSITE,1.1,3,3,0,5,0,5,0.0,3,1.0,9300.0,-0.4114,1,15800.0,0
DevOps / SRE,Senior,3,REMOTE,1.0,9,8,-1,5,5,0,1.0,3,1.12,32600.0,0.128,1,28900.0,1
Fullstack,Junior,1,HYBRID,1.05,2,4,2,5,3,2,0.6,3,0.99,11200.0,0.0566,1,10600.0,1
Fullstack,Pleno,2,ONSITE,1.1,4,4,0,5,1,4,0.2,3,0.99,15900.0,-0.0479,1,16700.0,0
Machine Learning Eng.,Pleno,2,ONSITE,1.1,3,0,-3,5,0,5,0.0,4,1.2,25000.0,0.1161,1,22400.0,0
Backend Node.js,Junior,1,REMOTE,1.0,2,3,1,5,1,4,0.2,2,0.99,8400.0,-0.1158,0,9500.0,0
Machine Learning Eng.,Senior,3,ONSITE,1.1,9,8,-1,5,0,5,0.0,2,1.2,30500.0,0.1423,1,26700.0,0
Fullstack,Pleno,2,HYBRID,1.05,3,5,2,5,5,0,1.0,3,0.99,13100.0,-0.1267,1,15000.0,1
Machine Learning Eng.,Pleno,2,REMOTE,1.0,4,4,0,5,2,3,0.4,3,1.2,23200.0,0.1208,1,20700.0,1
Data / Python,Senior,3,ONSITE,1.1,6,9,3,5,3,2,0.6,2,1.0,28700.0,0.1811,1,24300.0,1
Data / Python,Pleno,2,REMOTE,1.0,4,3,-1,5,5,0,1.0,1,1.0,7600.0,-0.5394,1,16500.0,1
Fullstack,Pleno,2,ONSITE,1.1,3,4,1,5,3,2,0.6,0,0.99,15000.0,-0.1892,0,18500.0,0
DevOps / SRE,Senior,3,HYBRID,1.05,8,6,-2,5,0,5,0.0,1,1.12,21600.0,-0.1496,1,25400.0,0
Frontend React,Pleno,2,REMOTE,1.0,3,6,3,5,2,3,0.4,3,0.97,12200.0,0.0517,1,11600.0,1
Fullstack,Junior,1,HYBRID,1.05,2,4,2,5,2,3,0.4,1,0.99,9300.0,-0.1308,1,10700.0,0
Backend Node.js,Pleno,2,HYBRID,1.05,5,7,2,5,4,1,0.8,4,0.99,16700.0,0.1208,0,14900.0,1
Frontend React,Junior,1,ONSITE,1.1,1,3,2,5,3,2,0.6,4,0.97,9900.0,0.0761,0,9200.0,1
DevOps / SRE,Pleno,2,ONSITE,1.1,5,7,2,5,5,0,1.0,0,1.12,22900.0,0.1624,1,19700.0,1
Data / Python,Senior,3,REMOTE,1.0,6,7,1,5,0,5,0.0,3,1.0,18600.0,-0.1308,0,21400.0,0
Fullstack,Junior,1,ONSITE,1.1,2,0,-2,5,0,5,0.0,1,0.99,12300.0,0.0513,1,11700.0,0
Data / Python,Senior,3,HYBRID,1.05,11,9,-2,5,4,1,0.8,1,1.0,25200.0,0.1004,1,22900.0,0
Backend Node.js,Junior,1,ONSITE,1.1,1,3,2,5,0,5,0.0,1,0.99,6300.0,-0.422,1,10900.0,0
Machine Learning Eng.,Senior,3,REMOTE,1.0,7,5,-2,5,0,5,0.0,1,1.2,23500.0,-0.2007,1,29400.0,0
Frontend React,Pleno,2,HYBRID,1.05,3,4,1,5,0,5,0.0,3,0.97,10500.0,-0.1393,1,12200.0,0
Fullstack,Junior,1,ONSITE,1.1,2,4,2,5,3,2,0.6,1,0.99,7900.0,-0.1939,1,9800.0,1
Fullstack,Junior,1,ONSITE,1.1,1,1,0,5,5,0,1.0,1,0.99,11700.0,0.0446,1,11200.0,0
Frontend React,Pleno,2,HYBRID,1.05,3,1,-2,5,2,3,0.4,0,0.97,14900.0,0.0276,0,14500.0,0
Frontend React,Pleno,2,HYBRID,1.05,3,1,-2,5,0,5,0.0,1,0.97,14000.0,-0.0071,0,14100.0,0
DevOps / SRE,Junior,1,ONSITE,1.1,1,0,-1,5,0,5,0.0,0,1.12,10500.0,-0.1667,1,12600.0,0
Backend Node.js,Pleno,2,HYBRID,1.05,5,8,3,5,1,4,0.2,0,0.99,17100.0,0.0823,0,15800.0,0
Machine Learning Eng.,Junior,1,REMOTE,1.0,0,2,2,5,5,0,1.0,4,1.2,13400.0,0.0229,0,13100.0,1
Frontend React,Senior,3,HYBRID,1.05,12,9,-3,5,1,4,0.2,4,0.97,12000.0,-0.3443,1,18300.0,0
Fullstack,Pleno,2,HYBRID,1.05,5,7,2,5,5,0,1.0,3,0.99,11700.0,-0.2866,1,16400.0,1
Frontend React,Senior,3,ONSITE,1.1,8,6,-2,5,4,1,0.8,0,0.97,15600.0,-0.1285,1,17900.0,0
DevOps / SRE,Junior,1,REMOTE,1.0,0,3,3,5,0,5,0.0,2,1.12,11900.0,0.0531,0,11300.0,0
Fullstack,Senior,3,HYBRID,1.05,7,8,1,5,0,5,0.0,3,0.99,19100.0,-0.0861,1,20900.0,0
Fullstack,Junior,1,REMOTE,1.0,2,0,-2,5,3,2,0.6,0,0.99,9600.0,0.0323,1,9300.0,0
Frontend React,Pleno,2,REMOTE,1.0,4,7,3,5,5,0,1.0,2,0.97,13300.0,0.0231,0,13000.0,1
Fullstack,Pleno,2,REMOTE,1.0,3,6,3,5,1,4,0.2,2,0.99,11100.0,-0.2345,1,14500.0,0
Fullstack,Junior,1,ONSITE,1.1,1,2,1,5,0,5,0.0,2,0.99,11300.0,0.0367,1,10900.0,0
Data / Python,Junior,1,HYBRID,1.05,0,0,0,5,1,4,0.2,0,1.0,8600.0,-0.165,1,10300.0,0
Backend Node.js,Senior,3,REMOTE,1.0,6,7,1,5,2,3,0.4,2,0.99,19300.0,-0.0052,1,19400.0,0
Data / Python,Pleno,2,ONSITE,1.1,5,6,1,5,2,3,0.4,4,1.0,14400.0,-0.0943,1,15900.0,0
Machine Learning Eng.,Senior,3,REMOTE,1.0,6,7,1,5,0,5,0.0,3,1.2,18200.0,-0.3477,0,27900.0,0
Backend Node.js,Pleno,2,HYBRID,1.05,4,6,2,5,1,4,0.2,0,0.99,18600.0,0.1071,0,16800.0,0
Backend Node.js,Pleno,2,HYBRID,1.05,4,6,2,5,0,5,0.0,0,0.99,13500.0,-0.094,0,14900.0,0
Data / Python,Junior,1,HYBRID,1.05,0,2,2,5,3,2,0.6,1,1.0,8200.0,-0.287,0,11500.0,1
Fullstack,Pleno,2,HYBRID,1.05,4,5,1,5,5,0,1.0,3,0.99,17500.0,0.1364,1,15400.0,1
Backend Node.js,Senior,3,REMOTE,1.0,10,7,-3,5,1,4,0.2,3,0.99,16600.0,-0.0978,1,18400.0,0
Data / Python,Pleno,2,ONSITE,1.1,3,0,-3,5,5,0,1.0,2,1.0,10400.0,-0.4348,1,18400.0,1
DevOps / SRE,Senior,3,HYBRID,1.05,6,4,-2,5,2,3,0.4,3,1.12,20200.0,-0.2261,1,26100.0,0
DevOps / SRE,Junior,1,HYBRID,1.05,2,4,2,5,4,1,0.8,3,1.12,13300.0,0.0726,1,12400.0,1
Fullstack,Pleno,2,ONSITE,1.1,4,1,-3,5,4,1,0.8,4,0.99,12300.0,-0.3128,1,17900.0,1
Machine Learning Eng.,Pleno,2,REMOTE,1.0,3,3,0,5,1,4,0.2,1,1.2,19200.0,0.1034,1,17400.0,0
Fullstack,Pleno,2,REMOTE,1.0,5,2,-3,5,4,1,0.8,1,0.99,14700.0,0.028,1,14300.0,0
Data / Python,Pleno,2,REMOTE,1.0,5,4,-1,5,5,0,1.0,1,1.0,16600.0,0.0506,1,15800.0,1
Machine Learning Eng.,Senior,3,HYBRID,1.05,11,13,2,5,2,3,0.4,0,1.2,33100.0,0.2259,1,27000.0,1
DevOps / SRE,Senior,3,ONSITE,1.1,7,10,3,5,4,1,0.8,0,1.12,21700.0,-0.2619,1,29400.0,1
Backend Node.js,Senior,3,ONSITE,1.1,9,10,1,5,4,1,0.8,1,0.99,10800.0,-0.449,1,19600.0,1
Frontend React,Pleno,2,HYBRID,1.05,5,2,-3,5,2,3,0.4,2,0.97,14000.0,0.0853,1,12900.0,0
Frontend React,Pleno,2,HYBRID,1.05,4,6,2,5,1,4,0.2,0,0.97,11400.0,0.0179,1,11200.0,0
Machine Learning Eng.,Pleno,2,ONSITE,1.1,5,4,-1,5,5,0,1.0,1,1.2,15600.0,-0.2811,0,21700.0,1
Machine Learning Eng.,Junior,1,ONSITE,1.1,2,3,1,5,3,2,0.6,3,1.2,10900.0,-0.2158,0,13900.0,1
Data / Python,Pleno,2,ONSITE,1.1,5,4,-1,5,0,5,0.0,0,1.0,10900.0,-0.2922,1,15400.0,0
DevOps / SRE,Pleno,2,ONSITE,1.1,3,5,2,5,2,3,0.4,4,1.12,21400.0,0.0974,1,19500.0,1
Machine Learning Eng.,Pleno,2,ONSITE,1.1,3,2,-1,5,5,0,1.0,3,1.2,24500.0,0.1722,0,20900.0,1
Frontend React,Senior,3,HYBRID,1.05,6,8,2,5,0,5,0.0,1,0.97,17800.0,0.0289,1,17300.0,0
Data / Python,Pleno,2,REMOTE,1.0,4,6,2,5,2,3,0.4,4,1.0,16700.0,-0.0291,1,17200.0,1
Data / Python,Pleno,2,REMOTE,1.0,5,5,0,5,3,2,0.6,2,1.0,16400.0,-0.012,1,16600.0,1
Frontend React,Pleno,2,ONSITE,1.1,4,5,1,5,3,2,0.6,4,0.97,16600.0,0.0993,1,15100.0,1
Frontend React,Senior,3,HYBRID,1.05,12,11,-1,5,4,1,0.8,1,0.97,15100.0,-0.1882,1,18600.0,0
Data / Python,Junior,1,ONSITE,1.1,1,2,1,5,3,2,0.6,4,1.0,11900.0,0.0085,1,11800.0,1
Frontend React,Pleno,2,HYBRID,1.05,5,8,3,5,4,1,0.8,2,0.97,7900.0,-0.4148,0,13500.0,1
Data / Python,Pleno,2,REMOTE,1.0,3,2,-1,5,0,5,0.0,4,1.0,18300.0,0.1366,1,16100.0,0
DevOps / SRE,Senior,3,REMOTE,1.0,6,6,0,5,0,5,0.0,2,1.12,22600.0,-0.0738,0,24400.0,0
Backend Node.js,Pleno,2,ONSITE,1.1,4,5,1,5,2,3,0.4,3,0.99,9800.0,-0.3797,1,15800.0,1
DevOps / SRE,Senior,3,REMOTE,1.0,11,14,3,5,0,5,0.0,1,1.12,23900.0,0.0302,1,23200.0,0
Machine Learning Eng.,Pleno,2,REMOTE,1.0,4,6,2,5,4,1,0.8,2,1.2,21100.0,-0.014,0,21400.0,1
Machine Learning Eng.,Pleno,2,ONSITE,1.1,5,3,-2,5,3,2,0.6,0,1.2,20300.0,-0.0425,1,21200.0,0
Data / Python,Junior,1,HYBRID,1.05,2,0,-2,5,2,3,0.4,1,1.0,10800.0,0.0189,0,10600.0,0
Fullstack,Senior,3,ONSITE,1.1,6,6,0,5,1,4,0.2,3,0.99,14300.0,-0.3092,1,20700.0,0
Fullstack,Pleno,2,REMOTE,1.0,5,5,0,5,3,2,0.6,4,0.99,16600.0,0.1528,1,14400.0,1
Machine Learning Eng.,Pleno,2,REMOTE,1.0,5,6,1,5,5,0,1.0,4,1.2,18300.0,0.1806,1,15500.0,1
Data / Python,Junior,1,HYBRID,1.05,2,1,-1,5,1,4,0.2,4,1.0,12000.0,0.1321,0,10600.0,0
Frontend React,Senior,3,ONSITE,1.1,9,10,1,5,4,1,0.8,1,0.97,15300.0,-0.1593,1,18200.0,1
Fullstack,Senior,3,REMOTE,1.0,7,5,-2,5,0,5,0.0,0,0.99,15600.0,-0.1702,1,18800.0,0
Fullstack,Senior,3,REMOTE,1.0,11,11,0,5,5,0,1.0,1,0.99,25000.0,0.1013,0,22700.0,1
Machine Learning Eng.,Senior,3,HYBRID,1.05,9,10,1,5,3,2,0.6,2,1.2,25000.0,-0.0975,1,27700.0,1
Fullstack,Junior,1,ONSITE,1.1,0,0,0,5,2,3,0.4,0,0.99,9500.0,-0.1364,1,11000.0,0
DevOps / SRE,Junior,1,HYBRID,1.05,2,3,1,5,1,4,0.2,2,1.12,11000.0,-0.0265,0,11300.0,0
Data / Python,Junior,1,HYBRID,1.05,0,2,2,5,1,4,0.2,1,1.0,9700.0,-0.0673,0,10400.0,0
Fullstack,Pleno,2,REMOTE,1.0,5,3,-2,5,5,0,1.0,0,0.99,12200.0,-0.0687,1,13100.0,1
Data / Python,Junior,1,REMOTE,1.0,0,0,0,5,4,1,0.8,4,1.0,10500.0,0.117,1,9400.0,1
DevOps / SRE,Senior,3,REMOTE,1.0,6,7,1,5,5,0,1.0,0,1.12,30800.0,0.0922,0,28200.0,1
Data / Python,Pleno,2,REMOTE,1.0,5,6,1,5,3,2,0.6,2,1.0,18300.0,0.0958,1,16700.0,0
Machine Learning Eng.,Junior,1,REMOTE,1.0,0,2,2,5,1,4,0.2,1,1.2,11900.0,-0.0246,1,12200.0,0
Data / Python,Senior,3,ONSITE,1.1,6,7,1,5,0,5,0.0,2,1.0,16900.0,-0.3475,0,25900.0,0
Backend Node.js,Pleno,2,ONSITE,1.1,3,5,2,5,3,2,0.6,0,0.99,12300.0,-0.236,1,16100.0,1
Machine Learning Eng.,Pleno,2,REMOTE,1.0,5,6,1,5,3,2,0.6,2,1.2,17400.0,-0.1714,0,21000.0,1
Frontend React,Senior,3,HYBRID,1.05,10,12,2,5,3,2,0.6,4,0.97,19400.0,-0.0152,1,19700.0,1
Data / Python,Junior,1,HYBRID,1.05,2,3,1,5,0,5,0.0,0,1.0,10900.0,-0.0522,0,11500.0,0
Fullstack,Pleno,2,REMOTE,1.0,3,4,1,5,4,1,0.8,2,0.99,12500.0,-0.1379,0,14500.0,1
Frontend React,Pleno,2,REMOTE,1.0,5,5,0,5,4,1,0.8,1,0.97,15700.0,0.1544,1,13600.0,1
Data / Python,Junior,1,ONSITE,1.1,1,0,-1,5,0,5,0.0,3,1.0,12800.0,0.0,0,12800.0,0
DevOps / SRE,Pleno,2,REMOTE,1.0,3,0,-3,5,4,1,0.8,1,1.12,19300.0,-0.0398,0,20100.0,0
Fullstack,Pleno,2,HYBRID,1.05,3,2,-1,5,4,1,0.8,2,0.99,12900.0,-0.1623,1,15400.0,1
Backend Node.js,Pleno,2,ONSITE,1.1,3,2,-1,5,3,2,0.6,4,0.99,17300.0,0.0422,1,16600.0,0
Data / Python,Senior,3,REMOTE,1.0,11,9,-2,5,3,2,0.6,4,1.0,23200.0,0.0175,1,22800.0,1
Fullstack,Senior,3,ONSITE,1.1,10,13,3,5,0,5,0.0,3,0.99,15900.0,-0.2319,0,20700.0,0
Data / Python,Pleno,2,HYBRID,1.05,5,2,-3,5,5,0,1.0,0,1.0,14100.0,-0.1754,0,17100.0,0
Backend Node.js,Senior,3,ONSITE,1.1,9,12,3,5,5,0,1.0,1,0.99,16400.0,-0.2227,1,21100.0,1
Backend Node.js,Junior,1,HYBRID,1.05,1,0,-1,5,0,5,0.0,1,0.99,11200.0,0.12,0,10000.0,0
Machine Learning Eng.,Pleno,2,ONSITE,1.1,4,5,1,5,1,4,0.2,0,1.2,12200.0,-0.4696,0,23000.0,0
Backend Node.js,Senior,3,ONSITE,1.1,8,9,1,5,5,0,1.0,3,0.99,19400.0,-0.1339,1,22400.0,1
Backend Node.js,Senior,3,REMOTE,1.0,9,8,-1,5,1,4,0.2,3,0.99,24900.0,0.2266,1,20300.0,0
Data / Python,Junior,1,ONSITE,1.1,2,4,2,5,2,3,0.4,3,1.0,13200.0,0.1786,0,11200.0,0
Frontend React,Junior,1,ONSITE,1.1,2,1,-1,5,1,4,0.2,1,0.97,10400.0,0.1429,0,9100.0,0
Machine Learning Eng.,Junior,1,HYBRID,1.05,0,0,0,5,4,1,0.8,4,1.2,8900.0,-0.3643,1,14000.0,1
Machine Learning Eng.,Junior,1,REMOTE,1.0,0,0,0,5,4,1,0.8,2,1.2,13200.0,0.1478,1,11500.0,1
Fullstack,Pleno,2,HYBRID,1.05,3,6,3,5,5,0,1.0,4,0.99,14200.0,-0.0897,0,15600.0,1
Machine Learning Eng.,Senior,3,ONSITE,1.1,6,3,-3,5,1,4,0.2,4,1.2,33300.0,-0.006,0,33500.0,0
Frontend React,Junior,1,HYBRID,1.05,2,0,-2,5,0,5,0.0,4,0.97,8000.0,-0.1667,1,9600.0,0
Data / Python,Junior,1,REMOTE,1.0,0,1,1,5,3,2,0.6,1,1.0,13100.0,0.297,1,10100.0,1
Data / Python,Senior,3,ONSITE,1.1,6,6,0,5,3,2,0.6,1,1.0,22800.0,-0.1298,0,26200.0,1
Fullstack,Junior,1,REMOTE,1.0,1,0,-1,5,3,2,0.6,0,0.99,9100.0,0.0341,0,8800.0,0
Data / Python,Pleno,2,REMOTE,1.0,5,6,1,5,3,2,0.6,0,1.0,16900.0,0.0764,1,15700.0,0
Frontend React,Senior,3,ONSITE,1.1,8,7,-1,5,3,2,0.6,0,0.97,24300.0,0.1302,1,21500.0,0
Backend Node.js,Senior,3,ONSITE,1.1,12,10,-2,5,3,2,0.6,1,0.99,17500.0,-0.1463,0,20500.0,0
Fullstack,Pleno,2,REMOTE,1.0,5,5,0,5,3,2,0.6,0,0.99,14900.0,-0.0197,0,15200.0,0
Frontend React,Pleno,2,REMOTE,1.0,4,3,-1,5,5,0,1.0,1,0.97,12700.0,-0.073,0,13700.0,1
Backend Node.js,Junior,1,HYBRID,1.05,0,0,0,5,5,0,1.0,2,0.99,6500.0,-0.3085,0,9400.0,1
Backend Node.js,Senior,3,HYBRID,1.05,6,3,-3,5,1,4,0.2,2,0.99,19900.0,-0.0433,0,20800.0,0
Frontend React,Junior,1,ONSITE,1.1,1,2,1,5,4,1,0.8,3,0.97,9700.0,0.0778,0,9000.0,1
Fullstack,Pleno,2,HYBRID,1.05,5,5,0,5,5,0,1.0,3,0.99,17000.0,0.0692,1,15900.0,1
Machine Learning Eng.,Pleno,2,REMOTE,1.0,4,7,3,5,5,0,1.0,1,1.2,17800.0,-0.0872,1,19500.0,1
Frontend React,Senior,3,ONSITE,1.1,9,6,-3,5,0,5,0.0,3,0.97,27200.0,0.283,0,21200.0,0
Machine Learning Eng.,Pleno,2,REMOTE,1.0,4,2,-2,5,2,3,0.4,1,1.2,17300.0,-0.1173,1,19600.0,0
Data / Python,Junior,1,REMOTE,1.0,0,0,0,5,1,4,0.2,0,1.0,8600.0,-0.14,1,10000.0,0
Frontend React,Pleno,2,REMOTE,1.0,3,4,1,5,2,3,0.4,2,0.97,17500.0,0.3359,1,13100.0,0
Frontend React,Pleno,2,HYBRID,1.05,3,4,1,5,5,0,1.0,0,0.97,15200.0,0.0411,1,14600.0,1
Backend Node.js,Junior,1,ONSITE,1.1,2,2,0,5,3,2,0.6,3,0.99,4900.0,-0.4896,1,9600.0,1
Data / Python,Senior,3,REMOTE,1.0,8,5,-3,5,3,2,0.6,2,1.0,17500.0,-0.1784,1,21300.0,0
Machine Learning Eng.,Junior,1,ONSITE,1.1,0,0,0,5,4,1,0.8,3,1.2,16200.0,0.0728,1,15100.0,1
Data / Python,Pleno,2,HYBRID,1.05,3,0,-3,5,3,2,0.6,4,1.0,12900.0,-0.25,1,17200.0,0
Backend Node.js,Junior,1,REMOTE,1.0,0,0,0,5,5,0,1.0,3,0.99,10700.0,0.2299,0,8700.0,1
Data / Python,Junior,1,ONSITE,1.1,0,0,0,5,1,4,0.2,3,1.0,10900.0,-0.0917,1,12000.0,0
Backend Node.js,Senior,3,REMOTE,1.0,6,3,-3,5,0,5,0.0,3,0.99,18500.0,-0.0263,1,19000.0,0
Fullstack,Junior,1,REMOTE,1.0,0,0,0,5,1,4,0.2,2,0.99,8700.0,-0.0842,1,9500.0,0
Machine Learning Eng.,Junior,1,ONSITE,1.1,2,3,1,5,5,0,1.0,3,1.2,16600.0,0.2672,0,13100.0,1
Backend Node.js,Senior,3,HYBRID,1.05,10,8,-2,5,3,2,0.6,2,0.99,19800.0,-0.1081,1,22200.0,1
Machine Learning Eng.,Pleno,2,REMOTE,1.0,3,3,0,5,2,3,0.4,1,1.2,19400.0,0.0211,1,19000.0,0
Frontend React,Junior,1,REMOTE,1.0,1,0,-1,5,3,2,0.6,0,0.97,4400.0,-0.3973,1,7300.0,0
Backend Node.js,Senior,3,HYBRID,1.05,7,7,0,5,0,5,0.0,0,0.99,20600.0,-0.0594,0,21900.0,0
Machine Learning Eng.,Pleno,2,ONSITE,1.1,5,2,-3,5,2,3,0.4,4,1.2,22200.0,-0.0431,1,23200.0,0
Fullstack,Senior,3,HYBRID,1.05,9,11,2,5,5,0,1.0,1,0.99,18000.0,-0.1667,0,21600.0,1
Fullstack,Junior,1,HYBRID,1.05,2,4,2,5,0,5,0.0,2,0.99,12800.0,0.1327,1,11300.0,0
Fullstack,Senior,3,REMOTE,1.0,10,13,3,5,5,0,1.0,2,0.99,28100.0,0.289,1,21800.0,1
Machine Learning Eng.,Pleno,2,REMOTE,1.0,4,7,3,5,4,1,0.8,1,1.2,28800.0,0.3151,1,21900.0,1
Frontend React,Senior,3,HYBRID,1.05,12,13,1,5,3,2,0.6,2,0.97,16700.0,-0.1302,1,19200.0,1
Fullstack,Senior,3,REMOTE,1.0,8,7,-1,5,5,0,1.0,1,0.99,22600.0,0.1531,1,19600.0,1
Frontend React,Pleno,2,REMOTE,1.0,5,3,-2,5,4,1,0.8,0,0.97,17900.0,0.2177,1,14700.0,0
DevOps / SRE,Pleno,2,HYBRID,1.05,5,5,0,5,5,0,1.0,2,1.12,17900.0,0.0056,0,17800.0,1
Data / Python,Junior,1,HYBRID,1.05,1,0,-1,5,1,4,0.2,0,1.0,10900.0,0.0,1,10900.0,0
Machine Learning Eng.,Pleno,2,ONSITE,1.1,3,2,-1,5,0,5,0.0,0,1.2,22800.0,-0.0256,1,23400.0,0
DevOps / SRE,Pleno,2,HYBRID,1.05,4,5,1,5,3,2,0.6,0,1.12,16000.0,-0.1444,0,18700.0,1
Data / Python,Pleno,2,ONSITE,1.1,5,5,0,5,5,0,1.0,2,1.0,17400.0,0.0116,1,17200.0,1
DevOps / SRE,Junior,1,REMOTE,1.0,0,0,0,5,1,4,0.2,2,1.12,8800.0,-0.1698,1,10600.0,0
Fullstack,Junior,1,HYBRID,1.05,0,2,2,5,2,3,0.4,2,0.99,9800.0,-0.0101,0,9900.0,1
Backend Node.js,Senior,3,ONSITE,1.1,6,6,0,5,4,1,0.8,4,0.99,24200.0,0.0614,1,22800.0,1
Machine Learning Eng.,Junior,1,ONSITE,1.1,0,2,2,5,2,3,0.4,0,1.2,13700.0,-0.0072,1,13800.0,0
Backend Node.js,Junior,1,REMOTE,1.0,0,2,2,5,3,2,0.6,1,0.99,8700.0,0.0235,0,8500.0,1
Machine Learning Eng.,Pleno,2,ONSITE,1.1,3,5,2,5,2,3,0.4,2,1.2,16900.0,-0.1105,0,19000.0,0
Data / Python,Pleno,2,HYBRID,1.05,3,2,-1,5,5,0,1.0,4,1.0,14200.0,-0.1839,1,17400.0,1
Backend Node.js,Junior,1,REMOTE,1.0,0,0,0,5,0,5,0.0,4,0.99,8700.0,0.0235,0,8500.0,0
DevOps / SRE,Pleno,2,ONSITE,1.1,4,6,2,5,4,1,0.8,0,1.12,22200.0,0.1623,0,19100.0,1
Backend Node.js,Junior,1,ONSITE,1.1,0,0,0,5,5,0,1.0,3,0.99,6800.0,-0.32,1,10000.0,1
Data / Python,Senior,3,REMOTE,1.0,8,5,-3,5,3,2,0.6,2,1.0,19800.0,-0.1,1,22000.0,0
Frontend React,Pleno,2,ONSITE,1.1,4,2,-2,5,4,1,0.8,4,0.97,12800.0,-0.1293,0,14700.0,1
Backend Node.js,Pleno,2,HYBRID,1.05,5,5,0,5,3,2,0.6,4,0.99,11400.0,-0.2349,0,14900.0,1
Machine Learning Eng.,Pleno,2,HYBRID,1.05,5,3,-2,5,0,5,0.0,0,1.2,21700.0,0.0046,1,21600.0,0
Backend Node.js,Senior,3,ONSITE,1.1,11,11,0,5,5,0,1.0,3,0.99,22400.0,0.1728,0,19100.0,1
Backend Node.js,Senior,3,REMOTE,1.0,12,9,-3,5,4,1,0.8,4,0.99,10900.0,-0.4577,1,20100.0,1
Fullstack,Pleno,2,HYBRID,1.05,5,2,-3,5,4,1,0.8,2,0.99,13200.0,-0.102,1,14700.0,0
Data / Python,Pleno,2,REMOTE,1.0,3,3,0,5,4,1,0.8,2,1.0,16400.0,0.0123,1,16200.0,1
DevOps / SRE,Junior,1,ONSITE,1.1,1,3,2,5,5,0,1.0,2,1.12,15200.0,0.1014,0,13800.0,1
Backend Node.js,Junior,1,HYBRID,1.05,0,3,3,5,2,3,0.4,4,0.99,7800.0,-0.1522,1,9200.0,1
Data / Python,Pleno,2,ONSITE,1.1,4,1,-3,5,4,1,0.8,0,1.0,16600.0,-0.0829,1,18100.0,1
Data / Python,Pleno,2,ONSITE,1.1,4,7,3,5,1,4,0.2,3,1.0,11500.0,-0.2675,1,15700.0,1
DevOps / SRE,Pleno,2,HYBRID,1.05,3,3,0,5,0,5,0.0,3,1.12,20500.0,0.1517,1,17800.0,0
Machine Learning Eng.,Senior,3,ONSITE,1.1,7,9,2,5,1,4,0.2,2,1.2,23100.0,-0.1507,1,27200.0,0
Backend Node.js,Pleno,2,HYBRID,1.05,4,5,1,5,5,0,1.0,4,0.99,19400.0,0.3759,1,14100.0,1
Fullstack,Senior,3,REMOTE,1.0,8,9,1,5,1,4,0.2,3,0.99,18200.0,-0.1415,1,21200.0,0
Frontend React,Senior,3,ONSITE,1.1,10,7,-3,5,0,5,0.0,4,0.97,19100.0,-0.0905,0,21000.0,0
Fullstack,Junior,1,HYBRID,1.05,1,0,-1,5,4,1,0.8,1,0.99,10500.0,0.0096,0,10400.0,1
Data / Python,Pleno,2,REMOTE,1.0,3,3,0,5,3,2,0.6,3,1.0,16900.0,0.0696,0,15800.0,1
Frontend React,Junior,1,ONSITE,1.1,2,2,0,5,2,3,0.4,0,0.97,6000.0,-0.3182,1,8800.0,0
Fullstack,Pleno,2,ONSITE,1.1,3,6,3,5,1,4,0.2,1,0.99,10800.0,-0.2895,1,15200.0,0
Machine Learning Eng.,Pleno,2,HYBRID,1.05,3,2,-1,5,2,3,0.4,1,1.2,22700.0,0.0413,1,21800.0,0
Data / Python,Pleno,2,HYBRID,1.05,3,2,-1,5,1,4,0.2,4,1.0,16000.0,-0.1257,1,18300.0,0
Data / Python,Senior,3,HYBRID,1.05,6,5,-1,5,5,0,1.0,4,1.0,27200.0,0.1429,1,23800.0,1
Frontend React,Junior,1,HYBRID,1.05,1,3,2,5,4,1,0.8,2,0.97,8800.0,0.0115,1,8700.0,1
Frontend React,Senior,3,REMOTE,1.0,12,10,-2,5,5,0,1.0,3,0.97,19000.0,0.2258,1,15500.0,1
Machine Learning Eng.,Junior,1,ONSITE,1.1,1,3,2,5,5,0,1.0,3,1.2,13700.0,-0.0552,1,14500.0,1
Machine Learning Eng.,Junior,1,HYBRID,1.05,1,2,1,5,0,5,0.0,3,1.2,7500.0,-0.4643,1,14000.0,0
DevOps / SRE,Pleno,2,ONSITE,1.1,5,2,-3,5,4,1,0.8,0,1.12,16700.0,-0.1932,1,20700.0,1
Frontend React,Junior,1,REMOTE,1.0,2,0,-2,5,5,0,1.0,1,0.97,5800.0,-0.3696,0,9200.0,1
Data / Python,Junior,1,REMOTE,1.0,2,1,-1,5,4,1,0.8,4,1.0,8200.0,-0.0787,0,8900.0,1
Machine Learning Eng.,Junior,1,HYBRID,1.05,0,0,0,5,1,4,0.2,4,1.2,10000.0,-0.2481,1,13300.0,0
Backend Node.js,Senior,3,HYBRID,1.05,10,7,-3,5,5,0,1.0,2,0.99,18500.0,-0.0212,0,18900.0,1
Frontend React,Pleno,2,ONSITE,1.1,3,2,-1,5,3,2,0.6,2,0.97,13100.0,-0.0709,1,14100.0,1
Data / Python,Junior,1,HYBRID,1.05,2,4,2,5,0,5,0.0,4,1.0,11600.0,0.0087,1,11500.0,0
Backend Node.js,Pleno,2,HYBRID,1.05,4,3,-1,5,0,5,0.0,3,0.99,15600.0,0.0541,1,14800.0,0
Data / Python,Pleno,2,HYBRID,1.05,5,8,3,5,0,5,0.0,3,1.0,20500.0,0.1453,1,17900.0,0
Fullstack,Pleno,2,HYBRID,1.05,3,4,1,5,4,1,0.8,3,0.99,15700.0,-0.0309,1,16200.0,1
DevOps / SRE,Pleno,2,ONSITE,1.1,5,8,3,5,2,3,0.4,2,1.12,21300.0,0.0095,1,21100.0,1
Fullstack,Senior,3,REMOTE,1.0,9,12,3,5,4,1,0.8,1,0.99,26600.0,0.1565,1,23000.0,1
Frontend React,Junior,1,ONSITE,1.1,0,0,0,5,1,4,0.2,2,0.97,7400.0,-0.26,1,10000.0,0
Machine Learning Eng.,Junior,1,ONSITE,1.1,1,4,3,5,0,5,0.0,1,1.2,13300.0,-0.0567,1,14100.0,0
DevOps / SRE,Pleno,2,ONSITE,1.1,5,2,-3,5,1,4,0.2,1,1.12,19000.0,-0.05,1,20000.0,0
Fullstack,Senior,3,REMOTE,1.0,7,10,3,5,4,1,0.8,2,0.99,39700.0,0.6966,1,23400.0,1
Fullstack,Pleno,2,ONSITE,1.1,5,6,1,5,5,0,1.0,0,0.99,16800.0,-0.0508,0,17700.0,1
DevOps / SRE,Junior,1,ONSITE,1.1,0,2,2,5,3,2,0.6,4,1.12,11000.0,-0.1057,0,12300.0,1
Machine Learning Eng.,Junior,1,REMOTE,1.0,2,0,-2,5,0,5,0.0,0,1.2,11900.0,-0.125,1,13600.0,0
Fullstack,Junior,1,HYBRID,1.05,2,0,-2,5,3,2,0.6,1,0.99,8500.0,-0.086,0,9300.0,0
Data / Python,Senior,3,HYBRID,1.05,6,8,2,5,1,4,0.2,0,1.0,23200.0,0.0995,1,21100.0,0
Fullstack,Senior,3,ONSITE,1.1,9,12,3,5,5,0,1.0,3,0.99,17300.0,-0.27,1,23700.0,1
Fullstack,Pleno,2,HYBRID,1.05,5,7,2,5,4,1,0.8,3,0.99,15100.0,-0.0195,0,15400.0,1
Data / Python,Junior,1,HYBRID,1.05,1,0,-1,5,2,3,0.4,0,1.0,11200.0,-0.104,1,12500.0,0
DevOps / SRE,Pleno,2,ONSITE,1.1,4,6,2,5,5,0,1.0,2,1.12,21300.0,-0.0405,0,22200.0,1
Backend Node.js,Pleno,2,REMOTE,1.0,4,3,-1,5,4,1,0.8,4,0.99,14000.0,0.0,1,14000.0,1
Fullstack,Junior,1,ONSITE,1.1,1,4,3,5,0,5,0.0,0,0.99,9300.0,-0.1913,1,11500.0,0
Machine Learning Eng.,Pleno,2,ONSITE,1.1,5,5,0,5,3,2,0.6,0,1.2,13700.0,-0.335,1,20600.0,0
Machine Learning Eng.,Senior,3,ONSITE,1.1,10,7,-3,5,5,0,1.0,2,1.2,24600.0,-0.1689,0,29600.0,1
Data / Python,Pleno,2,HYBRID,1.05,4,2,-2,5,1,4,0.2,2,1.0,15700.0,-0.0427,1,16400.0,0
Backend Node.js,Senior,3,HYBRID,1.05,6,9,3,5,1,4,0.2,3,0.99,19100.0,-0.1549,1,22600.0,1
Machine Learning Eng.,Senior,3,ONSITE,1.1,6,7,1,5,5,0,1.0,0,1.2,20000.0,-0.3769,0,32100.0,1
DevOps / SRE,Pleno,2,ONSITE,1.1,4,3,-1,5,3,2,0.6,0,1.12,20200.0,0.1099,1,18200.0,0
Machine Learning Eng.,Senior,3,ONSITE,1.1,11,12,1,5,3,2,0.6,0,1.2,26700.0,-0.1682,1,32100.0,1
Backend Node.js,Pleno,2,HYBRID,1.05,4,6,2,5,4,1,0.8,4,0.99,11000.0,-0.2517,0,14700.0,1
DevOps / SRE,Pleno,2,REMOTE,1.0,4,5,1,5,0,5,0.0,1,1.12,20900.0,0.0663,1,19600.0,0
DevOps / SRE,Junior,1,ONSITE,1.1,2,0,-2,5,5,0,1.0,0,1.12,10000.0,-0.2857,1,14000.0,1
DevOps / SRE,Junior,1,HYBRID,1.05,0,0,0,5,2,3,0.4,1,1.12,11200.0,-0.104,0,12500.0,0
Fullstack,Senior,3,REMOTE,1.0,7,7,0,5,0,5,0.0,0,0.99,30900.0,0.411,1,21900.0,0
Frontend React,Pleno,2,HYBRID,1.05,3,1,-2,5,3,2,0.6,3,0.97,11700.0,-0.1333,1,13500.0,0
Machine Learning Eng.,Pleno,2,HYBRID,1.05,5,3,-2,5,0,5,0.0,0,1.2,19000.0,0.0106,1,18800.0,0
Machine Learning Eng.,Senior,3,REMOTE,1.0,11,8,-3,5,1,4,0.2,1,1.2,17800.0,-0.3383,1,26900.0,0
Frontend React,Pleno,2,HYBRID,1.05,4,2,-2,5,4,1,0.8,1,0.97,10800.0,-0.25,0,14400.0,1
DevOps / SRE,Junior,1,HYBRID,1.05,0,0,0,5,1,4,0.2,4,1.12,9600.0,-0.1724,0,11600.0,0
DevOps / SRE,Senior,3,HYBRID,1.05,11,14,3,5,2,3,0.4,0,1.12,29400.0,0.1094,1,26500.0,0
Frontend React,Senior,3,REMOTE,1.0,7,8,1,5,3,2,0.6,2,0.97,24000.0,0.3115,0,18300.0,1
Fullstack,Pleno,2,REMOTE,1.0,3,0,-3,5,5,0,1.0,2,0.99,17400.0,0.1837,0,14700.0,1
Machine Learning Eng.,Pleno,2,HYBRID,1.05,3,1,-2,5,0,5,0.0,1,1.2,27000.0,0.1489,1,23500.0,0
DevOps / SRE,Junior,1,ONSITE,1.1,2,0,-2,5,1,4,0.2,1,1.12,14700.0,0.1484,1,12800.0,0
Fullstack,Senior,3,REMOTE,1.0,8,6,-2,5,0,5,0.0,0,0.99,13600.0,-0.3733,1,21700.0,0
DevOps / SRE,Junior,1,HYBRID,1.05,2,0,-2,5,1,4,0.2,2,1.12,10100.0,-0.0288,1,10400.0,0
DevOps / SRE,Senior,3,ONSITE,1.1,7,8,1,5,2,3,0.4,0,1.12,25300.0,-0.08,1,27500.0,0
Fullstack,Senior,3,REMOTE,1.0,9,8,-1,5,5,0,1.0,1,0.99,16900.0,-0.1333,0,19500.0,1
Data / Python,Junior,1,REMOTE,1.0,2,3,1,5,4,1,0.8,4,1.0,10300.0,-0.0463,0,10800.0,1
DevOps / SRE,Senior,3,REMOTE,1.0,6,7,1,5,5,0,1.0,2,1.12,37500.0,0.4648,1,25600.0,1
Machine Learning Eng.,Senior,3,HYBRID,1.05,8,5,-3,5,3,2,0.6,2,1.2,26400.0,-0.0469,0,27700.0,0
Machine Learning Eng.,Junior,1,ONSITE,1.1,1,2,1,5,5,0,1.0,2,1.2,16600.0,0.1141,0,14900.0,1
Frontend React,Junior,1,ONSITE,1.1,1,3,2,5,1,4,0.2,0,0.97,6800.0,-0.2444,1,9000.0,0
Data / Python,Pleno,2,HYBRID,1.05,5,8,3,5,2,3,0.4,2,1.0,18100.0,0.1037,0,16400.0,0
DevOps / SRE,Pleno,2,HYBRID,1.05,3,4,1,5,3,2,0.6,4,1.12,19300.0,0.1221,0,17200.0,1
Frontend React,Senior,3,REMOTE,1.0,10,10,0,5,3,2,0.6,1,0.97,18000.0,0.0169,1,17700.0,0
Backend Node.js,Pleno,2,ONSITE,1.1,4,3,-1,5,4,1,0.8,1,0.99,22500.0,0.461,1,15400.0,0
Data / Python,Senior,3,REMOTE,1.0,8,5,-3,5,5,0,1.0,0,1.0,13500.0,-0.4156,1,23100.0,1
Machine Learning Eng.,Pleno,2,REMOTE,1.0,5,4,-1,5,4,1,0.8,0,1.2,19500.0,-0.025,1,20000.0,0
Fullstack,Senior,3,HYBRID,1.05,6,4,-2,5,3,2,0.6,4,0.99,15700.0,-0.0977,0,17400.0,0
Fullstack,Senior,3,HYBRID,1.05,11,9,-2,5,4,1,0.8,0,0.99,16900.0,-0.1756,0,20500.0,0
Machine Learning Eng.,Pleno,2,REMOTE,1.0,3,1,-2,5,3,2,0.6,3,1.2,20000.0,-0.115,1,22600.0,0
Fullstack,Junior,1,REMOTE,1.0,2,5,3,5,3,2,0.6,2,0.99,9500.0,-0.0104,1,9600.0,1
Backend Node.js,Pleno,2,ONSITE,1.1,3,2,-1,5,1,4,0.2,2,0.99,19100.0,0.1235,1,17000.0,0
DevOps / SRE,Senior,3,HYBRID,1.05,10,7,-3,5,1,4,0.2,0,1.12,19400.0,-0.2652,1,26400.0,0
DevOps / SRE,Pleno,2,REMOTE,1.0,5,4,-1,5,3,2,0.6,1,1.12,15800.0,-0.1897,0,19500.0,0
Data / Python,Junior,1,HYBRID,1.05,2,3,1,5,4,1,0.8,0,1.0,14200.0,0.2679,0,11200.0,1
Data / Python,Pleno,2,REMOTE,1.0,4,1,-3,5,2,3,0.4,0,1.0,12600.0,-0.1923,1,15600.0,0
Machine Learning Eng.,Senior,3,ONSITE,1.1,8,5,-3,5,0,5,0.0,1,1.2,33800.0,0.0903,0,31000.0,0
Data / Python,Junior,1,ONSITE,1.1,1,1,0,5,0,5,0.0,4,1.0,9900.0,-0.1466,0,11600.0,0
Frontend React,Pleno,2,REMOTE,1.0,5,5,0,5,4,1,0.8,4,0.97,13700.0,-0.0284,0,14100.0,1
Frontend React,Senior,3,HYBRID,1.05,10,13,3,5,0,5,0.0,1,0.97,15300.0,-0.1905,1,18900.0,0
Frontend React,Senior,3,ONSITE,1.1,8,10,2,5,0,5,0.0,3,0.97,18300.0,-0.0054,1,18400.0,0
Machine Learning Eng.,Junior,1,REMOTE,1.0,2,3,1,5,3,2,0.6,2,1.2,11600.0,0.0642,1,10900.0,1
Fullstack,Senior,3,HYBRID,1.05,8,10,2,5,5,0,1.0,3,0.99,20800.0,-0.1297,0,23900.0,1
Machine Learning Eng.,Pleno,2,ONSITE,1.1,3,5,2,5,1,4,0.2,4,1.2,28600.0,0.1818,1,24200.0,0
DevOps / SRE,Senior,3,HYBRID,1.05,7,5,-2,5,1,4,0.2,0,1.12,22100.0,-0.0307,1,22800.0,0
Machine Learning Eng.,Pleno,2,ONSITE,1.1,5,5,0,5,3,2,0.6,1,1.2,17400.0,-0.1594,1,20700.0,0
Machine Learning Eng.,Senior,3,REMOTE,1.0,9,12,3,5,1,4,0.2,1,1.2,28600.0,0.1304,0,25300.0,0
Frontend React,Junior,1,REMOTE,1.0,1,0,-1,5,0,5,0.0,2,0.97,8500.0,-0.0341,1,8800.0,0
DevOps / SRE,Pleno,2,HYBRID,1.05,3,5,2,5,4,1,0.8,1,1.12,14400.0,-0.1864,1,17700.0,1
Backend Node.js,Junior,1,HYBRID,1.05,1,0,-1,5,2,3,0.4,1,0.99,11500.0,0.2921,1,8900.0,0
Backend Node.js,Pleno,2,HYBRID,1.05,5,2,-3,5,2,3,0.4,4,0.99,11500.0,-0.2123,1,14600.0,0
DevOps / SRE,Junior,1,HYBRID,1.05,1,0,-1,5,1,4,0.2,3,1.12,10500.0,-0.0094,1,10600.0,0
Frontend React,Senior,3,HYBRID,1.05,12,11,-1,5,4,1,0.8,2,0.97,15200.0,-0.1828,0,18600.0,1
Backend Node.js,Pleno,2,REMOTE,1.0,5,4,-1,5,0,5,0.0,3,0.99,14400.0,-0.027,1,14800.0,0
Fullstack,Pleno,2,HYBRID,1.05,4,6,2,5,3,2,0.6,3,0.99,15800.0,-0.0247,0,16200.0,1
Frontend React,Senior,3,HYBRID,1.05,8,10,2,5,3,2,0.6,4,0.97,15200.0,-0.2,0,19000.0,1
Backend Node.js,Pleno,2,REMOTE,1.0,5,8,3,5,1,4,0.2,3,0.99,14500.0,-0.0461,0,15200.0,0
Machine Learning Eng.,Senior,3,REMOTE,1.0,11,13,2,5,3,2,0.6,3,1.2,30200.0,-0.0163,1,30700.0,1
Fullstack,Senior,3,HYBRID,1.05,10,11,1,5,3,2,0.6,1,0.99,23600.0,0.0926,1,21600.0,0
Fullstack,Pleno,2,ONSITE,1.1,4,4,0,5,0,5,0.0,3,0.99,12000.0,-0.2982,1,17100.0,0
DevOps / SRE,Junior,1,REMOTE,1.0,1,0,-1,5,4,1,0.8,4,1.12,11000.0,-0.0179,0,11200.0,0
Frontend React,Pleno,2,REMOTE,1.0,3,5,2,5,1,4,0.2,0,0.97,10200.0,-0.2444,1,13500.0,0
DevOps / SRE,Junior,1,HYBRID,1.05,1,2,1,5,0,5,0.0,0,1.12,13000.0,0.1207,1,11600.0,0
Frontend React,Pleno,2,ONSITE,1.1,5,4,-1,5,1,4,0.2,0,0.97,11900.0,-0.125,1,13600.0,0
DevOps / SRE,Junior,1,ONSITE,1.1,1,4,3,5,1,4,0.2,4,1.12,9800.0,-0.1901,1,12100.0,0
Machine Learning Eng.,Junior,1,HYBRID,1.05,1,0,-1,5,4,1,0.8,2,1.2,13600.0,0.0625,1,12800.0,1
Data / Python,Pleno,2,ONSITE,1.1,5,4,-1,5,4,1,0.8,3,1.0,12600.0,-0.2544,1,16900.0,1
Frontend React,Senior,3,REMOTE,1.0,8,11,3,5,1,4,0.2,1,0.97,17600.0,-0.033,1,18200.0,0
DevOps / SRE,Junior,1,ONSITE,1.1,1,3,2,5,4,1,0.8,0,1.12,9500.0,-0.2692,1,13000.0,1
Data / Python,Junior,1,HYBRID,1.05,1,0,-1,5,2,3,0.4,0,1.0,7700.0,-0.3063,0,11100.0,0
Machine Learning Eng.,Pleno,2,REMOTE,1.0,3,4,1,5,5,0,1.0,3,1.2,14300.0,-0.1966,1,17800.0,1
Data / Python,Pleno,2,HYBRID,1.05,5,2,-3,5,1,4,0.2,0,1.0,12300.0,-0.2115,1,15600.0,0
Backend Node.js,Senior,3,REMOTE,1.0,6,6,0,5,3,2,0.6,2,0.99,21700.0,0.0743,0,20200.0,1
DevOps / SRE,Junior,1,REMOTE,1.0,0,0,0,5,1,4,0.2,1,1.12,9200.0,-0.2203,1,11800.0,0
Machine Learning Eng.,Junior,1,HYBRID,1.05,0,0,0,5,5,0,1.0,0,1.2,9200.0,-0.2459,1,12200.0,1
Fullstack,Pleno,2,HYBRID,1.05,4,2,-2,5,4,1,0.8,0,0.99,15200.0,-0.0559,1,16100.0,0
Frontend React,Senior,3,REMOTE,1.0,12,13,1,5,0,5,0.0,1,0.97,15700.0,-0.1604,1,18700.0,0
DevOps / SRE,Junior,1,HYBRID,1.05,1,4,3,5,1,4,0.2,1,1.12,9400.0,-0.3088,1,13600.0,0
Backend Node.js,Pleno,2,REMOTE,1.0,4,7,3,5,5,0,1.0,1,0.99,12900.0,-0.0719,1,13900.0,1
DevOps / SRE,Pleno,2,ONSITE,1.1,4,4,0,5,5,0,1.0,3,1.12,18500.0,-0.1475,1,21700.0,1
DevOps / SRE,Junior,1,ONSITE,1.1,1,4,3,5,4,1,0.8,2,1.12,10100.0,-0.2519,1,13500.0,1
DevOps / SRE,Pleno,2,ONSITE,1.1,4,2,-2,5,4,1,0.8,1,1.12,18900.0,-0.0735,1,20400.0,1
Machine Learning Eng.,Junior,1,ONSITE,1.1,2,5,3,5,1,4,0.2,4,1.2,10800.0,-0.2653,1,14700.0,0
DevOps / SRE,Senior,3,REMOTE,1.0,6,9,3,5,2,3,0.4,2,1.12,17900.0,-0.2664,1,24400.0,1
Frontend React,Pleno,2,HYBRID,1.05,4,5,1,5,1,4,0.2,2,0.97,16300.0,0.156,1,14100.0,0
Machine Learning Eng.,Junior,1,ONSITE,1.1,1,0,-1,5,0,5,0.0,4,1.2,15800.0,0.188,0,13300.0,0
Machine Learning Eng.,Senior,3,HYBRID,1.05,10,7,-3,5,4,1,0.8,1,1.2,25600.0,-0.089,1,28100.0,1
DevOps / SRE,Junior,1,HYBRID,1.05,2,0,-2,5,4,1,0.8,3,1.12,12600.0,-0.0156,1,12800.0,1
Machine Learning Eng.,Senior,3,ONSITE,1.1,8,9,1,5,5,0,1.0,2,1.2,25800.0,-0.1134,0,29100.0,1
Machine Learning Eng.,Junior,1,ONSITE,1.1,2,1,-1,5,5,0,1.0,2,1.2,19900.0,0.2839,0,15500.0,1
DevOps / SRE,Junior,1,HYBRID,1.05,0,2,2,5,1,4,0.2,3,1.12,10000.0,-0.1228,1,11400.0,0
Frontend React,Junior,1,REMOTE,1.0,2,2,0,5,3,2,0.6,1,0.97,7800.0,-0.025,1,8000.0,0
Data / Python,Senior,3,REMOTE,1.0,9,7,-2,5,5,0,1.0,0,1.0,28400.0,0.2189,0,23300.0,1
Data / Python,Pleno,2,ONSITE,1.1,4,1,-3,5,1,4,0.2,1,1.0,14900.0,-0.232,1,19400.0,0
Backend Node.js,Senior,3,ONSITE,1.1,10,10,0,5,5,0,1.0,4,0.99,14200.0,-0.3516,0,21900.0,1
Machine Learning Eng.,Senior,3,REMOTE,1.0,8,9,1,5,4,1,0.8,2,1.2,24100.0,-0.0871,1,26400.0,1
Frontend React,Pleno,2,ONSITE,1.1,4,6,2,5,5,0,1.0,4,0.97,8100.0,-0.3864,1,13200.0,1
Frontend React,Pleno,2,HYBRID,1.05,3,6,3,5,3,2,0.6,4,0.97,13300.0,-0.0221,1,13600.0,1
Data / Python,Senior,3,HYBRID,1.05,9,9,0,5,2,3,0.4,3,1.0,18200.0,-0.2121,1,23100.0,1
Fullstack,Junior,1,HYBRID,1.05,1,0,-1,5,1,4,0.2,4,0.99,9000.0,-0.0426,1,9400.0,0
Data / Python,Junior,1,REMOTE,1.0,1,1,0,5,5,0,1.0,4,1.0,13000.0,0.3,0,10000.0,1
Frontend React,Junior,1,HYBRID,1.05,2,1,-1,5,3,2,0.6,0,0.97,8900.0,-0.0729,1,9600.0,0
Fullstack,Pleno,2,ONSITE,1.1,3,2,-1,5,0,5,0.0,4,0.99,15500.0,-0.1092,1,17400.0,0
Machine Learning Eng.,Pleno,2,ONSITE,1.1,4,1,-3,5,0,5,0.0,0,1.2,18500.0,-0.1814,1,22600.0,0
Fullstack,Junior,1,ONSITE,1.1,1,0,-1,5,0,5,0.0,4,0.99,11000.0,0.0,0,11000.0,0
Fullstack,Senior,3,ONSITE,1.1,12,10,-2,5,5,0,1.0,2,0.99,28100.0,0.1107,1,25300.0,1
Fullstack,Junior,1,HYBRID,1.05,2,2,0,5,2,3,0.4,3,0.99,7800.0,-0.1522,1,9200.0,0
Frontend React,Pleno,2,REMOTE,1.0,5,2,-3,5,2,3,0.4,2,0.97,8900.0,-0.3308,0,13300.0,0
Fullstack,Pleno,2,HYBRID,1.05,4,4,0,5,4,1,0.8,0,0.99,12300.0,-0.2215,1,15800.0,1
Backend Node.js,Pleno,2,ONSITE,1.1,4,6,2,5,3,2,0.6,4,0.99,11900.0,-0.2516,1,15900.0,1
Data / Python,Junior,1,ONSITE,1.1,1,3,2,5,0,5,0.0,2,1.0,7200.0,-0.3846,1,11700.0,0
DevOps / SRE,Senior,3,REMOTE,1.0,6,7,1,5,0,5,0.0,1,1.12,21500.0,-0.1731,1,26000.0,0
Fullstack,Senior,3,ONSITE,1.1,11,12,1,5,2,3,0.4,0,0.99,14900.0,-0.3407,0,22600.0,0
DevOps / SRE,Pleno,2,REMOTE,1.0,4,4,0,5,3,2,0.6,2,1.12,19100.0,0.0437,1,18300.0,1
Data / Python,Pleno,2,REMOTE,1.0,5,6,1,5,0,5,0.0,0,1.0,12500.0,-0.1883,1,15400.0,0
Fullstack,Junior,1,ONSITE,1.1,2,2,0,5,1,4,0.2,0,0.99,9600.0,-0.0588,1,10200.0,0
Data / Python,Pleno,2,REMOTE,1.0,3,1,-2,5,3,2,0.6,3,1.0,20400.0,0.2439,1,16400.0,0
Fullstack,Junior,1,REMOTE,1.0,1,0,-1,5,4,1,0.8,3,0.99,9200.0,-0.0515,0,9700.0,1
Frontend React,Junior,1,HYBRID,1.05,0,0,0,5,0,5,0.0,0,0.97,7800.0,-0.0714,1,8400.0,0
DevOps / SRE,Senior,3,HYBRID,1.05,8,7,-1,5,5,0,1.0,3,1.12,27000.0,0.0588,1,25500.0,1
DevOps / SRE,Pleno,2,HYBRID,1.05,4,2,-2,5,3,2,0.6,1,1.12,16300.0,-0.1189,1,18500.0,0
Data / Python,Pleno,2,REMOTE,1.0,3,5,2,5,4,1,0.8,1,1.0,8300.0,-0.3465,1,12700.0,1
Machine Learning Eng.,Junior,1,REMOTE,1.0,1,4,3,5,1,4,0.2,4,1.2,11600.0,-0.0794,1,12600.0,1
Backend Node.js,Senior,3,REMOTE,1.0,6,5,-1,5,3,2,0.6,2,0.99,8000.0,-0.5918,0,19600.0,1
Frontend React,Pleno,2,ONSITE,1.1,4,3,-1,5,4,1,0.8,2,0.97,15900.0,0.1522,1,13800.0,1
Fullstack,Pleno,2,HYBRID,1.05,3,4,1,5,4,1,0.8,1,0.99,16000.0,0.0458,1,15300.0,1
Backend Node.js,Junior,1,HYBRID,1.05,1,1,0,5,0,5,0.0,0,0.99,5900.0,-0.3218,0,8700.0,0
Data / Python,Junior,1,REMOTE,1.0,2,0,-2,5,5,0,1.0,1,1.0,8800.0,-0.0833,1,9600.0,1
Frontend React,Junior,1,HYBRID,1.05,2,3,1,5,4,1,0.8,0,0.97,9000.0,0.0588,0,8500.0,1
DevOps / SRE,Junior,1,REMOTE,1.0,1,3,2,5,2,3,0.4,2,1.12,10200.0,-0.15,1,12000.0,1
Data / Python,Junior,1,ONSITE,1.1,1,4,3,5,0,5,0.0,0,1.0,12000.0,0.0,0,12000.0,0
Backend Node.js,Junior,1,REMOTE,1.0,1,1,0,5,5,0,1.0,2,0.99,7400.0,-0.1868,1,9100.0,1
Data / Python,Junior,1,ONSITE,1.1,2,0,-2,5,1,4,0.2,4,1.0,9200.0,-0.1238,1,10500.0,0
Fullstack,Junior,1,ONSITE,1.1,2,3,1,5,1,4,0.2,1,0.99,7300.0,-0.3596,0,11400.0,0
Fullstack,Senior,3,ONSITE,1.1,11,9,-2,5,1,4,0.2,1,0.99,20000.0,-0.2,1,25000.0,0
DevOps / SRE,Junior,1,REMOTE,1.0,2,0,-2,5,2,3,0.4,4,1.12,10900.0,-0.1066,1,12200.0,0
DevOps / SRE,Pleno,2,REMOTE,1.0,4,2,-2,5,4,1,0.8,4,1.12,14200.0,-0.1932,0,17600.0,1
Machine Learning Eng.,Junior,1,HYBRID,1.05,1,3,2,5,4,1,0.8,4,1.2,16900.0,0.1986,0,14100.0,1
Machine Learning Eng.,Senior,3,ONSITE,1.1,9,10,1,5,0,5,0.0,0,1.2,31100.0,-0.0986,1,34500.0,0
Data / Python,Senior,3,REMOTE,1.0,7,4,-3,5,1,4,0.2,1,1.0,26900.0,0.098,1,24500.0,0
Fullstack,Junior,1,HYBRID,1.05,1,3,2,5,0,5,0.0,4,0.99,13000.0,0.1927,0,10900.0,0
DevOps / SRE,Junior,1,REMOTE,1.0,2,0,-2,5,5,0,1.0,3,1.12,11300.0,-0.0174,1,11500.0,1
Data / Python,Junior,1,REMOTE,1.0,2,4,2,5,2,3,0.4,4,1.0,13000.0,0.1818,1,11000.0,0
Frontend React,Junior,1,HYBRID,1.05,1,2,1,5,1,4,0.2,1,0.97,8200.0,-0.0989,1,9100.0,0
Backend Node.js,Junior,1,REMOTE,1.0,2,0,-2,5,2,3,0.4,0,0.99,9300.0,0.0568,1,8800.0,0
Data / Python,Junior,1,REMOTE,1.0,1,4,3,5,3,2,0.6,3,1.0,11800.0,0.2688,1,9300.0,1
DevOps / SRE,Junior,1,REMOTE,1.0,2,4,2,5,0,5,0.0,0,1.12,9000.0,-0.1589,1,10700.0,0
Fullstack,Senior,3,REMOTE,1.0,10,11,1,5,1,4,0.2,1,0.99,24000.0,0.1483,1,20900.0,0
Backend Node.js,Senior,3,HYBRID,1.05,8,7,-1,5,4,1,0.8,0,0.99,20800.0,-0.0235,1,21300.0,1
Data / Python,Junior,1,ONSITE,1.1,0,0,0,5,5,0,1.0,2,1.0,8300.0,-0.2315,0,10800.0,1
Backend Node.js,Pleno,2,ONSITE,1.1,4,2,-2,5,1,4,0.2,3,0.99,16500.0,0.0714,1,15400.0,0
Backend Node.js,Pleno,2,ONSITE,1.1,4,1,-3,5,2,3,0.4,1,0.99,10000.0,-0.3506,1,15400.0,0
Data / Python,Senior,3,HYBRID,1.05,10,12,2,5,3,2,0.6,1,1.0,25800.0,0.1727,1,22000.0,0
Backend Node.js,Senior,3,REMOTE,1.0,10,8,-2,5,4,1,0.8,2,0.99,16600.0,-0.1217,1,18900.0,1
Fullstack,Junior,1,ONSITE,1.1,0,0,0,5,5,0,1.0,4,0.99,8100.0,-0.2768,1,11200.0,1
Machine Learning Eng.,Senior,3,REMOTE,1.0,6,4,-2,5,5,0,1.0,4,1.2,25000.0,-0.1135,1,28200.0,1
Fullstack,Pleno,2,REMOTE,1.0,4,1,-3,5,4,1,0.8,4,0.99,12100.0,-0.2577,0,16300.0,1
Machine Learning Eng.,Pleno,2,ONSITE,1.1,4,3,-1,5,4,1,0.8,1,1.2,19200.0,-0.1504,1,22600.0,1
Machine Learning Eng.,Senior,3,HYBRID,1.05,12,14,2,5,2,3,0.4,2,1.2,24700.0,-0.1627,1,29500.0,1
Backend Node.js,Senior,3,HYBRID,1.05,8,6,-2,5,4,1,0.8,2,0.99,14600.0,-0.2589,1,19700.0,1
Machine Learning Eng.,Senior,3,ONSITE,1.1,12,10,-2,5,2,3,0.4,2,1.2,23100.0,-0.2736,0,31800.0,0
DevOps / SRE,Senior,3,HYBRID,1.05,6,9,3,5,5,0,1.0,1,1.12,21100.0,-0.1822,1,25800.0,1
DevOps / SRE,Junior,1,ONSITE,1.1,0,0,0,5,5,0,1.0,3,1.12,12500.0,-0.0672,1,13400.0,1
Machine Learning Eng.,Pleno,2,REMOTE,1.0,3,2,-1,5,0,5,0.0,0,1.2,15900.0,-0.1067,1,17800.0,0
Data / Python,Pleno,2,ONSITE,1.1,5,7,2,5,5,0,1.0,1,1.0,17200.0,0.1169,0,15400.0,1
Frontend React,Senior,3,HYBRID,1.05,10,10,0,5,0,5,0.0,0,0.97,13600.0,-0.1758,1,16500.0,0
DevOps / SRE,Junior,1,HYBRID,1.05,2,5,3,5,2,3,0.4,2,1.12,9000.0,-0.1892,1,11100.0,1
Machine Learning Eng.,Pleno,2,ONSITE,1.1,5,3,-2,5,3,2,0.6,0,1.2,18600.0,-0.0159,1,18900.0,0
Backend Node.js,Junior,1,REMOTE,1.0,2,3,1,5,4,1,0.8,2,0.99,5100.0,-0.4457,1,9200.0,1
Backend Node.js,Junior,1,REMOTE,1.0,0,0,0,5,3,2,0.6,1,0.99,13900.0,0.4184,1,9800.0,0
Backend Node.js,Senior,3,REMOTE,1.0,8,8,0,5,5,0,1.0,4,0.99,22000.0,0.0427,1,21100.0,1
Frontend React,Senior,3,REMOTE,1.0,7,8,1,5,3,2,0.6,3,0.97,10000.0,-0.3421,0,15200.0,1
Fullstack,Senior,3,ONSITE,1.1,10,11,1,5,0,5,0.0,3,0.99,18800.0,-0.1681,1,22600.0,0
Frontend React,Senior,3,ONSITE,1.1,6,7,1,5,2,3,0.4,0,0.97,15700.0,-0.1907,1,19400.0,0
Data / Python,Senior,3,HYBRID,1.05,11,11,0,5,1,4,0.2,3,1.0,26000.0,0.1064,1,23500.0,0
DevOps / SRE,Pleno,2,ONSITE,1.1,4,3,-1,5,3,2,0.6,1,1.12,24600.0,0.1131,1,22100.0,0
Machine Learning Eng.,Pleno,2,REMOTE,1.0,5,6,1,5,1,4,0.2,1,1.2,20500.0,0.025,1,20000.0,0
Fullstack,Pleno,2,ONSITE,1.1,5,5,0,5,1,4,0.2,4,0.99,16000.0,-0.0476,1,16800.0,0
DevOps / SRE,Senior,3,REMOTE,1.0,8,11,3,5,1,4,0.2,1,1.12,23500.0,0.0538,1,22300.0,0
DevOps / SRE,Senior,3,HYBRID,1.05,11,12,1,5,1,4,0.2,1,1.12,31200.0,0.0759,0,29000.0,0
Machine Learning Eng.,Pleno,2,REMOTE,1.0,3,2,-1,5,1,4,0.2,3,1.2,20000.0,0.0152,1,19700.0,0
Fullstack,Senior,3,REMOTE,1.0,8,9,1,5,4,1,0.8,0,0.99,23300.0,0.1827,1,19700.0,1
Data / Python,Senior,3,ONSITE,1.1,8,10,2,5,4,1,0.8,0,1.0,14200.0,-0.4156,0,24300.0,1
Backend Node.js,Senior,3,REMOTE,1.0,6,7,1,5,0,5,0.0,1,0.99,18600.0,-0.0211,1,19000.0,0
DevOps / SRE,Senior,3,ONSITE,1.1,6,9,3,5,2,3,0.4,3,1.12,21400.0,-0.144,1,25000.0,1
Fullstack,Senior,3,REMOTE,1.0,10,9,-1,5,4,1,0.8,1,0.99,22000.0,0.236,1,17800.0,0
Data / Python,Pleno,2,ONSITE,1.1,3,6,3,5,2,3,0.4,4,1.0,17200.0,-0.0652,0,18400.0,1
Machine Learning Eng.,Junior,1,REMOTE,1.0,2,1,-1,5,2,3,0.4,0,1.2,13600.0,0.1333,1,12000.0,0
DevOps / SRE,Junior,1,HYBRID,1.05,1,0,-1,5,2,3,0.4,2,1.12,10500.0,-0.1532,1,12400.0,0
Machine Learning Eng.,Junior,1,REMOTE,1.0,0,0,0,5,4,1,0.8,2,1.2,10600.0,-0.094,1,11700.0,1
Data / Python,Pleno,2,HYBRID,1.05,5,4,-1,5,5,0,1.0,2,1.0,16500.0,-0.0179,1,16800.0,1
Backend Node.js,Senior,3,HYBRID,1.05,9,11,2,5,5,0,1.0,2,0.99,15200.0,-0.2512,1,20300.0,1
Frontend React,Pleno,2,ONSITE,1.1,3,5,2,5,5,0,1.0,3,0.97,13700.0,-0.042,1,14300.0,1
Fullstack,Senior,3,HYBRID,1.05,6,8,2,5,3,2,0.6,2,0.99,24500.0,0.1502,1,21300.0,1
DevOps / SRE,Senior,3,HYBRID,1.05,9,12,3,5,2,3,0.4,4,1.12,25900.0,-0.0683,1,27800.0,0
DevOps / SRE,Junior,1,REMOTE,1.0,0,3,3,5,4,1,0.8,1,1.12,12600.0,0.0328,0,12200.0,1
Fullstack,Senior,3,HYBRID,1.05,8,10,2,5,1,4,0.2,1,0.99,19300.0,0.0,0,19300.0,0
DevOps / SRE,Senior,3,HYBRID,1.05,8,6,-2,5,3,2,0.6,0,1.12,20900.0,-0.1739,0,25300.0,0
Machine Learning Eng.,Junior,1,HYBRID,1.05,0,3,3,5,5,0,1.0,4,1.2,11800.0,-0.0853,0,12900.0,1
DevOps / SRE,Junior,1,ONSITE,1.1,2,3,1,5,2,3,0.4,4,1.12,8500.0,-0.2797,1,11800.0,1
Machine Learning Eng.,Senior,3,ONSITE,1.1,8,5,-3,5,2,3,0.4,2,1.2,39600.0,0.2414,1,31900.0,0
Machine Learning Eng.,Junior,1,ONSITE,1.1,2,1,-1,5,1,4,0.2,4,1.2,12200.0,-0.1408,0,14200.0,0
Data / Python,Junior,1,REMOTE,1.0,2,3,1,5,2,3,0.4,3,1.0,10400.0,-0.0459,1,10900.0,1
Frontend React,Junior,1,ONSITE,1.1,2,2,0,5,4,1,0.8,3,0.97,8700.0,-0.0543,1,9200.0,1
Fullstack,Junior,1,ONSITE,1.1,0,2,2,5,2,3,0.4,4,0.99,12900.0,0.3299,1,9700.0,1
Machine Learning Eng.,Pleno,2,ONSITE,1.1,5,7,2,5,4,1,0.8,4,1.2,20000.0,0.0256,1,19500.0,1
Frontend React,Pleno,2,HYBRID,1.05,5,8,3,5,4,1,0.8,0,0.97,13500.0,-0.0217,1,13800.0,1
Backend Node.js,Pleno,2,HYBRID,1.05,4,2,-2,5,2,3,0.4,3,0.99,9100.0,-0.272,0,12500.0,0
DevOps / SRE,Senior,3,REMOTE,1.0,9,10,1,5,3,2,0.6,1,1.12,30500.0,0.1731,1,26000.0,0
Frontend React,Senior,3,HYBRID,1.05,8,5,-3,5,2,3,0.4,0,0.97,24300.0,0.1739,1,20700.0,0
Backend Node.js,Senior,3,HYBRID,1.05,10,12,2,5,0,5,0.0,1,0.99,20300.0,-0.0049,0,20400.0,0
Data / Python,Junior,1,REMOTE,1.0,1,3,2,5,3,2,0.6,1,1.0,12200.0,0.1296,1,10800.0,1
Data / Python,Senior,3,HYBRID,1.05,7,4,-3,5,2,3,0.4,0,1.0,35200.0,0.2894,1,27300.0,0
Machine Learning Eng.,Junior,1,HYBRID,1.05,2,2,0,5,1,4,0.2,1,1.2,12900.0,0.0,0,12900.0,0
Backend Node.js,Pleno,2,ONSITE,1.1,4,6,2,5,2,3,0.4,1,0.99,18100.0,0.1313,0,16000.0,1
Frontend React,Pleno,2,ONSITE,1.1,4,3,-1,5,5,0,1.0,3,0.97,13000.0,-0.0845,1,14200.0,1
DevOps / SRE,Senior,3,REMOTE,1.0,10,12,2,5,4,1,0.8,2,1.12,19500.0,-0.2041,0,24500.0,1
Fullstack,Senior,3,REMOTE,1.0,12,13,1,5,2,3,0.4,0,0.99,13500.0,-0.2241,0,17400.0,0
Frontend React,Senior,3,REMOTE,1.0,11,11,0,5,5,0,1.0,4,0.97,15200.0,-0.1461,1,17800.0,1
Backend Node.js,Pleno,2,ONSITE,1.1,5,5,0,5,4,1,0.8,1,0.99,10800.0,-0.25,0,14400.0,1
Frontend React,Senior,3,ONSITE,1.1,9,10,1,5,3,2,0.6,1,0.97,20100.0,0.0101,0,19900.0,1
Machine Learning Eng.,Junior,1,ONSITE,1.1,2,5,3,5,0,5,0.0,0,1.2,12700.0,0.0,1,12700.0,0
Machine Learning Eng.,Senior,3,HYBRID,1.05,7,4,-3,5,1,4,0.2,4,1.2,35100.0,0.1898,1,29500.0,0
DevOps / SRE,Pleno,2,REMOTE,1.0,3,5,2,5,5,0,1.0,4,1.12,6100.0,-0.672,0,18600.0,1
Frontend React,Senior,3,REMOTE,1.0,10,11,1,5,2,3,0.4,3,0.97,17600.0,-0.0588,1,18700.0,0
Machine Learning Eng.,Junior,1,ONSITE,1.1,1,0,-1,5,4,1,0.8,1,1.2,13000.0,-0.1391,0,15100.0,1
Data / Python,Senior,3,REMOTE,1.0,9,11,2,5,4,1,0.8,3,1.0,18100.0,-0.2198,1,23200.0,1
Fullstack,Junior,1,ONSITE,1.1,1,4,3,5,5,0,1.0,4,0.99,10800.0,-0.0769,0,11700.0,1
Fullstack,Senior,3,ONSITE,1.1,11,12,1,5,4,1,0.8,0,0.99,22300.0,-0.0708,1,24000.0,1
Fullstack,Pleno,2,HYBRID,1.05,3,2,-1,5,2,3,0.4,2,0.99,14100.0,-0.0208,1,14400.0,0
DevOps / SRE,Senior,3,REMOTE,1.0,6,5,-1,5,3,2,0.6,1,1.12,20400.0,-0.1356,1,23600.0,0
Data / Python,Senior,3,ONSITE,1.1,8,6,-2,5,2,3,0.4,4,1.0,21900.0,-0.1512,1,25800.0,0
Frontend React,Pleno,2,ONSITE,1.1,5,4,-1,5,3,2,0.6,4,0.97,17200.0,0.1781,1,14600.0,0
Frontend React,Junior,1,ONSITE,1.1,0,0,0,5,5,0,1.0,4,0.97,7200.0,-0.234,1,9400.0,1
Data / Python,Pleno,2,HYBRID,1.05,5,4,-1,5,4,1,0.8,4,1.0,15200.0,-0.0318,0,15700.0,1
Backend Node.js,Senior,3,REMOTE,1.0,7,9,2,5,3,2,0.6,3,0.99,17000.0,-0.1282,0,19500.0,1
Frontend React,Pleno,2,REMOTE,1.0,4,5,1,5,1,4,0.2,1,0.97,12300.0,-0.0682,0,13200.0,0
Machine Learning Eng.,Senior,3,ONSITE,1.1,12,12,0,5,5,0,1.0,0,1.2,29900.0,-0.0164,1,30400.0,1
Frontend React,Junior,1,ONSITE,1.1,1,0,-1,5,3,2,0.6,0,0.97,7800.0,-0.1789,1,9500.0,0
DevOps / SRE,Senior,3,HYBRID,1.05,6,7,1,5,4,1,0.8,1,1.12,24200.0,-0.0359,1,25100.0,1
DevOps / SRE,Junior,1,ONSITE,1.1,0,0,0,5,1,4,0.2,3,1.12,11900.0,-0.0703,1,12800.0,0
Data / Python,Senior,3,REMOTE,1.0,8,11,3,5,4,1,0.8,0,1.0,11400.0,-0.4571,0,21000.0,1
DevOps / SRE,Pleno,2,REMOTE,1.0,3,0,-3,5,5,0,1.0,3,1.12,18900.0,0.1317,1,16700.0,1
Frontend React,Senior,3,ONSITE,1.1,6,4,-2,5,5,0,1.0,3,0.97,16800.0,-0.1295,1,19300.0,1
Machine Learning Eng.,Junior,1,ONSITE,1.1,1,0,-1,5,2,3,0.4,3,1.2,15400.0,0.0199,0,15100.0,0
Fullstack,Pleno,2,HYBRID,1.05,4,7,3,5,4,1,0.8,1,0.99,20100.0,0.1552,1,17400.0,1
DevOps / SRE,Junior,1,ONSITE,1.1,2,0,-2,5,3,2,0.6,4,1.12,12700.0,0.0079,1,12600.0,1
Machine Learning Eng.,Junior,1,REMOTE,1.0,1,2,1,5,4,1,0.8,3,1.2,16000.0,0.2214,1,13100.0,1
Fullstack,Pleno,2,HYBRID,1.05,5,7,2,5,1,4,0.2,1,0.99,15400.0,0.0199,0,15100.0,0
Backend Node.js,Junior,1,ONSITE,1.1,2,0,-2,5,1,4,0.2,4,0.99,7800.0,-0.2277,0,10100.0,0
Machine Learning Eng.,Pleno,2,REMOTE,1.0,5,6,1,5,2,3,0.4,3,1.2,21100.0,0.099,1,19200.0,0
Fullstack,Pleno,2,REMOTE,1.0,5,2,-3,5,5,0,1.0,1,0.99,18000.0,0.1688,1,15400.0,1
Machine Learning Eng.,Junior,1,REMOTE,1.0,1,1,0,5,0,5,0.0,4,1.2,11200.0,-0.1385,0,13000.0,0
DevOps / SRE,Pleno,2,REMOTE,1.0,3,1,-2,5,1,4,0.2,2,1.12,13800.0,-0.1687,1,16600.0,0
Machine Learning Eng.,Pleno,2,HYBRID,1.05,5,2,-3,5,5,0,1.0,0,1.2,22200.0,0.099,1,20200.0,1
Machine Learning Eng.,Junior,1,REMOTE,1.0,1,2,1,5,4,1,0.8,3,1.2,12000.0,0.0084,0,11900.0,1
DevOps / SRE,Junior,1,HYBRID,1.05,1,2,1,5,4,1,0.8,0,1.12,10400.0,-0.0714,1,11200.0,1
Backend Node.js,Senior,3,REMOTE,1.0,10,10,0,5,1,4,0.2,0,0.99,22400.0,0.3913,1,16100.0,0
DevOps / SRE,Junior,1,REMOTE,1.0,2,2,0,5,1,4,0.2,1,1.12,9900.0,-0.1239,0,11300.0,0
Machine Learning Eng.,Senior,3,REMOTE,1.0,6,7,1,5,0,5,0.0,2,1.2,33500.0,0.2271,0,27300.0,0
Data / Python,Junior,1,REMOTE,1.0,0,3,3,5,3,2,0.6,3,1.0,11600.0,0.2083,1,9600.0,1
Fullstack,Senior,3,ONSITE,1.1,12,11,-1,5,5,0,1.0,1,0.99,22500.0,-0.1071,1,25200.0,1
Frontend React,Junior,1,HYBRID,1.05,0,0,0,5,3,2,0.6,4,0.97,5500.0,-0.3038,0,7900.0,1
Backend Node.js,Junior,1,ONSITE,1.1,1,2,1,5,0,5,0.0,3,0.99,12900.0,0.2647,1,10200.0,0
Frontend React,Senior,3,ONSITE,1.1,11,13,2,5,0,5,0.0,4,0.97,17700.0,-0.0829,1,19300.0,0
Data / Python,Pleno,2,ONSITE,1.1,3,6,3,5,2,3,0.4,1,1.0,15600.0,-0.1429,0,18200.0,0
Data / Python,Pleno,2,HYBRID,1.05,4,7,3,5,4,1,0.8,4,1.0,21300.0,0.1094,1,19200.0,1
DevOps / SRE,Pleno,2,HYBRID,1.05,4,1,-3,5,1,4,0.2,0,1.12,24000.0,0.2435,1,19300.0,0
Data / Python,Junior,1,REMOTE,1.0,0,3,3,5,3,2,0.6,2,1.0,11200.0,0.1089,1,10100.0,1
Data / Python,Junior,1,HYBRID,1.05,2,5,3,5,2,3,0.4,1,1.0,7000.0,-0.4167,1,12000.0,1
Backend Node.js,Senior,3,ONSITE,1.1,9,7,-2,5,4,1,0.8,1,0.99,28900.0,0.2246,1,23600.0,0
Fullstack,Senior,3,HYBRID,1.05,6,7,1,5,0,5,0.0,0,0.99,18100.0,-0.1422,1,21100.0,0
Machine Learning Eng.,Pleno,2,HYBRID,1.05,4,6,2,5,4,1,0.8,3,1.2,18800.0,-0.1296,0,21600.0,1
Backend Node.js,Senior,3,HYBRID,1.05,8,8,0,5,5,0,1.0,4,0.99,25400.0,0.3439,0,18900.0,1
Frontend React,Senior,3,REMOTE,1.0,11,11,0,5,4,1,0.8,4,0.97,20500.0,0.1582,0,17700.0,1
Backend Node.js,Pleno,2,ONSITE,1.1,5,5,0,5,3,2,0.6,1,0.99,11600.0,-0.2162,0,14800.0,0
Backend Node.js,Junior,1,HYBRID,1.05,1,0,-1,5,2,3,0.4,0,0.99,8800.0,-0.0737,1,9500.0,0
Data / Python,Pleno,2,HYBRID,1.05,5,7,2,5,2,3,0.4,4,1.0,16800.0,-0.0289,1,17300.0,1
Fullstack,Junior,1,ONSITE,1.1,2,4,2,5,0,5,0.0,1,0.99,11300.0,0.0762,0,10500.0,0
Fullstack,Senior,3,ONSITE,1.1,9,9,0,5,3,2,0.6,2,0.99,19200.0,-0.0725,1,20700.0,0
Data / Python,Junior,1,REMOTE,1.0,2,2,0,5,4,1,0.8,2,1.0,11800.0,0.1456,1,10300.0,1
Backend Node.js,Junior,1,HYBRID,1.05,2,1,-1,5,1,4,0.2,3,0.99,8400.0,-0.0667,1,9000.0,0
Fullstack,Pleno,2,ONSITE,1.1,3,5,2,5,5,0,1.0,2,0.99,13400.0,-0.1879,1,16500.0,1
Fullstack,Junior,1,HYBRID,1.05,1,3,2,5,2,3,0.4,1,0.99,13300.0,0.3039,1,10200.0,1
Backend Node.js,Senior,3,HYBRID,1.05,12,11,-1,5,3,2,0.6,2,0.99,25600.0,0.1532,1,22200.0,0
Backend Node.js,Junior,1,REMOTE,1.0,1,4,3,5,5,0,1.0,1,0.99,12000.0,0.25,1,9600.0,1
Frontend React,Junior,1,ONSITE,1.1,2,4,2,5,4,1,0.8,1,0.97,8900.0,0.0,1,8900.0,1
Machine Learning Eng.,Junior,1,ONSITE,1.1,0,0,0,5,0,5,0.0,3,1.2,11700.0,-0.1333,1,13500.0,0
Machine Learning Eng.,Junior,1,HYBRID,1.05,2,1,-1,5,2,3,0.4,1,1.2,9300.0,-0.2619,0,12600.0,0
Machine Learning Eng.,Junior,1,ONSITE,1.1,2,0,-2,5,1,4,0.2,2,1.2,16100.0,0.1583,0,13900.0,0
Backend Node.js,Pleno,2,ONSITE,1.1,3,1,-2,5,3,2,0.6,3,0.99,19000.0,0.1047,1,17200.0,1
Backend Node.js,Junior,1,REMOTE,1.0,2,1,-1,5,3,2,0.6,4,0.99,9400.0,0.093,1,8600.0,1
Machine Learning Eng.,Junior,1,HYBRID,1.05,0,0,0,5,4,1,0.8,2,1.2,17400.0,0.2889,0,13500.0,0
Frontend React,Senior,3,HYBRID,1.05,10,9,-1,5,5,0,1.0,3,0.97,18300.0,0.1091,1,16500.0,1
Frontend React,Pleno,2,REMOTE,1.0,3,4,1,5,1,4,0.2,0,0.97,11700.0,-0.1583,1,13900.0,0
Data / Python,Senior,3,REMOTE,1.0,11,8,-3,5,1,4,0.2,4,1.0,18100.0,-0.2061,0,22800.0,0
DevOps / SRE,Junior,1,HYBRID,1.05,0,0,0,5,2,3,0.4,3,1.12,13700.0,-0.0072,1,13800.0,1
Fullstack,Junior,1,ONSITE,1.1,1,2,1,5,1,4,0.2,4,0.99,11300.0,0.13,1,10000.0,0
Machine Learning Eng.,Pleno,2,HYBRID,1.05,5,4,-1,5,3,2,0.6,3,1.2,16500.0,-0.2466,0,21900.0,1
Data / Python,Senior,3,ONSITE,1.1,11,11,0,5,0,5,0.0,3,1.0,24600.0,-0.0855,1,26900.0,0
Frontend React,Senior,3,ONSITE,1.1,8,8,0,5,4,1,0.8,4,0.97,25200.0,0.2663,0,19900.0,1
DevOps / SRE,Junior,1,HYBRID,1.05,1,0,-1,5,0,5,0.0,4,1.12,9600.0,-0.2258,1,12400.0,0
DevOps / SRE,Junior,1,ONSITE,1.1,1,3,2,5,0,5,0.0,3,1.12,16500.0,0.2692,1,13000.0,0
Machine Learning Eng.,Senior,3,HYBRID,1.05,10,10,0,5,4,1,0.8,4,1.2,27400.0,-0.0867,1,30000.0,1
Frontend React,Junior,1,HYBRID,1.05,2,5,3,5,0,5,0.0,4,0.97,8400.0,-0.125,0,9600.0,0
Fullstack,Pleno,2,ONSITE,1.1,3,5,2,5,2,3,0.4,4,0.99,13000.0,-0.2308,1,16900.0,1
Frontend React,Junior,1,ONSITE,1.1,0,0,0,5,5,0,1.0,0,0.97,9300.0,-0.0106,1,9400.0,1
Frontend React,Junior,1,HYBRID,1.05,2,0,-2,5,5,0,1.0,2,0.97,10900.0,0.2674,0,8600.0,1
Data / Python,Senior,3,ONSITE,1.1,12,15,3,5,0,5,0.0,2,1.0,27300.0,0.05,1,26000.0,0
Machine Learning Eng.,Pleno,2,ONSITE,1.1,5,2,-3,5,2,3,0.4,3,1.2,22000.0,-0.0222,1,22500.0,0
Backend Node.js,Pleno,2,ONSITE,1.1,5,7,2,5,4,1,0.8,1,0.99,17100.0,0.1032,0,15500.0,1
Frontend React,Senior,3,REMOTE,1.0,6,4,-2,5,2,3,0.4,4,0.97,18800.0,0.0162,1,18500.0,1
Data / Python,Senior,3,HYBRID,1.05,12,10,-2,5,0,5,0.0,1,1.0,20200.0,-0.0901,0,22200.0,0
DevOps / SRE,Senior,3,REMOTE,1.0,8,10,2,5,3,2,0.6,4,1.12,28000.0,0.2281,0,22800.0,1
Machine Learning Eng.,Pleno,2,ONSITE,1.1,3,2,-1,5,3,2,0.6,2,1.2,24000.0,0.1594,1,20700.0,1
Machine Learning Eng.,Pleno,2,HYBRID,1.05,4,3,-1,5,3,2,0.6,2,1.2,17400.0,-0.1907,0,21500.0,0
Fullstack,Pleno,2,REMOTE,1.0,4,5,1,5,3,2,0.6,2,0.99,13800.0,-0.0072,1,13900.0,1
DevOps / SRE,Pleno,2,REMOTE,1.0,4,7,3,5,0,5,0.0,1,1.12,13700.0,-0.1845,0,16800.0,0
Machine Learning Eng.,Senior,3,ONSITE,1.1,7,6,-1,5,3,2,0.6,4,1.2,31100.0,-0.0604,1,33100.0,0
Machine Learning Eng.,Pleno,2,HYBRID,1.05,4,5,1,5,1,4,0.2,0,1.2,13400.0,-0.3128,1,19500.0,0
Fullstack,Senior,3,HYBRID,1.05,10,8,-2,5,5,0,1.0,2,0.99,22600.0,0.1244,0,20100.0,1
Machine Learning Eng.,Senior,3,HYBRID,1.05,10,7,-3,5,5,0,1.0,1,1.2,25100.0,-0.1824,1,30700.0,1
DevOps / SRE,Pleno,2,ONSITE,1.1,5,5,0,5,0,5,0.0,0,1.12,25000.0,0.3966,1,17900.0,0
Backend Node.js,Senior,3,HYBRID,1.05,10,11,1,5,4,1,0.8,1,0.99,21500.0,-0.0444,1,22500.0,1
Fullstack,Junior,1,REMOTE,1.0,2,1,-1,5,1,4,0.2,2,0.99,8800.0,-0.0538,1,9300.0,0
Fullstack,Pleno,2,ONSITE,1.1,4,7,3,5,4,1,0.8,3,0.99,15200.0,-0.0788,1,16500.0,1
Backend Node.js,Junior,1,HYBRID,1.05,0,0,0,5,3,2,0.6,3,0.99,9700.0,0.0659,1,9100.0,1
Fullstack,Junior,1,HYBRID,1.05,0,0,0,5,5,0,1.0,3,0.99,9800.0,-0.0577,1,10400.0,1
Machine Learning Eng.,Junior,1,ONSITE,1.1,1,0,-1,5,1,4,0.2,4,1.2,11600.0,-0.2215,0,14900.0,0
DevOps / SRE,Junior,1,REMOTE,1.0,1,0,-1,5,2,3,0.4,4,1.12,8700.0,-0.2368,1,11400.0,0
Backend Node.js,Junior,1,ONSITE,1.1,0,3,3,5,5,0,1.0,4,0.99,12000.0,0.1215,0,10700.0,1
Fullstack,Pleno,2,ONSITE,1.1,3,1,-2,5,0,5,0.0,0,0.99,14700.0,-0.1302,1,16900.0,0
Data / Python,Junior,1,ONSITE,1.1,1,2,1,5,0,5,0.0,4,1.0,14700.0,0.3009,1,11300.0,0
Machine Learning Eng.,Junior,1,HYBRID,1.05,2,4,2,5,0,5,0.0,2,1.2,17500.0,0.2681,1,13800.0,0
DevOps / SRE,Pleno,2,ONSITE,1.1,3,2,-1,5,0,5,0.0,1,1.12,15300.0,-0.2113,1,19400.0,0
DevOps / SRE,Junior,1,ONSITE,1.1,1,0,-1,5,3,2,0.6,3,1.12,11000.0,-0.1473,1,12900.0,1
DevOps / SRE,Senior,3,ONSITE,1.1,8,11,3,5,1,4,0.2,2,1.12,30000.0,0.1407,1,26300.0,0
Machine Learning Eng.,Junior,1,REMOTE,1.0,1,1,0,5,1,4,0.2,3,1.2,11600.0,-0.072,1,12500.0,0
Machine Learning Eng.,Junior,1,ONSITE,1.1,2,0,-2,5,3,2,0.6,2,1.2,9500.0,-0.2963,1,13500.0,0
Frontend React,Senior,3,ONSITE,1.1,10,11,1,5,5,0,1.0,4,0.97,14800.0,-0.1638,0,17700.0,1
Data / Python,Senior,3,ONSITE,1.1,6,8,2,5,1,4,0.2,3,1.0,28800.0,0.0909,1,26400.0,0
Backend Node.js,Senior,3,REMOTE,1.0,9,12,3,5,3,2,0.6,4,0.99,18600.0,0.0276,1,18100.0,1
Data / Python,Junior,1,REMOTE,1.0,0,1,1,5,0,5,0.0,4,1.0,8600.0,-0.1963,1,10700.0,0
Backend Node.js,Pleno,2,REMOTE,1.0,4,2,-2,5,0,5,0.0,1,0.99,17700.0,0.1346,1,15600.0,0
Machine Learning Eng.,Senior,3,ONSITE,1.1,6,4,-2,5,4,1,0.8,0,1.2,22300.0,-0.2466,1,29600.0,0
DevOps / SRE,Junior,1,REMOTE,1.0,2,5,3,5,1,4,0.2,0,1.12,7300.0,-0.2626,0,9900.0,1
Frontend React,Junior,1,REMOTE,1.0,0,0,0,5,4,1,0.8,2,0.97,7500.0,-0.1573,1,8900.0,1
Fullstack,Pleno,2,ONSITE,1.1,3,0,-3,5,0,5,0.0,0,0.99,13600.0,-0.1282,1,15600.0,0
Fullstack,Senior,3,HYBRID,1.05,11,8,-3,5,1,4,0.2,1,0.99,17400.0,-0.2127,1,22100.0,0
DevOps / SRE,Senior,3,REMOTE,1.0,12,11,-1,5,4,1,0.8,2,1.12,23800.0,-0.0246,1,24400.0,1
Data / Python,Junior,1,REMOTE,1.0,2,5,3,5,0,5,0.0,3,1.0,9700.0,-0.1565,1,11500.0,0
Data / Python,Pleno,2,ONSITE,1.1,4,7,3,5,4,1,0.8,2,1.0,21100.0,0.1164,1,18900.0,1
DevOps / SRE,Junior,1,HYBRID,1.05,1,0,-1,5,3,2,0.6,0,1.12,12300.0,0.0513,1,11700.0,0
Machine Learning Eng.,Junior,1,REMOTE,1.0,0,0,0,5,5,0,1.0,3,1.2,11300.0,0.0089,0,11200.0,1
Frontend React,Junior,1,ONSITE,1.1,2,0,-2,5,2,3,0.4,3,0.97,6500.0,-0.3367,1,9800.0,0
Machine Learning Eng.,Junior,1,HYBRID,1.05,2,1,-1,5,2,3,0.4,3,1.2,13200.0,0.0645,1,12400.0,0
Data / Python,Senior,3,ONSITE,1.1,6,4,-2,5,3,2,0.6,1,1.0,20900.0,-0.2288,1,27100.0,0
DevOps / SRE,Pleno,2,HYBRID,1.05,3,2,-1,5,3,2,0.6,3,1.12,18500.0,0.0165,1,18200.0,1
Frontend React,Junior,1,REMOTE,1.0,2,0,-2,5,5,0,1.0,3,0.97,9000.0,0.1392,0,7900.0,1
Frontend React,Pleno,2,REMOTE,1.0,4,5,1,5,5,0,1.0,3,0.97,13600.0,0.088,1,12500.0,1
Fullstack,Senior,3,ONSITE,1.1,10,11,1,5,4,1,0.8,4,0.99,23300.0,0.031,1,22600.0,1
Backend Node.js,Pleno,2,ONSITE,1.1,4,6,2,5,4,1,0.8,1,0.99,16700.0,-0.0118,0,16900.0,1
Data / Python,Pleno,2,HYBRID,1.05,3,4,1,5,5,0,1.0,2,1.0,13600.0,-0.1553,0,16100.0,1
DevOps / SRE,Junior,1,REMOTE,1.0,1,1,0,5,4,1,0.8,1,1.12,10500.0,-0.0948,1,11600.0,1
DevOps / SRE,Pleno,2,ONSITE,1.1,3,4,1,5,2,3,0.4,4,1.12,20300.0,0.005,1,20200.0,1
Data / Python,Junior,1,HYBRID,1.05,2,0,-2,5,1,4,0.2,2,1.0,8700.0,-0.1122,1,9800.0,0
Data / Python,Pleno,2,ONSITE,1.1,3,2,-1,5,4,1,0.8,1,1.0,14900.0,-0.0859,0,16300.0,1
DevOps / SRE,Pleno,2,HYBRID,1.05,4,7,3,5,3,2,0.6,2,1.12,17100.0,-0.0447,0,17900.0,1
Backend Node.js,Junior,1,HYBRID,1.05,0,0,0,5,0,5,0.0,0,0.99,6200.0,-0.3404,1,9400.0,0
Frontend React,Junior,1,ONSITE,1.1,0,0,0,5,3,2,0.6,3,0.97,12200.0,0.2842,1,9500.0,1
Fullstack,Pleno,2,HYBRID,1.05,4,4,0,5,1,4,0.2,3,0.99,13600.0,-0.1656,1,16300.0,0
Fullstack,Junior,1,REMOTE,1.0,1,1,0,5,1,4,0.2,3,0.99,6000.0,-0.3684,1,9500.0,0
Data / Python,Senior,3,ONSITE,1.1,6,6,0,5,3,2,0.6,4,1.0,13800.0,-0.448,0,25000.0,1
Backend Node.js,Junior,1,HYBRID,1.05,1,0,-1,5,0,5,0.0,1,0.99,10100.0,0.0202,0,9900.0,0
Data / Python,Junior,1,ONSITE,1.1,0,3,3,5,5,0,1.0,3,1.0,12100.0,-0.0397,1,12600.0,1
Data / Python,Pleno,2,REMOTE,1.0,5,8,3,5,5,0,1.0,0,1.0,11500.0,-0.2675,1,15700.0,1
Backend Node.js,Pleno,2,HYBRID,1.05,4,5,1,5,5,0,1.0,2,0.99,18800.0,0.4135,1,13300.0,1
Fullstack,Senior,3,HYBRID,1.05,11,10,-1,5,5,0,1.0,1,0.99,21500.0,-0.0773,1,23300.0,1
Data / Python,Senior,3,ONSITE,1.1,12,13,1,5,5,0,1.0,2,1.0,31900.0,0.16,1,27500.0,1
Fullstack,Pleno,2,REMOTE,1.0,4,1,-3,5,4,1,0.8,2,0.99,15800.0,0.0822,1,14600.0,0
DevOps / SRE,Pleno,2,REMOTE,1.0,3,3,0,5,4,1,0.8,2,1.12,17600.0,0.0115,1,17400.0,1
Frontend React,Senior,3,REMOTE,1.0,9,7,-2,5,4,1,0.8,2,0.97,21000.0,0.066,0,19700.0,0
Data / Python,Junior,1,HYBRID,1.05,1,1,0,5,0,5,0.0,0,1.0,12700.0,0.1981,1,10600.0,0
Frontend React,Senior,3,REMOTE,1.0,8,11,3,5,2,3,0.4,1,0.97,15400.0,-0.1765,1,18700.0,1
Fullstack,Senior,3,REMOTE,1.0,9,7,-2,5,0,5,0.0,0,0.99,23500.0,0.2113,1,19400.0,0
Data / Python,Pleno,2,ONSITE,1.1,5,8,3,5,4,1,0.8,0,1.0,20300.0,0.2303,1,16500.0,1
DevOps / SRE,Senior,3,HYBRID,1.05,6,6,0,5,4,1,0.8,3,1.12,26500.0,-0.0862,1,29000.0,1
Machine Learning Eng.,Pleno,2,HYBRID,1.05,4,5,1,5,2,3,0.4,0,1.2,24800.0,0.2157,0,20400.0,0
Fullstack,Junior,1,ONSITE,1.1,0,2,2,5,4,1,0.8,2,0.99,10900.0,0.0283,1,10600.0,1
DevOps / SRE,Junior,1,ONSITE,1.1,0,0,0,5,1,4,0.2,4,1.12,10800.0,-0.1756,1,13100.0,0
Data / Python,Pleno,2,HYBRID,1.05,4,3,-1,5,5,0,1.0,0,1.0,16800.0,-0.0345,1,17400.0,1
Data / Python,Pleno,2,REMOTE,1.0,3,1,-2,5,3,2,0.6,1,1.0,10800.0,-0.4098,1,18300.0,0
Data / Python,Senior,3,HYBRID,1.05,11,14,3,5,5,0,1.0,2,1.0,25800.0,0.075,1,24000.0,1
Machine Learning Eng.,Pleno,2,HYBRID,1.05,5,2,-3,5,0,5,0.0,4,1.2,25500.0,0.1697,1,21800.0,0
DevOps / SRE,Senior,3,ONSITE,1.1,7,7,0,5,0,5,0.0,0,1.12,19800.0,-0.3004,1,28300.0,0
Machine Learning Eng.,Pleno,2,ONSITE,1.1,3,2,-1,5,5,0,1.0,1,1.2,23200.0,0.1317,0,20500.0,1
Data / Python,Junior,1,HYBRID,1.05,1,3,2,5,1,4,0.2,1,1.0,6900.0,-0.3894,1,11300.0,0
Machine Learning Eng.,Junior,1,ONSITE,1.1,1,2,1,5,1,4,0.2,3,1.2,8000.0,-0.3651,0,12600.0,0
Frontend React,Pleno,2,REMOTE,1.0,4,3,-1,5,3,2,0.6,1,0.97,12100.0,-0.0547,0,12800.0,0
Data / Python,Senior,3,REMOTE,1.0,7,8,1,5,5,0,1.0,1,1.0,23000.0,-0.0086,1,23200.0,1
Backend Node.js,Junior,1,REMOTE,1.0,1,0,-1,5,1,4,0.2,1,0.99,8000.0,-0.0805,0,8700.0,0
Frontend React,Junior,1,HYBRID,1.05,0,0,0,5,0,5,0.0,1,0.97,5800.0,-0.3409,0,8800.0,0
Machine Learning Eng.,Senior,3,HYBRID,1.05,8,9,1,5,1,4,0.2,0,1.2,27500.0,-0.1214,1,31300.0,0
Data / Python,Pleno,2,HYBRID,1.05,4,1,-3,5,2,3,0.4,1,1.0,12500.0,-0.2604,1,16900.0,0
Machine Learning Eng.,Senior,3,REMOTE,1.0,8,11,3,5,5,0,1.0,2,1.2,22100.0,-0.1754,1,26800.0,1
Machine Learning Eng.,Pleno,2,ONSITE,1.1,4,5,1,5,3,2,0.6,2,1.2,26500.0,0.3317,1,19900.0,1
DevOps / SRE,Senior,3,ONSITE,1.1,12,13,1,5,4,1,0.8,2,1.12,21200.0,-0.291,1,29900.0,1
Fullstack,Senior,3,ONSITE,1.1,6,4,-2,5,4,1,0.8,4,0.99,15900.0,-0.3484,0,24400.0,1
DevOps / SRE,Junior,1,ONSITE,1.1,2,0,-2,5,3,2,0.6,1,1.12,16200.0,0.3279,1,12200.0,0
Machine Learning Eng.,Senior,3,REMOTE,1.0,9,9,0,5,0,5,0.0,2,1.2,28300.0,0.1142,1,25400.0,0
Fullstack,Pleno,2,HYBRID,1.05,5,6,1,5,0,5,0.0,4,0.99,16100.0,0.1103,1,14500.0,0
Fullstack,Pleno,2,HYBRID,1.05,5,5,0,5,2,3,0.4,3,0.99,18000.0,0.0778,1,16700.0,0
Fullstack,Senior,3,HYBRID,1.05,10,8,-2,5,2,3,0.4,0,0.99,17500.0,-0.1422,1,20400.0,0
Fullstack,Senior,3,REMOTE,1.0,9,6,-3,5,2,3,0.4,2,0.99,27900.0,0.1772,1,23700.0,0
Backend Node.js,Senior,3,REMOTE,1.0,7,8,1,5,4,1,0.8,1,0.99,18300.0,-0.0161,1,18600.0,1
Backend Node.js,Senior,3,REMOTE,1.0,12,13,1,5,1,4,0.2,4,0.99,19400.0,-0.0443,1,20300.0,0
Machine Learning Eng.,Senior,3,HYBRID,1.05,10,9,-1,5,2,3,0.4,3,1.2,31900.0,0.0324,1,30900.0,0
Machine Learning Eng.,Senior,3,HYBRID,1.05,12,10,-2,5,5,0,1.0,0,1.2,19200.0,-0.3469,0,29400.0,1
DevOps / SRE,Junior,1,ONSITE,1.1,2,4,2,5,5,0,1.0,1,1.12,10600.0,-0.1783,1,12900.0,1
Frontend React,Senior,3,ONSITE,1.1,8,5,-3,5,1,4,0.2,3,0.97,26400.0,0.3005,1,20300.0,0
Data / Python,Senior,3,HYBRID,1.05,9,12,3,5,2,3,0.4,3,1.0,23000.0,0.0268,1,22400.0,1
Machine Learning Eng.,Pleno,2,ONSITE,1.1,3,4,1,5,1,4,0.2,1,1.2,25400.0,0.0855,0,23400.0,0
Frontend React,Junior,1,REMOTE,1.0,2,0,-2,5,5,0,1.0,3,0.97,5900.0,-0.2027,1,7400.0,1
DevOps / SRE,Junior,1,ONSITE,1.1,2,4,2,5,4,1,0.8,4,1.12,13500.0,0.0305,1,13100.0,1
Backend Node.js,Senior,3,ONSITE,1.1,9,6,-3,5,2,3,0.4,4,0.99,19000.0,-0.0104,1,19200.0,0
Fullstack,Senior,3,REMOTE,1.0,9,9,0,5,3,2,0.6,2,0.99,15100.0,-0.2335,1,19700.0,1
Data / Python,Junior,1,REMOTE,1.0,1,1,0,5,3,2,0.6,3,1.0,8400.0,-0.134,0,9700.0,0
Fullstack,Pleno,2,REMOTE,1.0,4,6,2,5,5,0,1.0,3,0.99,11200.0,-0.145,1,13100.0,1
DevOps / SRE,Senior,3,REMOTE,1.0,7,5,-2,5,3,2,0.6,2,1.12,24400.0,-0.0317,1,25200.0,0
Data / Python,Senior,3,ONSITE,1.1,6,6,0,5,5,0,1.0,2,1.0,11800.0,-0.5646,0,27100.0,1
Fullstack,Senior,3,ONSITE,1.1,9,9,0,5,2,3,0.4,2,0.99,24400.0,0.0702,1,22800.0,0
Data / Python,Junior,1,ONSITE,1.1,2,0,-2,5,1,4,0.2,0,1.0,12600.0,0.0,1,12600.0,0
DevOps / SRE,Senior,3,ONSITE,1.1,8,11,3,5,3,2,0.6,2,1.12,26800.0,-0.0884,1,29400.0,1
Data / Python,Senior,3,ONSITE,1.1,6,3,-3,5,1,4,0.2,0,1.0,22000.0,0.0526,1,20900.0,0
Machine Learning Eng.,Junior,1,ONSITE,1.1,2,1,-1,5,0,5,0.0,0,1.2,13500.0,0.0305,1,13100.0,0
Data / Python,Senior,3,ONSITE,1.1,11,13,2,5,4,1,0.8,1,1.0,22500.0,-0.0088,1,22700.0,1
Machine Learning Eng.,Senior,3,ONSITE,1.1,8,6,-2,5,0,5,0.0,1,1.2,26700.0,-0.0729,1,28800.0,0
Data / Python,Pleno,2,HYBRID,1.05,3,5,2,5,5,0,1.0,4,1.0,15700.0,-0.071,0,16900.0,1
Fullstack,Pleno,2,HYBRID,1.05,3,1,-2,5,5,0,1.0,1,0.99,22100.0,0.4076,1,15700.0,0
Backend Node.js,Pleno,2,HYBRID,1.05,4,1,-3,5,0,5,0.0,0,0.99,18700.0,0.2808,0,14600.0,0
Machine Learning Eng.,Senior,3,ONSITE,1.1,11,8,-3,5,1,4,0.2,4,1.2,16400.0,-0.4954,1,32500.0,0
DevOps / SRE,Junior,1,REMOTE,1.0,0,0,0,5,0,5,0.0,1,1.12,10600.0,-0.1783,0,12900.0,0
Machine Learning Eng.,Pleno,2,REMOTE,1.0,3,2,-1,5,3,2,0.6,2,1.2,19700.0,-0.0343,1,20400.0,0
Data / Python,Senior,3,REMOTE,1.0,9,8,-1,5,2,3,0.4,4,1.0,20700.0,0.0,1,20700.0,0
Frontend React,Pleno,2,REMOTE,1.0,3,6,3,5,1,4,0.2,4,0.97,13900.0,0.0146,1,13700.0,0
DevOps / SRE,Junior,1,REMOTE,1.0,1,0,-1,5,0,5,0.0,1,1.12,7300.0,-0.354,0,11300.0,0
Data / Python,Junior,1,HYBRID,1.05,1,2,1,5,2,3,0.4,3,1.0,12700.0,0.0763,0,11800.0,0
Frontend React,Senior,3,REMOTE,1.0,12,11,-1,5,0,5,0.0,1,0.97,10700.0,-0.3886,1,17500.0,0
DevOps / SRE,Senior,3,REMOTE,1.0,12,10,-2,5,0,5,0.0,2,1.12,22200.0,-0.126,1,25400.0,0
Frontend React,Pleno,2,REMOTE,1.0,5,4,-1,5,2,3,0.4,3,0.97,12800.0,0.0,1,12800.0,0
Data / Python,Junior,1,ONSITE,1.1,2,5,3,5,2,3,0.4,3,1.0,9800.0,-0.1478,0,11500.0,1
DevOps / SRE,Senior,3,HYBRID,1.05,8,5,-3,5,0,5,0.0,0,1.12,24900.0,-0.046,1,26100.0,0
Fullstack,Senior,3,REMOTE,1.0,8,7,-1,5,0,5,0.0,2,0.99,20000.0,0.0811,1,18500.0,0
Data / Python,Senior,3,REMOTE,1.0,12,11,-1,5,1,4,0.2,0,1.0,24000.0,0.0127,1,23700.0,0
DevOps / SRE,Pleno,2,REMOTE,1.0,3,1,-2,5,4,1,0.8,3,1.12,15300.0,0.0,0,15300.0,1
Fullstack,Pleno,2,HYBRID,1.05,3,6,3,5,5,0,1.0,3,0.99,18400.0,0.1871,1,15500.0,1
Data / Python,Senior,3,REMOTE,1.0,10,12,2,5,4,1,0.8,0,1.0,22300.0,0.0985,0,20300.0,1
Machine Learning Eng.,Pleno,2,REMOTE,1.0,5,8,3,5,2,3,0.4,2,1.2,17900.0,-0.0529,1,18900.0,0
Fullstack,Junior,1,HYBRID,1.05,1,3,2,5,2,3,0.4,1,0.99,9700.0,-0.0202,0,9900.0,0
Frontend React,Senior,3,REMOTE,1.0,10,10,0,5,1,4,0.2,2,0.97,19500.0,0.0955,1,17800.0,0
Fullstack,Pleno,2,REMOTE,1.0,4,1,-3,5,3,2,0.6,2,0.99,9700.0,-0.3742,1,15500.0,0
Backend Node.js,Pleno,2,HYBRID,1.05,3,0,-3,5,2,3,0.4,4,0.99,11100.0,-0.293,1,15700.0,0
Data / Python,Junior,1,REMOTE,1.0,2,1,-1,5,4,1,0.8,0,1.0,8800.0,-0.102,1,9800.0,0
Fullstack,Pleno,2,REMOTE,1.0,4,7,3,5,3,2,0.6,1,0.99,8700.0,-0.3095,1,12600.0,1
Data / Python,Junior,1,HYBRID,1.05,1,3,2,5,1,4,0.2,1,1.0,8100.0,-0.3361,0,12200.0,0
Fullstack,Junior,1,HYBRID,1.05,0,0,0,5,3,2,0.6,2,0.99,9400.0,-0.0874,0,10300.0,1
Backend Node.js,Junior,1,HYBRID,1.05,0,1,1,5,3,2,0.6,2,0.99,9500.0,0.0106,0,9400.0,1
Machine Learning Eng.,Junior,1,REMOTE,1.0,2,5,3,5,2,3,0.4,1,1.2,10200.0,-0.0811,0,11100.0,0
Fullstack,Junior,1,ONSITE,1.1,0,2,2,5,0,5,0.0,3,0.99,12200.0,-0.024,0,12500.0,0
DevOps / SRE,Senior,3,HYBRID,1.05,7,7,0,5,3,2,0.6,4,1.12,16900.0,-0.2283,1,21900.0,1
Fullstack,Senior,3,ONSITE,1.1,6,4,-2,5,3,2,0.6,0,0.99,24500.0,0.2437,1,19700.0,0
Data / Python,Pleno,2,ONSITE,1.1,4,3,-1,5,2,3,0.4,4,1.0,16800.0,-0.134,1,19400.0,0
DevOps / SRE,Junior,1,HYBRID,1.05,2,0,-2,5,3,2,0.6,2,1.12,10600.0,-0.1311,1,12200.0,0
Backend Node.js,Junior,1,HYBRID,1.05,0,0,0,5,0,5,0.0,0,0.99,11600.0,0.1485,0,10100.0,0
Machine Learning Eng.,Pleno,2,HYBRID,1.05,5,6,1,5,1,4,0.2,0,1.2,16800.0,-0.1111,1,18900.0,0
Data / Python,Junior,1,ONSITE,1.1,2,0,-2,5,4,1,0.8,4,1.0,10000.0,-0.0909,1,11000.0,1
Data / Python,Pleno,2,HYBRID,1.05,3,0,-3,5,4,1,0.8,1,1.0,10300.0,-0.3563,1,16000.0,1
Fullstack,Pleno,2,ONSITE,1.1,3,5,2,5,4,1,0.8,0,0.99,16100.0,-0.0359,0,16700.0,1
Machine Learning Eng.,Junior,1,HYBRID,1.05,0,3,3,5,3,2,0.6,4,1.2,11800.0,-0.0084,1,11900.0,1
Fullstack,Junior,1,ONSITE,1.1,2,4,2,5,0,5,0.0,0,0.99,9200.0,-0.1712,1,11100.0,0
Data / Python,Senior,3,REMOTE,1.0,11,10,-1,5,5,0,1.0,4,1.0,17000.0,-0.2377,1,22300.0,1
DevOps / SRE,Pleno,2,REMOTE,1.0,4,7,3,5,5,0,1.0,2,1.12,15700.0,-0.0542,1,16600.0,1
Machine Learning Eng.,Junior,1,ONSITE,1.1,1,2,1,5,2,3,0.4,2,1.2,16100.0,0.1338,0,14200.0,1
Data / Python,Senior,3,HYBRID,1.05,6,9,3,5,3,2,0.6,4,1.0,29600.0,0.2282,0,24100.0,1
Fullstack,Senior,3,HYBRID,1.05,11,14,3,5,3,2,0.6,2,0.99,23000.0,0.055,1,21800.0,1
Backend Node.js,Pleno,2,HYBRID,1.05,3,3,0,5,3,2,0.6,2,0.99,14100.0,-0.1132,1,15900.0,1
Machine Learning Eng.,Senior,3,HYBRID,1.05,12,14,2,5,4,1,0.8,0,1.2,31700.0,0.0497,1,30200.0,1
Fullstack,Pleno,2,HYBRID,1.05,5,5,0,5,5,0,1.0,3,0.99,12800.0,-0.2,1,16000.0,1
DevOps / SRE,Junior,1,REMOTE,1.0,0,0,0,5,2,3,0.4,0,1.12,12700.0,0.0672,1,11900.0,0
DevOps / SRE,Pleno,2,HYBRID,1.05,3,3,0,5,4,1,0.8,0,1.12,23100.0,0.1608,1,19900.0,1
Data / Python,Junior,1,ONSITE,1.1,2,3,1,5,5,0,1.0,1,1.0,9500.0,-0.1739,0,11500.0,1
Data / Python,Pleno,2,ONSITE,1.1,5,6,1,5,3,2,0.6,3,1.0,15400.0,-0.1299,1,17700.0,1
Machine Learning Eng.,Pleno,2,HYBRID,1.05,5,6,1,5,0,5,0.0,3,1.2,19600.0,-0.0297,1,20200.0,0
Frontend React,Senior,3,ONSITE,1.1,10,7,-3,5,5,0,1.0,1,0.97,19300.0,-0.1535,1,22800.0,1
Frontend React,Junior,1,ONSITE,1.1,0,0,0,5,1,4,0.2,0,0.97,9000.0,0.0345,1,8700.0,0
Frontend React,Junior,1,ONSITE,1.1,1,0,-1,5,4,1,0.8,4,0.97,8900.0,-0.022,1,9100.0,1
Fullstack,Junior,1,ONSITE,1.1,2,3,1,5,2,3,0.4,0,0.99,8100.0,-0.2286,1,10500.0,0
DevOps / SRE,Pleno,2,HYBRID,1.05,5,2,-3,5,4,1,0.8,3,1.12,18900.0,0.1118,1,17000.0,1
Machine Learning Eng.,Pleno,2,ONSITE,1.1,4,7,3,5,1,4,0.2,4,1.2,17200.0,-0.1443,1,20100.0,1
Backend Node.js,Junior,1,ONSITE,1.1,1,0,-1,5,1,4,0.2,3,0.99,7500.0,-0.3421,0,11400.0,0
Fullstack,Junior,1,HYBRID,1.05,0,3,3,5,0,5,0.0,2,0.99,9700.0,-0.0673,1,10400.0,0
Data / Python,Senior,3,HYBRID,1.05,12,11,-1,5,1,4,0.2,2,1.0,22600.0,0.0561,0,21400.0,0
Data / Python,Pleno,2,REMOTE,1.0,3,4,1,5,3,2,0.6,2,1.0,12600.0,-0.227,0,16300.0,1
Data / Python,Senior,3,ONSITE,1.1,10,7,-3,5,5,0,1.0,1,1.0,26400.0,0.0954,1,24100.0,1
DevOps / SRE,Junior,1,ONSITE,1.1,1,4,3,5,5,0,1.0,2,1.12,13600.0,0.1724,0,11600.0,1
Backend Node.js,Junior,1,REMOTE,1.0,0,2,2,5,2,3,0.4,2,0.99,9800.0,-0.0485,1,10300.0,1
Fullstack,Pleno,2,ONSITE,1.1,3,2,-1,5,2,3,0.4,3,0.99,16700.0,-0.0291,1,17200.0,0
Frontend React,Pleno,2,HYBRID,1.05,5,7,2,5,1,4,0.2,4,0.97,12100.0,-0.097,0,13400.0,0
Backend Node.js,Senior,3,REMOTE,1.0,10,13,3,5,2,3,0.4,3,0.99,22700.0,0.1182,1,20300.0,1
DevOps / SRE,Junior,1,HYBRID,1.05,1,1,0,5,1,4,0.2,4,1.12,10600.0,-0.2206,0,13600.0,0
Fullstack,Junior,1,HYBRID,1.05,2,0,-2,5,4,1,0.8,3,0.99,10400.0,0.0612,1,9800.0,1
Machine Learning Eng.,Junior,1,ONSITE,1.1,0,0,0,5,2,3,0.4,3,1.2,12500.0,-0.0876,1,13700.0,0
Data / Python,Junior,1,ONSITE,1.1,2,2,0,5,0,5,0.0,4,1.0,11100.0,-0.0976,1,12300.0,0
Backend Node.js,Pleno,2,REMOTE,1.0,4,6,2,5,3,2,0.6,0,0.99,14400.0,0.036,1,13900.0,1
Backend Node.js,Pleno,2,ONSITE,1.1,5,3,-2,5,4,1,0.8,3,0.99,14700.0,-0.1091,1,16500.0,0
Data / Python,Pleno,2,ONSITE,1.1,4,7,3,5,4,1,0.8,0,1.0,16100.0,-0.0904,1,17700.0,1
Data / Python,Senior,3,ONSITE,1.1,7,8,1,5,4,1,0.8,4,1.0,26800.0,0.1404,0,23500.0,1
Frontend React,Junior,1,ONSITE,1.1,2,3,1,5,3,2,0.6,1,0.97,7200.0,-0.2174,0,9200.0,1
Backend Node.js,Pleno,2,HYBRID,1.05,3,6,3,5,1,4,0.2,2,0.99,14700.0,0.0208,0,14400.0,0
Backend Node.js,Junior,1,HYBRID,1.05,2,2,0,5,2,3,0.4,4,0.99,11800.0,0.2688,1,9300.0,0
Frontend React,Pleno,2,REMOTE,1.0,5,7,2,5,0,5,0.0,0,0.97,14400.0,0.0746,0,13400.0,0
Fullstack,Junior,1,HYBRID,1.05,0,3,3,5,3,2,0.6,0,0.99,12400.0,0.3478,1,9200.0,1
Fullstack,Senior,3,REMOTE,1.0,10,12,2,5,2,3,0.4,1,0.99,15500.0,-0.2365,0,20300.0,0
DevOps / SRE,Senior,3,HYBRID,1.05,10,11,1,5,4,1,0.8,1,1.12,17700.0,-0.354,1,27400.0,1
Fullstack,Junior,1,ONSITE,1.1,2,5,3,5,3,2,0.6,4,0.99,13200.0,0.2222,1,10800.0,1
Machine Learning Eng.,Pleno,2,REMOTE,1.0,3,5,2,5,5,0,1.0,0,1.2,23400.0,0.1196,0,20900.0,1
Fullstack,Junior,1,ONSITE,1.1,0,0,0,5,0,5,0.0,3,0.99,11000.0,-0.0598,1,11700.0,0
Backend Node.js,Pleno,2,HYBRID,1.05,3,5,2,5,2,3,0.4,3,0.99,13200.0,-0.0704,1,14200.0,1
Fullstack,Senior,3,ONSITE,1.1,12,14,2,5,4,1,0.8,2,0.99,27000.0,0.0843,1,24900.0,1
Fullstack,Pleno,2,HYBRID,1.05,4,4,0,5,4,1,0.8,2,0.99,14000.0,-0.1358,1,16200.0,1
Frontend React,Junior,1,REMOTE,1.0,0,0,0,5,1,4,0.2,4,0.97,10500.0,0.25,1,8400.0,0
DevOps / SRE,Pleno,2,REMOTE,1.0,4,1,-3,5,0,5,0.0,4,1.12,12400.0,-0.3187,1,18200.0,0
Data / Python,Junior,1,HYBRID,1.05,0,2,2,5,5,0,1.0,3,1.0,10400.0,-0.028,0,10700.0,1
Frontend React,Pleno,2,REMOTE,1.0,5,5,0,5,5,0,1.0,1,0.97,6200.0,-0.4746,1,11800.0,1
Machine Learning Eng.,Junior,1,HYBRID,1.05,1,1,0,5,5,0,1.0,3,1.2,14900.0,0.1462,0,13000.0,1
DevOps / SRE,Junior,1,REMOTE,1.0,0,0,0,5,1,4,0.2,2,1.12,10500.0,-0.0094,0,10600.0,0
Fullstack,Junior,1,REMOTE,1.0,0,2,2,5,0,5,0.0,4,0.99,12900.0,0.29,0,10000.0,0
DevOps / SRE,Junior,1,ONSITE,1.1,2,0,-2,5,2,3,0.4,1,1.12,11400.0,-0.2138,1,14500.0,0
Fullstack,Junior,1,HYBRID,1.05,1,0,-1,5,4,1,0.8,3,0.99,12900.0,0.2056,1,10700.0,1
Backend Node.js,Senior,3,HYBRID,1.05,6,4,-2,5,3,2,0.6,0,0.99,15700.0,-0.199,0,19600.0,0
Backend Node.js,Junior,1,HYBRID,1.05,2,0,-2,5,1,4,0.2,3,0.99,8800.0,0.0,1,8800.0,0
Frontend React,Pleno,2,REMOTE,1.0,5,2,-3,5,1,4,0.2,4,0.97,13300.0,0.031,1,12900.0,0
Frontend React,Junior,1,ONSITE,1.1,0,3,3,5,2,3,0.4,4,0.97,6300.0,-0.3077,0,9100.0,1
Data / Python,Pleno,2,REMOTE,1.0,5,4,-1,5,4,1,0.8,4,1.0,19500.0,0.1538,1,16900.0,1
Fullstack,Senior,3,REMOTE,1.0,6,9,3,5,4,1,0.8,4,0.99,20300.0,0.1033,1,18400.0,1
DevOps / SRE,Pleno,2,HYBRID,1.05,3,2,-1,5,1,4,0.2,0,1.12,18300.0,0.0893,1,16800.0,0
Fullstack,Senior,3,HYBRID,1.05,7,10,3,5,3,2,0.6,0,0.99,23000.0,0.0502,1,21900.0,1
Machine Learning Eng.,Senior,3,HYBRID,1.05,6,4,-2,5,1,4,0.2,2,1.2,35900.0,0.2337,1,29100.0,0
Backend Node.js,Senior,3,HYBRID,1.05,12,15,3,5,5,0,1.0,2,0.99,17600.0,-0.0928,1,19400.0,1
Machine Learning Eng.,Pleno,2,HYBRID,1.05,3,4,1,5,5,0,1.0,3,1.2,15000.0,-0.1979,0,18700.0,1
Fullstack,Senior,3,REMOTE,1.0,12,14,2,5,4,1,0.8,3,0.99,21400.0,0.0439,1,20500.0,1
Data / Python,Senior,3,REMOTE,1.0,6,6,0,5,3,2,0.6,4,1.0,26800.0,0.1806,0,22700.0,1
Backend Node.js,Senior,3,REMOTE,1.0,7,8,1,5,1,4,0.2,1,0.99,12200.0,-0.3107,0,17700.0,0
Machine Learning Eng.,Junior,1,HYBRID,1.05,2,3,1,5,0,5,0.0,2,1.2,14600.0,0.0282,1,14200.0,0
Frontend React,Junior,1,HYBRID,1.05,2,1,-1,5,1,4,0.2,4,0.97,8400.0,-0.087,0,9200.0,0
Backend Node.js,Pleno,2,REMOTE,1.0,3,2,-1,5,4,1,0.8,3,0.99,16800.0,0.0769,0,15600.0,0
Frontend React,Pleno,2,REMOTE,1.0,4,5,1,5,5,0,1.0,4,0.97,6700.0,-0.4806,1,12900.0,1
Frontend React,Junior,1,ONSITE,1.1,1,2,1,5,1,4,0.2,4,0.97,8400.0,-0.0769,0,9100.0,1
Backend Node.js,Pleno,2,ONSITE,1.1,4,3,-1,5,3,2,0.6,4,0.99,12700.0,-0.0522,1,13400.0,1
Machine Learning Eng.,Pleno,2,REMOTE,1.0,4,6,2,5,4,1,0.8,3,1.2,20600.0,0.0148,0,20300.0,1
Frontend React,Senior,3,HYBRID,1.05,9,10,1,5,3,2,0.6,3,0.97,20000.0,0.0204,1,19600.0,1
Data / Python,Senior,3,ONSITE,1.1,9,9,0,5,4,1,0.8,2,1.0,16600.0,-0.2095,0,21000.0,1
Machine Learning Eng.,Junior,1,ONSITE,1.1,0,1,1,5,2,3,0.4,2,1.2,12800.0,-0.0229,1,13100.0,0
Frontend React,Junior,1,ONSITE,1.1,2,0,-2,5,0,5,0.0,2,0.97,10300.0,0.1705,1,8800.0,0
Fullstack,Junior,1,HYBRID,1.05,1,3,2,5,1,4,0.2,4,0.99,9000.0,-0.1176,1,10200.0,0
DevOps / SRE,Pleno,2,ONSITE,1.1,5,2,-3,5,5,0,1.0,3,1.12,15700.0,-0.215,1,20000.0,1
Fullstack,Junior,1,REMOTE,1.0,2,4,2,5,4,1,0.8,0,0.99,8000.0,-0.1489,1,9400.0,1
Machine Learning Eng.,Pleno,2,REMOTE,1.0,3,5,2,5,4,1,0.8,1,1.2,19500.0,0.0598,1,18400.0,1
Frontend React,Pleno,2,ONSITE,1.1,5,2,-3,5,0,5,0.0,3,0.97,12400.0,-0.1389,0,14400.0,0
Backend Node.js,Pleno,2,HYBRID,1.05,4,6,2,5,5,0,1.0,3,0.99,13700.0,-0.0805,0,14900.0,1
DevOps / SRE,Pleno,2,REMOTE,1.0,4,1,-3,5,2,3,0.4,2,1.12,16100.0,-0.1701,0,19400.0,0
Frontend React,Senior,3,HYBRID,1.05,6,7,1,5,3,2,0.6,0,0.97,17100.0,-0.114,1,19300.0,1
DevOps / SRE,Senior,3,REMOTE,1.0,12,12,0,5,0,5,0.0,4,1.12,14600.0,-0.3734,1,23300.0,0
Data / Python,Junior,1,HYBRID,1.05,1,0,-1,5,3,2,0.6,2,1.0,9100.0,-0.1947,1,11300.0,0
Machine Learning Eng.,Pleno,2,HYBRID,1.05,3,0,-3,5,3,2,0.6,0,1.2,18100.0,-0.1381,0,21000.0,0
Backend Node.js,Senior,3,ONSITE,1.1,6,6,0,5,5,0,1.0,4,0.99,22400.0,0.0228,0,21900.0,1
Machine Learning Eng.,Pleno,2,HYBRID,1.05,3,6,3,5,0,5,0.0,0,1.2,29300.0,0.3318,0,22000.0,0
Backend Node.js,Senior,3,REMOTE,1.0,10,10,0,5,2,3,0.4,0,0.99,20500.0,0.0049,1,20400.0,0
DevOps / SRE,Junior,1,ONSITE,1.1,0,0,0,5,2,3,0.4,2,1.12,13400.0,-0.0147,1,13600.0,1
DevOps / SRE,Junior,1,REMOTE,1.0,1,0,-1,5,1,4,0.2,3,1.12,12400.0,0.1923,1,10400.0,0
Frontend React,Pleno,2,HYBRID,1.05,4,5,1,5,2,3,0.4,4,0.97,10100.0,-0.3082,0,14600.0,0
Fullstack,Pleno,2,HYBRID,1.05,3,6,3,5,2,3,0.4,0,0.99,12600.0,-0.2455,1,16700.0,0
DevOps / SRE,Junior,1,ONSITE,1.1,1,0,-1,5,1,4,0.2,1,1.12,15200.0,0.1603,1,13100.0,0
Backend Node.js,Senior,3,ONSITE,1.1,11,14,3,5,0,5,0.0,3,0.99,22900.0,0.101,1,20800.0,0
Data / Python,Senior,3,HYBRID,1.05,8,11,3,5,3,2,0.6,4,1.0,22300.0,-0.1521,1,26300.0,1
Frontend React,Pleno,2,ONSITE,1.1,5,6,1,5,2,3,0.4,1,0.97,12200.0,-0.0827,0,13300.0,0
Fullstack,Junior,1,HYBRID,1.05,0,0,0,5,4,1,0.8,2,0.99,8400.0,0.0,1,8400.0,1
Backend Node.js,Pleno,2,REMOTE,1.0,5,5,0,5,0,5,0.0,4,0.99,11600.0,-0.0866,1,12700.0,0
DevOps / SRE,Junior,1,ONSITE,1.1,1,1,0,5,0,5,0.0,3,1.12,14200.0,0.084,1,13100.0,0
Data / Python,Junior,1,ONSITE,1.1,1,0,-1,5,2,3,0.4,2,1.0,12800.0,0.1852,0,10800.0,0
Fullstack,Junior,1,HYBRID,1.05,0,0,0,5,3,2,0.6,0,0.99,8900.0,-0.1275,1,10200.0,0
Machine Learning Eng.,Senior,3,ONSITE,1.1,9,10,1,5,5,0,1.0,1,1.2,26100.0,-0.1714,1,31500.0,1
DevOps / SRE,Junior,1,ONSITE,1.1,0,1,1,5,0,5,0.0,4,1.12,15200.0,0.2063,1,12600.0,0
Frontend React,Pleno,2,REMOTE,1.0,5,2,-3,5,0,5,0.0,2,0.97,15900.0,0.1606,1,13700.0,0
DevOps / SRE,Pleno,2,ONSITE,1.1,3,3,0,5,5,0,1.0,2,1.12,14200.0,-0.2067,0,17900.0,1
Fullstack,Senior,3,REMOTE,1.0,11,11,0,5,1,4,0.2,4,0.99,26500.0,0.2383,1,21400.0,0
Data / Python,Senior,3,REMOTE,1.0,10,13,3,5,3,2,0.6,3,1.0,24500.0,-0.0824,0,26700.0,1
Machine Learning Eng.,Pleno,2,REMOTE,1.0,5,3,-2,5,1,4,0.2,2,1.2,13000.0,-0.2857,1,18200.0,0
Frontend React,Senior,3,REMOTE,1.0,6,6,0,5,3,2,0.6,2,0.97,21700.0,0.1481,1,18900.0,0
Fullstack,Pleno,2,ONSITE,1.1,4,6,2,5,4,1,0.8,2,0.99,14300.0,-0.0833,1,15600.0,1
Frontend React,Senior,3,REMOTE,1.0,11,10,-1,5,1,4,0.2,3,0.97,12700.0,-0.3553,0,19700.0,0
Backend Node.js,Junior,1,REMOTE,1.0,0,0,0,5,3,2,0.6,0,0.99,8100.0,-0.0795,0,8800.0,0
Fullstack,Pleno,2,HYBRID,1.05,4,4,0,5,3,2,0.6,4,0.99,23700.0,0.339,1,17700.0,1
Backend Node.js,Senior,3,REMOTE,1.0,9,9,0,5,0,5,0.0,1,0.99,16900.0,-0.1289,0,19400.0,0
Backend Node.js,Pleno,2,REMOTE,1.0,5,8,3,5,4,1,0.8,4,0.99,12000.0,-0.1241,0,13700.0,1
Fullstack,Pleno,2,HYBRID,1.05,5,6,1,5,3,2,0.6,0,0.99,16200.0,-0.0061,0,16300.0,1
Frontend React,Senior,3,ONSITE,1.1,7,4,-3,5,0,5,0.0,4,0.97,20200.0,0.0202,1,19800.0,0
Frontend React,Junior,1,REMOTE,1.0,1,2,1,5,2,3,0.4,4,0.97,7100.0,-0.2366,1,9300.0,1
Frontend React,Pleno,2,REMOTE,1.0,5,2,-3,5,3,2,0.6,0,0.97,16100.0,0.229,1,13100.0,0
Data / Python,Pleno,2,HYBRID,1.05,4,2,-2,5,2,3,0.4,0,1.0,23100.0,0.3832,0,16700.0,0
Backend Node.js,Junior,1,REMOTE,1.0,1,4,3,5,3,2,0.6,3,0.99,8500.0,0.0897,0,7800.0,1
Backend Node.js,Junior,1,ONSITE,1.1,2,5,3,5,5,0,1.0,2,0.99,10900.0,0.0686,0,10200.0,1
Machine Learning Eng.,Pleno,2,REMOTE,1.0,3,4,1,5,1,4,0.2,0,1.2,19100.0,-0.0591,0,20300.0,0
DevOps / SRE,Senior,3,HYBRID,1.05,8,11,3,5,2,3,0.4,3,1.12,21000.0,-0.258,0,28300.0,1
DevOps / SRE,Pleno,2,REMOTE,1.0,5,6,1,5,5,0,1.0,1,1.12,18400.0,0.0514,1,17500.0,1
Fullstack,Junior,1,ONSITE,1.1,1,2,1,5,3,2,0.6,3,0.99,12300.0,0.2812,0,9600.0,1
Data / Python,Pleno,2,REMOTE,1.0,5,3,-2,5,2,3,0.4,3,1.0,19900.0,0.118,1,17800.0,0
Data / Python,Senior,3,HYBRID,1.05,10,8,-2,5,5,0,1.0,2,1.0,20000.0,-0.1228,0,22800.0,1
DevOps / SRE,Pleno,2,REMOTE,1.0,3,5,2,5,0,5,0.0,3,1.12,22500.0,0.148,1,19600.0,0
Machine Learning Eng.,Pleno,2,ONSITE,1.1,4,5,1,5,0,5,0.0,3,1.2,12500.0,-0.4369,1,22200.0,0
Fullstack,Senior,3,HYBRID,1.05,10,10,0,5,3,2,0.6,4,0.99,25100.0,0.1306,1,22200.0,0
DevOps / SRE,Junior,1,REMOTE,1.0,1,1,0,5,1,4,0.2,4,1.12,12600.0,0.0413,0,12100.0,0
Data / Python,Junior,1,ONSITE,1.1,2,4,2,5,1,4,0.2,3,1.0,12000.0,0.0714,1,11200.0,0
Frontend React,Junior,1,ONSITE,1.1,2,1,-1,5,1,4,0.2,0,0.97,5800.0,-0.3895,0,9500.0,0
Data / Python,Pleno,2,REMOTE,1.0,5,8,3,5,4,1,0.8,0,1.0,15100.0,-0.1012,1,16800.0,1
Frontend React,Pleno,2,HYBRID,1.05,5,4,-1,5,1,4,0.2,2,0.97,12500.0,-0.0876,1,13700.0,0
Fullstack,Junior,1,HYBRID,1.05,0,0,0,5,0,5,0.0,2,0.99,8700.0,-0.1212,1,9900.0,0
Frontend React,Pleno,2,ONSITE,1.1,3,3,0,5,3,2,0.6,4,0.97,11700.0,-0.2548,1,15700.0,1
Fullstack,Junior,1,REMOTE,1.0,0,0,0,5,0,5,0.0,0,0.99,13100.0,0.2843,0,10200.0,0
Fullstack,Junior,1,HYBRID,1.05,0,3,3,5,4,1,0.8,3,0.99,12000.0,0.0169,1,11800.0,1
Machine Learning Eng.,Junior,1,HYBRID,1.05,0,0,0,5,3,2,0.6,3,1.2,12000.0,-0.1667,1,14400.0,1
Machine Learning Eng.,Senior,3,REMOTE,1.0,8,10,2,5,1,4,0.2,1,1.2,19700.0,-0.2335,0,25700.0,0
Data / Python,Senior,3,REMOTE,1.0,12,14,2,5,3,2,0.6,0,1.0,28300.0,0.2412,0,22800.0,1
Fullstack,Senior,3,ONSITE,1.1,6,9,3,5,3,2,0.6,2,0.99,18300.0,-0.2469,0,24300.0,1
Machine Learning Eng.,Senior,3,ONSITE,1.1,8,8,0,5,4,1,0.8,3,1.2,36300.0,0.1415,0,31800.0,1
Data / Python,Junior,1,HYBRID,1.05,2,2,0,5,0,5,0.0,3,1.0,13800.0,0.2212,1,11300.0,0
Backend Node.js,Junior,1,ONSITE,1.1,2,0,-2,5,5,0,1.0,0,0.99,9300.0,-0.1913,0,11500.0,1
Frontend React,Senior,3,REMOTE,1.0,10,10,0,5,5,0,1.0,4,0.97,17400.0,-0.0057,1,17500.0,1
Backend Node.js,Pleno,2,HYBRID,1.05,3,1,-2,5,1,4,0.2,4,0.99,15500.0,0.0473,1,14800.0,0
Fullstack,Senior,3,ONSITE,1.1,10,12,2,5,4,1,0.8,0,0.99,21600.0,-0.069,0,23200.0,1
Frontend React,Junior,1,REMOTE,1.0,1,4,3,5,4,1,0.8,3,0.97,9500.0,0.0106,1,9400.0,1
Frontend React,Junior,1,ONSITE,1.1,1,0,-1,5,2,3,0.4,3,0.97,9300.0,0.0568,1,8800.0,0
DevOps / SRE,Senior,3,REMOTE,1.0,7,5,-2,5,3,2,0.6,2,1.12,26300.0,0.1485,0,22900.0,0
DevOps / SRE,Pleno,2,ONSITE,1.1,5,7,2,5,3,2,0.6,1,1.12,19100.0,0.0495,1,18200.0,1
Frontend React,Junior,1,REMOTE,1.0,2,0,-2,5,0,5,0.0,4,0.97,7600.0,-0.1059,1,8500.0,0
Fullstack,Junior,1,REMOTE,1.0,1,0,-1,5,2,3,0.4,2,0.99,7500.0,-0.1379,1,8700.0,0
Frontend React,Senior,3,REMOTE,1.0,12,15,3,5,2,3,0.4,1,0.97,22200.0,0.1935,0,18600.0,0
Machine Learning Eng.,Junior,1,HYBRID,1.05,1,4,3,5,0,5,0.0,0,1.2,13000.0,-0.058,1,13800.0,0
Fullstack,Pleno,2,ONSITE,1.1,5,3,-2,5,4,1,0.8,1,0.99,18600.0,0.2828,1,14500.0,1
Machine Learning Eng.,Pleno,2,HYBRID,1.05,5,4,-1,5,0,5,0.0,3,1.2,18500.0,-0.0314,0,19100.0,0
Frontend React,Senior,3,HYBRID,1.05,10,8,-2,5,3,2,0.6,2,0.97,20000.0,0.2195,1,16400.0,0
Backend Node.js,Pleno,2,ONSITE,1.1,3,5,2,5,3,2,0.6,4,0.99,11700.0,-0.2403,1,15400.0,1
Data / Python,Junior,1,HYBRID,1.05,2,1,-1,5,4,1,0.8,0,1.0,10800.0,0.0286,0,10500.0,1
DevOps / SRE,Pleno,2,REMOTE,1.0,5,2,-3,5,2,3,0.4,4,1.12,12200.0,-0.3222,1,18000.0,0
Fullstack,Junior,1,HYBRID,1.05,1,4,3,5,1,4,0.2,3,0.99,10600.0,0.06,1,10000.0,1
Backend Node.js,Senior,3,REMOTE,1.0,7,8,1,5,3,2,0.6,2,0.99,16700.0,-0.1932,0,20700.0,1
DevOps / SRE,Junior,1,REMOTE,1.0,0,0,0,5,0,5,0.0,3,1.12,10900.0,-0.0917,0,12000.0,0
DevOps / SRE,Pleno,2,HYBRID,1.05,5,8,3,5,4,1,0.8,1,1.12,26900.0,0.2512,1,21500.0,1
Data / Python,Pleno,2,ONSITE,1.1,4,7,3,5,4,1,0.8,3,1.0,14600.0,-0.1361,1,16900.0,1
Frontend React,Senior,3,HYBRID,1.05,11,9,-2,5,3,2,0.6,2,0.97,20000.0,0.087,0,18400.0,0
Machine Learning Eng.,Junior,1,REMOTE,1.0,2,1,-1,5,0,5,0.0,1,1.2,10700.0,-0.1157,1,12100.0,0
DevOps / SRE,Senior,3,HYBRID,1.05,8,11,3,5,5,0,1.0,4,1.12,17500.0,-0.3243,0,25900.0,1
DevOps / SRE,Senior,3,REMOTE,1.0,7,7,0,5,5,0,1.0,0,1.12,24200.0,0.0852,1,22300.0,1
Machine Learning Eng.,Junior,1,ONSITE,1.1,1,0,-1,5,4,1,0.8,2,1.2,11900.0,-0.15,1,14000.0,1
DevOps / SRE,Pleno,2,REMOTE,1.0,4,2,-2,5,2,3,0.4,4,1.12,20700.0,0.2545,0,16500.0,0
Fullstack,Pleno,2,ONSITE,1.1,4,5,1,5,1,4,0.2,1,0.99,21200.0,0.191,0,17800.0,0
Fullstack,Senior,3,REMOTE,1.0,7,7,0,5,1,4,0.2,2,0.99,25300.0,0.2163,0,20800.0,0
Backend Node.js,Senior,3,REMOTE,1.0,10,12,2,5,0,5,0.0,0,0.99,19100.0,-0.0683,1,20500.0,0
Machine Learning Eng.,Pleno,2,REMOTE,1.0,3,1,-2,5,4,1,0.8,1,1.2,13200.0,-0.3917,1,21700.0,0
Fullstack,Junior,1,ONSITE,1.1,1,0,-1,5,4,1,0.8,2,0.99,7300.0,-0.3423,1,11100.0,1
Data / Python,Pleno,2,REMOTE,1.0,5,2,-3,5,5,0,1.0,3,1.0,16900.0,0.0696,1,15800.0,1
Machine Learning Eng.,Junior,1,HYBRID,1.05,0,0,0,5,0,5,0.0,4,1.2,15900.0,0.1691,0,13600.0,0
Data / Python,Senior,3,REMOTE,1.0,6,3,-3,5,1,4,0.2,3,1.0,14900.0,-0.355,0,23100.0,0
Machine Learning Eng.,Senior,3,REMOTE,1.0,9,7,-2,5,4,1,0.8,3,1.2,29600.0,0.1128,1,26600.0,1
Fullstack,Junior,1,ONSITE,1.1,2,4,2,5,5,0,1.0,3,0.99,13300.0,0.243,1,10700.0,1
Fullstack,Pleno,2,HYBRID,1.05,5,5,0,5,1,4,0.2,3,0.99,15500.0,-0.0312,1,16000.0,0
Fullstack,Senior,3,HYBRID,1.05,6,3,-3,5,1,4,0.2,4,0.99,22800.0,0.0507,1,21700.0,0
Frontend React,Senior,3,REMOTE,1.0,7,6,-1,5,1,4,0.2,2,0.97,16400.0,-0.1881,1,20200.0,0
Backend Node.js,Junior,1,REMOTE,1.0,1,0,-1,5,5,0,1.0,0,0.99,8900.0,0.0471,1,8500.0,1
Machine Learning Eng.,Pleno,2,REMOTE,1.0,3,3,0,5,1,4,0.2,2,1.2,19200.0,-0.0103,0,19400.0,0
Backend Node.js,Pleno,2,ONSITE,1.1,5,7,2,5,3,2,0.6,2,0.99,15200.0,-0.0675,1,16300.0,1
Machine Learning Eng.,Junior,1,REMOTE,1.0,2,4,2,5,1,4,0.2,0,1.2,10500.0,-0.0948,1,11600.0,0
DevOps / SRE,Senior,3,REMOTE,1.0,7,7,0,5,1,4,0.2,1,1.12,15200.0,-0.3122,1,22100.0,0
Fullstack,Senior,3,ONSITE,1.1,11,13,2,5,4,1,0.8,0,0.99,22500.0,0.0465,1,21500.0,1
Fullstack,Junior,1,ONSITE,1.1,1,0,-1,5,5,0,1.0,0,0.99,10000.0,-0.0566,1,10600.0,1
Machine Learning Eng.,Junior,1,HYBRID,1.05,0,1,1,5,0,5,0.0,2,1.2,11000.0,-0.1473,1,12900.0,0
Backend Node.js,Junior,1,ONSITE,1.1,1,0,-1,5,1,4,0.2,2,0.99,10400.0,0.1064,1,9400.0,0
DevOps / SRE,Senior,3,HYBRID,1.05,10,13,3,5,5,0,1.0,4,1.12,21700.0,-0.1749,1,26300.0,1
Fullstack,Senior,3,REMOTE,1.0,10,13,3,5,0,5,0.0,3,0.99,15400.0,-0.2103,1,19500.0,0
DevOps / SRE,Junior,1,ONSITE,1.1,2,0,-2,5,2,3,0.4,1,1.12,7800.0,-0.4179,1,13400.0,0
Fullstack,Junior,1,ONSITE,1.1,2,5,3,5,5,0,1.0,2,0.99,9900.0,-0.0917,1,10900.0,1
Backend Node.js,Junior,1,HYBRID,1.05,2,0,-2,5,2,3,0.4,2,0.99,11500.0,0.1058,1,10400.0,0
Frontend React,Senior,3,ONSITE,1.1,8,9,1,5,1,4,0.2,1,0.97,18800.0,0.0053,1,18700.0,0
Backend Node.js,Junior,1,ONSITE,1.1,0,0,0,5,4,1,0.8,0,0.99,11300.0,0.1078,0,10200.0,1
Fullstack,Pleno,2,ONSITE,1.1,3,2,-1,5,2,3,0.4,2,0.99,10300.0,-0.3563,1,16000.0,0
Backend Node.js,Senior,3,ONSITE,1.1,8,6,-2,5,5,0,1.0,1,0.99,18600.0,-0.11,1,20900.0,1
Machine Learning Eng.,Junior,1,ONSITE,1.1,0,2,2,5,2,3,0.4,4,1.2,17500.0,0.3158,1,13300.0,1
Fullstack,Junior,1,ONSITE,1.1,0,0,0,5,3,2,0.6,1,0.99,11300.0,0.0971,1,10300.0,0
Backend Node.js,Pleno,2,ONSITE,1.1,3,1,-2,5,0,5,0.0,3,0.99,17000.0,0.1888,1,14300.0,0
DevOps / SRE,Senior,3,HYBRID,1.05,6,4,-2,5,4,1,0.8,4,1.12,19000.0,-0.2245,0,24500.0,0
Backend Node.js,Junior,1,REMOTE,1.0,1,3,2,5,5,0,1.0,0,0.99,7400.0,-0.2043,0,9300.0,1
Data / Python,Junior,1,REMOTE,1.0,2,5,3,5,0,5,0.0,2,1.0,6000.0,-0.4393,1,10700.0,0
Fullstack,Senior,3,REMOTE,1.0,6,3,-3,5,0,5,0.0,4,0.99,27200.0,0.2952,1,21000.0,0
DevOps / SRE,Senior,3,REMOTE,1.0,8,5,-3,5,4,1,0.8,2,1.12,16200.0,-0.3278,1,24100.0,1
Machine Learning Eng.,Pleno,2,ONSITE,1.1,3,0,-3,5,3,2,0.6,0,1.2,23900.0,0.067,0,22400.0,0
Machine Learning Eng.,Junior,1,REMOTE,1.0,2,2,0,5,0,5,0.0,4,1.2,11000.0,-0.0984,0,12200.0,0
Backend Node.js,Pleno,2,HYBRID,1.05,4,7,3,5,4,1,0.8,1,0.99,16400.0,0.2148,0,13500.0,1
Machine Learning Eng.,Junior,1,ONSITE,1.1,1,0,-1,5,2,3,0.4,2,1.2,9800.0,-0.3333,1,14700.0,0
Machine Learning Eng.,Pleno,2,REMOTE,1.0,3,5,2,5,0,5,0.0,2,1.2,20200.0,0.1222,1,18000.0,0
Frontend React,Senior,3,ONSITE,1.1,10,8,-2,5,2,3,0.4,0,0.97,18800.0,0.0053,1,18700.0,0
Fullstack,Pleno,2,HYBRID,1.05,5,4,-1,5,0,5,0.0,1,0.99,19500.0,0.2037,0,16200.0,0
Machine Learning Eng.,Pleno,2,ONSITE,1.1,4,6,2,5,5,0,1.0,0,1.2,19700.0,-0.0794,1,21400.0,1
Machine Learning Eng.,Senior,3,HYBRID,1.05,8,5,-3,5,5,0,1.0,3,1.2,27200.0,0.0187,0,26700.0,1
Frontend React,Senior,3,REMOTE,1.0,10,11,1,5,2,3,0.4,0,0.97,18400.0,-0.0515,1,19400.0,0
Backend Node.js,Pleno,2,HYBRID,1.05,3,2,-1,5,0,5,0.0,3,0.99,9500.0,-0.3537,0,14700.0,0
Fullstack,Pleno,2,REMOTE,1.0,5,3,-2,5,2,3,0.4,2,0.99,16800.0,0.0701,1,15700.0,0
Frontend React,Junior,1,HYBRID,1.05,1,0,-1,5,4,1,0.8,3,0.97,7000.0,-0.2135,1,8900.0,1
Fullstack,Pleno,2,HYBRID,1.05,4,6,2,5,0,5,0.0,0,0.99,12200.0,-0.1867,1,15000.0,0
Data / Python,Senior,3,HYBRID,1.05,11,13,2,5,0,5,0.0,0,1.0,20900.0,-0.1181,1,23700.0,0
Frontend React,Junior,1,REMOTE,1.0,1,3,2,5,1,4,0.2,4,0.97,6500.0,-0.2073,1,8200.0,0
Backend Node.js,Pleno,2,REMOTE,1.0,3,3,0,5,0,5,0.0,4,0.99,15900.0,0.0743,1,14800.0,0
Data / Python,Junior,1,HYBRID,1.05,2,4,2,5,1,4,0.2,3,1.0,9800.0,-0.1327,0,11300.0,1
Fullstack,Pleno,2,HYBRID,1.05,3,4,1,5,0,5,0.0,0,0.99,19900.0,0.1916,1,16700.0,0
Data / Python,Pleno,2,HYBRID,1.05,5,6,1,5,5,0,1.0,2,1.0,14100.0,-0.0903,1,15500.0,1
DevOps / SRE,Pleno,2,REMOTE,1.0,5,5,0,5,5,0,1.0,2,1.12,15900.0,-0.0647,1,17000.0,1
Data / Python,Junior,1,HYBRID,1.05,0,2,2,5,4,1,0.8,4,1.0,10700.0,-0.0446,1,11200.0,1
DevOps / SRE,Pleno,2,HYBRID,1.05,3,1,-2,5,4,1,0.8,1,1.12,14900.0,-0.232,1,19400.0,1
Machine Learning Eng.,Senior,3,REMOTE,1.0,10,13,3,5,4,1,0.8,1,1.2,20900.0,-0.2288,0,27100.0,1
Machine Learning Eng.,Senior,3,REMOTE,1.0,12,14,2,5,2,3,0.4,3,1.2,27600.0,-0.0316,1,28500.0,1
Data / Python,Junior,1,ONSITE,1.1,2,1,-1,5,5,0,1.0,4,1.0,9400.0,-0.1897,1,11600.0,1
Machine Learning Eng.,Junior,1,ONSITE,1.1,0,0,0,5,2,3,0.4,1,1.2,16800.0,0.1748,0,14300.0,0
Data / Python,Junior,1,ONSITE,1.1,1,1,0,5,0,5,0.0,2,1.0,7700.0,-0.3529,1,11900.0,0
Frontend React,Junior,1,REMOTE,1.0,0,1,1,5,2,3,0.4,0,0.97,5700.0,-0.1972,1,7100.0,0
Backend Node.js,Junior,1,HYBRID,1.05,0,1,1,5,0,5,0.0,0,0.99,4900.0,-0.5505,1,10900.0,0
Frontend React,Senior,3,REMOTE,1.0,12,14,2,5,5,0,1.0,0,0.97,12800.0,-0.2515,1,17100.0,1
Backend Node.js,Pleno,2,HYBRID,1.05,3,4,1,5,4,1,0.8,1,0.99,19700.0,0.3046,0,15100.0,1
Fullstack,Senior,3,REMOTE,1.0,10,8,-2,5,4,1,0.8,4,0.99,16800.0,-0.2258,1,21700.0,1
Fullstack,Senior,3,REMOTE,1.0,8,8,0,5,4,1,0.8,3,0.99,12800.0,-0.3846,1,20800.0,1
Fullstack,Junior,1,ONSITE,1.1,2,0,-2,5,1,4,0.2,4,0.99,12200.0,0.0609,1,11500.0,0
Frontend React,Junior,1,ONSITE,1.1,2,1,-1,5,1,4,0.2,4,0.97,10500.0,0.1932,1,8800.0,0
Machine Learning Eng.,Pleno,2,HYBRID,1.05,3,1,-2,5,3,2,0.6,4,1.2,23600.0,0.0727,0,22000.0,0
Fullstack,Pleno,2,REMOTE,1.0,4,1,-3,5,5,0,1.0,3,0.99,17600.0,0.2222,0,14400.0,1
DevOps / SRE,Senior,3,HYBRID,1.05,7,6,-1,5,1,4,0.2,3,1.12,23200.0,-0.1594,1,27600.0,0
Fullstack,Junior,1,ONSITE,1.1,1,0,-1,5,0,5,0.0,1,0.99,7900.0,-0.2685,0,10800.0,0
Data / Python,Senior,3,ONSITE,1.1,10,9,-1,5,5,0,1.0,1,1.0,26000.0,0.1159,1,23300.0,0
DevOps / SRE,Senior,3,REMOTE,1.0,10,13,3,5,0,5,0.0,3,1.12,26900.0,-0.0218,0,27500.0,0
DevOps / SRE,Pleno,2,HYBRID,1.05,5,8,3,5,1,4,0.2,3,1.12,14700.0,-0.2383,0,19300.0,1
Fullstack,Junior,1,REMOTE,1.0,1,1,0,5,0,5,0.0,0,0.99,5900.0,-0.398,1,9800.0,0
Backend Node.js,Junior,1,HYBRID,1.05,0,0,0,5,3,2,0.6,2,0.99,10500.0,0.0714,1,9800.0,1
Data / Python,Pleno,2,HYBRID,1.05,5,8,3,5,1,4,0.2,2,1.0,14500.0,-0.1714,1,17500.0,0
Data / Python,Junior,1,REMOTE,1.0,1,0,-1,5,1,4,0.2,3,1.0,10400.0,0.1064,1,9400.0,0
DevOps / SRE,Pleno,2,HYBRID,1.05,3,2,-1,5,3,2,0.6,0,1.12,12500.0,-0.3207,0,18400.0,0
Frontend React,Pleno,2,REMOTE,1.0,5,7,2,5,1,4,0.2,4,0.97,7300.0,-0.4427,1,13100.0,0
Data / Python,Junior,1,REMOTE,1.0,2,5,3,5,1,4,0.2,1,1.0,7300.0,-0.2843,0,10200.0,0
Data / Python,Senior,3,ONSITE,1.1,10,11,1,5,0,5,0.0,1,1.0,25700.0,-0.0446,1,26900.0,0
Backend Node.js,Pleno,2,REMOTE,1.0,5,7,2,5,4,1,0.8,0,0.99,10600.0,-0.2429,1,14000.0,1
DevOps / SRE,Pleno,2,REMOTE,1.0,4,2,-2,5,2,3,0.4,4,1.12,14300.0,-0.2667,0,19500.0,0
Backend Node.js,Senior,3,REMOTE,1.0,10,7,-3,5,4,1,0.8,4,0.99,25600.0,0.3333,1,19200.0,1
Data / Python,Junior,1,HYBRID,1.05,1,3,2,5,5,0,1.0,3,1.0,13900.0,0.2752,1,10900.0,1
DevOps / SRE,Junior,1,ONSITE,1.1,0,2,2,5,2,3,0.4,3,1.12,13300.0,0.0556,0,12600.0,1
Backend Node.js,Pleno,2,REMOTE,1.0,5,4,-1,5,5,0,1.0,3,0.99,10500.0,-0.186,0,12900.0,1
DevOps / SRE,Pleno,2,ONSITE,1.1,4,2,-2,5,2,3,0.4,3,1.12,16800.0,-0.134,0,19400.0,0
Fullstack,Senior,3,REMOTE,1.0,11,12,1,5,0,5,0.0,3,0.99,21500.0,0.0437,1,20600.0,0
Machine Learning Eng.,Junior,1,REMOTE,1.0,1,0,-1,5,1,4,0.2,3,1.2,8300.0,-0.2243,1,10700.0,0
Backend Node.js,Senior,3,HYBRID,1.05,8,6,-2,5,0,5,0.0,4,0.99,21400.0,0.0239,1,20900.0,0
Fullstack,Senior,3,ONSITE,1.1,11,12,1,5,1,4,0.2,4,0.99,22200.0,-0.0348,1,23000.0,0
Fullstack,Junior,1,ONSITE,1.1,1,0,-1,5,1,4,0.2,4,0.99,10200.0,0.0968,0,9300.0,0
Data / Python,Junior,1,HYBRID,1.05,1,2,1,5,0,5,0.0,3,1.0,10700.0,-0.0614,0,11400.0,0
Backend Node.js,Senior,3,HYBRID,1.05,9,7,-2,5,4,1,0.8,0,0.99,17200.0,-0.177,1,20900.0,0
Data / Python,Pleno,2,HYBRID,1.05,5,3,-2,5,2,3,0.4,0,1.0,18900.0,0.1183,0,16900.0,0
Frontend React,Junior,1,ONSITE,1.1,1,4,3,5,3,2,0.6,2,0.97,6600.0,-0.2326,1,8600.0,1
Fullstack,Senior,3,HYBRID,1.05,6,4,-2,5,2,3,0.4,2,0.99,29300.0,0.2468,1,23500.0,0
Frontend React,Pleno,2,ONSITE,1.1,3,6,3,5,2,3,0.4,1,0.97,16300.0,0.2074,1,13500.0,1
Fullstack,Pleno,2,ONSITE,1.1,4,7,3,5,3,2,0.6,3,0.99,16000.0,0.039,1,15400.0,1
Frontend React,Senior,3,HYBRID,1.05,11,8,-3,5,5,0,1.0,0,0.97,19500.0,0.1017,0,17700.0,1
Data / Python,Junior,1,HYBRID,1.05,0,0,0,5,3,2,0.6,3,1.0,14800.0,0.1746,1,12600.0,0
DevOps / SRE,Senior,3,ONSITE,1.1,8,11,3,5,2,3,0.4,1,1.12,25200.0,0.0202,0,24700.0,1
Backend Node.js,Senior,3,HYBRID,1.05,7,8,1,5,5,0,1.0,3,0.99,12200.0,-0.4135,1,20800.0,1
Frontend React,Senior,3,HYBRID,1.05,7,10,3,5,0,5,0.0,4,0.97,18200.0,-0.1292,1,20900.0,0
Data / Python,Pleno,2,ONSITE,1.1,4,6,2,5,0,5,0.0,1,1.0,15600.0,-0.1832,1,19100.0,0
Frontend React,Pleno,2,HYBRID,1.05,4,6,2,5,0,5,0.0,0,0.97,10900.0,-0.121,1,12400.0,0
Fullstack,Junior,1,HYBRID,1.05,0,0,0,5,1,4,0.2,4,0.99,10300.0,0.0198,1,10100.0,0
Fullstack,Pleno,2,REMOTE,1.0,3,3,0,5,2,3,0.4,4,0.99,10500.0,-0.186,0,12900.0,1
Machine Learning Eng.,Senior,3,ONSITE,1.1,11,8,-3,5,5,0,1.0,0,1.2,28900.0,-0.0912,1,31800.0,1
Data / Python,Junior,1,REMOTE,1.0,1,0,-1,5,2,3,0.4,0,1.0,11300.0,0.1188,1,10100.0,0
Frontend React,Senior,3,REMOTE,1.0,12,10,-2,5,5,0,1.0,2,0.97,15700.0,-0.0977,0,17400.0,1
Frontend React,Pleno,2,ONSITE,1.1,4,7,3,5,0,5,0.0,3,0.97,11700.0,-0.1,1,13000.0,0
Data / Python,Junior,1,ONSITE,1.1,1,4,3,5,3,2,0.6,3,1.0,13300.0,0.0556,1,12600.0,1
Data / Python,Pleno,2,ONSITE,1.1,4,1,-3,5,1,4,0.2,2,1.0,17400.0,-0.0695,0,18700.0,0
Machine Learning Eng.,Junior,1,ONSITE,1.1,1,3,2,5,3,2,0.6,1,1.2,15100.0,0.0342,0,14600.0,1
Machine Learning Eng.,Pleno,2,ONSITE,1.1,5,3,-2,5,2,3,0.4,0,1.2,18500.0,-0.1355,1,21400.0,0
DevOps / SRE,Junior,1,HYBRID,1.05,0,3,3,5,0,5,0.0,2,1.12,14600.0,0.1967,0,12200.0,0
Machine Learning Eng.,Pleno,2,ONSITE,1.1,5,8,3,5,4,1,0.8,4,1.2,21600.0,0.0189,1,21200.0,1
Frontend React,Pleno,2,HYBRID,1.05,5,3,-2,5,1,4,0.2,0,0.97,8500.0,-0.32,0,12500.0,0
Backend Node.js,Senior,3,HYBRID,1.05,11,9,-2,5,1,4,0.2,2,0.99,22300.0,0.0,1,22300.0,0
DevOps / SRE,Pleno,2,REMOTE,1.0,4,1,-3,5,1,4,0.2,0,1.12,13000.0,-0.2442,1,17200.0,0
Frontend React,Junior,1,ONSITE,1.1,1,0,-1,5,5,0,1.0,4,0.97,11500.0,0.1386,1,10100.0,1
Fullstack,Senior,3,HYBRID,1.05,10,9,-1,5,4,1,0.8,4,0.99,20000.0,-0.1525,1,23600.0,1
Machine Learning Eng.,Pleno,2,REMOTE,1.0,3,6,3,5,3,2,0.6,0,1.2,22500.0,0.0369,1,21700.0,1
Frontend React,Junior,1,HYBRID,1.05,1,1,0,5,5,0,1.0,3,0.97,5700.0,-0.25,1,7600.0,1
DevOps / SRE,Pleno,2,REMOTE,1.0,4,6,2,5,3,2,0.6,1,1.12,15000.0,-0.1525,1,17700.0,1
Frontend React,Pleno,2,REMOTE,1.0,3,3,0,5,3,2,0.6,3,0.97,13200.0,0.0394,1,12700.0,1
Backend Node.js,Senior,3,REMOTE,1.0,8,8,0,5,3,2,0.6,2,0.99,17000.0,0.0692,1,15900.0,1
Fullstack,Senior,3,HYBRID,1.05,8,5,-3,5,5,0,1.0,1,0.99,16600.0,-0.0978,1,18400.0,1
Frontend React,Junior,1,REMOTE,1.0,2,4,2,5,2,3,0.4,1,0.97,6700.0,-0.2299,1,8700.0,0
Frontend React,Junior,1,HYBRID,1.05,1,2,1,5,4,1,0.8,1,0.97,9200.0,0.0222,1,9000.0,1
Machine Learning Eng.,Junior,1,ONSITE,1.1,0,0,0,5,2,3,0.4,1,1.2,8300.0,-0.4236,1,14400.0,0
Fullstack,Junior,1,ONSITE,1.1,2,1,-1,5,3,2,0.6,3,0.99,15400.0,0.4667,1,10500.0,0
Backend Node.js,Senior,3,REMOTE,1.0,11,11,0,5,0,5,0.0,1,0.99,13300.0,-0.3037,0,19100.0,0
Fullstack,Pleno,2,HYBRID,1.05,3,5,2,5,4,1,0.8,1,0.99,15100.0,-0.0195,0,15400.0,1
Data / Python,Senior,3,HYBRID,1.05,8,6,-2,5,4,1,0.8,1,1.0,18900.0,-0.1888,0,23300.0,0
Machine Learning Eng.,Junior,1,ONSITE,1.1,2,2,0,5,2,3,0.4,3,1.2,13200.0,-0.0769,0,14300.0,0
Fullstack,Pleno,2,HYBRID,1.05,5,6,1,5,1,4,0.2,3,0.99,14900.0,-0.1387,1,17300.0,0
Fullstack,Junior,1,HYBRID,1.05,1,4,3,5,5,0,1.0,0,0.99,13900.0,0.2193,1,11400.0,1
Machine Learning Eng.,Senior,3,REMOTE,1.0,8,11,3,5,1,4,0.2,4,1.2,23900.0,-0.0205,1,24400.0,0
Fullstack,Junior,1,REMOTE,1.0,2,1,-1,5,1,4,0.2,0,0.99,7200.0,-0.2727,1,9900.0,0
Fullstack,Junior,1,REMOTE,1.0,0,1,1,5,3,2,0.6,4,0.99,6100.0,-0.396,1,10100.0,1
DevOps / SRE,Junior,1,REMOTE,1.0,1,4,3,5,1,4,0.2,3,1.12,9400.0,-0.248,1,12500.0,0
Frontend React,Pleno,2,REMOTE,1.0,5,5,0,5,2,3,0.4,4,0.97,6800.0,-0.5342,0,14600.0,1
Backend Node.js,Senior,3,REMOTE,1.0,6,9,3,5,3,2,0.6,0,0.99,22800.0,0.2193,1,18700.0,0
Machine Learning Eng.,Pleno,2,HYBRID,1.05,4,1,-3,5,5,0,1.0,0,1.2,25600.0,0.1743,0,21800.0,0
Backend Node.js,Pleno,2,REMOTE,1.0,3,6,3,5,2,3,0.4,3,0.99,12100.0,-0.1418,1,14100.0,1
Backend Node.js,Pleno,2,ONSITE,1.1,5,8,3,5,0,5,0.0,2,0.99,11400.0,-0.3133,1,16600.0,0
Backend Node.js,Senior,3,ONSITE,1.1,9,12,3,5,3,2,0.6,3,0.99,18400.0,-0.193,1,22800.0,1
Fullstack,Senior,3,REMOTE,1.0,12,15,3,5,4,1,0.8,0,0.99,14800.0,-0.3052,0,21300.0,1
Frontend React,Junior,1,HYBRID,1.05,2,2,0,5,4,1,0.8,4,0.97,6600.0,-0.1852,1,8100.0,1
Fullstack,Pleno,2,ONSITE,1.1,4,4,0,5,2,3,0.4,0,0.99,18200.0,0.0769,1,16900.0,0
DevOps / SRE,Senior,3,ONSITE,1.1,9,12,3,5,4,1,0.8,1,1.12,27700.0,0.0336,1,26800.0,1
DevOps / SRE,Pleno,2,HYBRID,1.05,4,1,-3,5,1,4,0.2,0,1.12,12800.0,-0.3298,0,19100.0,0
Fullstack,Pleno,2,REMOTE,1.0,3,6,3,5,4,1,0.8,4,0.99,15300.0,0.2966,1,11800.0,1
Machine Learning Eng.,Senior,3,REMOTE,1.0,11,14,3,5,0,5,0.0,0,1.2,21500.0,-0.1152,1,24300.0,0
Fullstack,Junior,1,HYBRID,1.05,2,1,-1,5,1,4,0.2,2,0.99,6800.0,-0.2,1,8500.0,0
Frontend React,Junior,1,HYBRID,1.05,2,0,-2,5,0,5,0.0,4,0.97,10200.0,0.2289,1,8300.0,0
Data / Python,Junior,1,REMOTE,1.0,2,3,1,5,1,4,0.2,4,1.0,8700.0,-0.1635,1,10400.0,1
Frontend React,Junior,1,ONSITE,1.1,1,2,1,5,0,5,0.0,3,0.97,10400.0,0.1064,1,9400.0,0
Data / Python,Senior,3,ONSITE,1.1,6,5,-1,5,2,3,0.4,2,1.0,14700.0,-0.428,0,25700.0,1
Backend Node.js,Pleno,2,HYBRID,1.05,3,1,-2,5,0,5,0.0,1,0.99,11500.0,-0.1016,1,12800.0,0
Frontend React,Senior,3,HYBRID,1.05,12,9,-3,5,0,5,0.0,1,0.97,19800.0,0.0761,0,18400.0,0
Data / Python,Pleno,2,ONSITE,1.1,4,1,-3,5,2,3,0.4,2,1.0,15400.0,-0.1348,1,17800.0,0
Backend Node.js,Senior,3,ONSITE,1.1,8,5,-3,5,0,5,0.0,1,0.99,24800.0,0.1121,1,22300.0,0
Machine Learning Eng.,Senior,3,HYBRID,1.05,6,9,3,5,3,2,0.6,4,1.2,19900.0,-0.3322,1,29800.0,1
Machine Learning Eng.,Senior,3,HYBRID,1.05,6,4,-2,5,5,0,1.0,4,1.2,32500.0,-0.0413,0,33900.0,1
Fullstack,Junior,1,HYBRID,1.05,1,0,-1,5,0,5,0.0,2,0.99,9000.0,-0.011,0,9100.0,0
Fullstack,Senior,3,REMOTE,1.0,6,4,-2,5,3,2,0.6,4,0.99,19700.0,-0.0664,1,21100.0,0
Data / Python,Junior,1,ONSITE,1.1,2,1,-1,5,4,1,0.8,1,1.0,15700.0,0.3894,0,11300.0,1
Backend Node.js,Senior,3,REMOTE,1.0,11,10,-1,5,2,3,0.4,1,0.99,20300.0,0.0518,1,19300.0,0
Frontend React,Pleno,2,ONSITE,1.1,4,3,-1,5,2,3,0.4,2,0.97,11700.0,-0.1986,0,14600.0,0
Backend Node.js,Pleno,2,HYBRID,1.05,5,7,2,5,5,0,1.0,0,0.99,14000.0,-0.0789,0,15200.0,1
Fullstack,Pleno,2,ONSITE,1.1,5,6,1,5,0,5,0.0,4,0.99,22900.0,0.2582,1,18200.0,0
Fullstack,Pleno,2,HYBRID,1.05,3,2,-1,5,1,4,0.2,3,0.99,19000.0,0.1515,1,16500.0,0
Frontend React,Junior,1,REMOTE,1.0,0,1,1,5,0,5,0.0,4,0.97,7000.0,-0.1358,0,8100.0,0
DevOps / SRE,Pleno,2,HYBRID,1.05,3,0,-3,5,3,2,0.6,4,1.12,21600.0,0.08,0,20000.0,0
Fullstack,Junior,1,HYBRID,1.05,2,4,2,5,5,0,1.0,3,0.99,9500.0,-0.0952,0,10500.0,1
Machine Learning Eng.,Pleno,2,REMOTE,1.0,5,5,0,5,4,1,0.8,4,1.2,27700.0,0.3512,0,20500.0,1
Fullstack,Senior,3,REMOTE,1.0,11,11,0,5,4,1,0.8,0,0.99,21900.0,0.0788,1,20300.0,1
Fullstack,Senior,3,REMOTE,1.0,6,6,0,5,3,2,0.6,2,0.99,27900.0,0.3037,0,21400.0,0
Backend Node.js,Junior,1,REMOTE,1.0,0,1,1,5,5,0,1.0,0,0.99,9000.0,-0.0526,0,9500.0,1
Frontend React,Junior,1,REMOTE,1.0,0,0,0,5,4,1,0.8,4,0.97,7300.0,-0.131,1,8400.0,1
Backend Node.js,Pleno,2,ONSITE,1.1,4,5,1,5,2,3,0.4,3,0.99,18100.0,0.0343,1,17500.0,1
Frontend React,Pleno,2,ONSITE,1.1,3,2,-1,5,0,5,0.0,2,0.97,15800.0,0.1127,0,14200.0,0
Frontend React,Senior,3,ONSITE,1.1,9,10,1,5,5,0,1.0,1,0.97,9100.0,-0.4383,1,16200.0,1
Data / Python,Pleno,2,HYBRID,1.05,4,5,1,5,2,3,0.4,4,1.0,14200.0,-0.0955,1,15700.0,1
DevOps / SRE,Pleno,2,HYBRID,1.05,5,6,1,5,4,1,0.8,3,1.12,21800.0,0.101,1,19800.0,1
Fullstack,Pleno,2,REMOTE,1.0,4,7,3,5,1,4,0.2,3,0.99,16900.0,0.0242,1,16500.0,0
DevOps / SRE,Pleno,2,ONSITE,1.1,4,2,-2,5,4,1,0.8,3,1.12,27100.0,0.3969,1,19400.0,1
Data / Python,Senior,3,REMOTE,1.0,9,12,3,5,2,3,0.4,0,1.0,19000.0,-0.2308,1,24700.0,0
Machine Learning Eng.,Senior,3,ONSITE,1.1,6,6,0,5,1,4,0.2,0,1.2,21300.0,-0.3039,1,30600.0,0
Machine Learning Eng.,Pleno,2,REMOTE,1.0,5,2,-3,5,2,3,0.4,1,1.2,16700.0,-0.1773,1,20300.0,0
Frontend React,Junior,1,REMOTE,1.0,2,1,-1,5,3,2,0.6,0,0.97,13100.0,0.4556,0,9000.0,0
Data / Python,Senior,3,ONSITE,1.1,6,5,-1,5,2,3,0.4,4,1.0,35700.0,0.4337,0,24900.0,0
Backend Node.js,Junior,1,HYBRID,1.05,2,0,-2,5,0,5,0.0,2,0.99,7600.0,-0.2245,1,9800.0,0
DevOps / SRE,Junior,1,ONSITE,1.1,0,1,1,5,1,4,0.2,4,1.12,10500.0,-0.1102,1,11800.0,1
DevOps / SRE,Pleno,2,ONSITE,1.1,3,0,-3,5,0,5,0.0,4,1.12,22600.0,0.0865,0,20800.0,0
Data / Python,Senior,3,REMOTE,1.0,9,6,-3,5,4,1,0.8,4,1.0,22800.0,-0.0694,1,24500.0,1
DevOps / SRE,Junior,1,ONSITE,1.1,2,0,-2,5,2,3,0.4,3,1.12,12800.0,0.0079,0,12700.0,0
Frontend React,Pleno,2,REMOTE,1.0,4,2,-2,5,3,2,0.6,1,0.97,18900.0,0.331,0,14200.0,0
Data / Python,Senior,3,ONSITE,1.1,6,4,-2,5,2,3,0.4,4,1.0,21100.0,-0.1627,0,25200.0,0
Fullstack,Pleno,2,HYBRID,1.05,4,7,3,5,4,1,0.8,1,0.99,15600.0,0.013,0,15400.0,1
Data / Python,Senior,3,HYBRID,1.05,8,9,1,5,5,0,1.0,0,1.0,27300.0,0.0964,1,24900.0,1
Data / Python,Pleno,2,ONSITE,1.1,4,5,1,5,3,2,0.6,4,1.0,17600.0,0.0476,1,16800.0,1
Backend Node.js,Senior,3,REMOTE,1.0,11,8,-3,5,5,0,1.0,4,0.99,20300.0,0.0856,0,18700.0,1
Backend Node.js,Pleno,2,ONSITE,1.1,5,7,2,5,0,5,0.0,1,0.99,11900.0,-0.2699,1,16300.0,0
Data / Python,Pleno,2,REMOTE,1.0,5,8,3,5,2,3,0.4,2,1.0,23200.0,0.1542,1,20100.0,0
Data / Python,Junior,1,HYBRID,1.05,1,0,-1,5,4,1,0.8,2,1.0,13800.0,0.15,1,12000.0,1
Machine Learning Eng.,Pleno,2,REMOTE,1.0,5,2,-3,5,4,1,0.8,1,1.2,23900.0,0.1327,1,21100.0,0
Fullstack,Senior,3,REMOTE,1.0,9,10,1,5,2,3,0.4,3,0.99,15500.0,-0.3261,1,23000.0,1
Fullstack,Pleno,2,HYBRID,1.05,3,5,2,5,2,3,0.4,3,0.99,16500.0,0.0248,1,16100.0,0
Machine Learning Eng.,Senior,3,HYBRID,1.05,9,10,1,5,3,2,0.6,0,1.2,31600.0,-0.0156,0,32100.0,0
Data / Python,Junior,1,HYBRID,1.05,1,0,-1,5,4,1,0.8,3,1.0,10700.0,-0.0531,1,11300.0,1
Backend Node.js,Junior,1,REMOTE,1.0,2,0,-2,5,5,0,1.0,0,0.99,14500.0,0.4796,1,9800.0,1
Frontend React,Senior,3,ONSITE,1.1,9,7,-2,5,3,2,0.6,2,0.97,19200.0,0.0267,1,18700.0,0
DevOps / SRE,Senior,3,REMOTE,1.0,9,10,1,5,3,2,0.6,4,1.12,13600.0,-0.4769,1,26000.0,1
DevOps / SRE,Pleno,2,HYBRID,1.05,4,7,3,5,1,4,0.2,4,1.12,28800.0,0.3458,1,21400.0,1
Data / Python,Junior,1,HYBRID,1.05,1,0,-1,5,4,1,0.8,3,1.0,12800.0,0.1228,1,11400.0,1
Data / Python,Junior,1,HYBRID,1.05,2,0,-2,5,1,4,0.2,0,1.0,8500.0,-0.1584,1,10100.0,0
Backend Node.js,Junior,1,REMOTE,1.0,2,2,0,5,3,2,0.6,4,0.99,7600.0,-0.1264,1,8700.0,1
Fullstack,Pleno,2,HYBRID,1.05,4,1,-3,5,5,0,1.0,4,0.99,16800.0,0.0701,1,15700.0,1
Backend Node.js,Pleno,2,REMOTE,1.0,5,5,0,5,5,0,1.0,1,0.99,13200.0,-0.0959,0,14600.0,1
Fullstack,Pleno,2,HYBRID,1.05,4,1,-3,5,4,1,0.8,2,0.99,14700.0,-0.0813,0,16000.0,0
Fullstack,Senior,3,REMOTE,1.0,8,7,-1,5,5,0,1.0,1,0.99,24500.0,0.129,1,21700.0,1
Fullstack,Pleno,2,HYBRID,1.05,3,3,0,5,3,2,0.6,4,0.99,9900.0,-0.4107,1,16800.0,1
Frontend React,Pleno,2,REMOTE,1.0,5,4,-1,5,2,3,0.4,2,0.97,9300.0,-0.2439,1,12300.0,0
Frontend React,Junior,1,HYBRID,1.05,0,0,0,5,5,0,1.0,1,0.97,7900.0,-0.1124,1,8900.0,1
Backend Node.js,Senior,3,HYBRID,1.05,8,6,-2,5,5,0,1.0,3,0.99,18300.0,-0.0214,1,18700.0,1
Frontend React,Senior,3,REMOTE,1.0,9,6,-3,5,3,2,0.6,4,0.97,13500.0,-0.3112,1,19600.0,1
Data / Python,Senior,3,HYBRID,1.05,12,11,-1,5,3,2,0.6,2,1.0,21500.0,0.019,1,21100.0,0
Frontend React,Junior,1,REMOTE,1.0,1,3,2,5,0,5,0.0,1,0.97,11000.0,0.3415,0,8200.0,0
Data / Python,Junior,1,REMOTE,1.0,0,0,0,5,0,5,0.0,1,1.0,10400.0,-0.0459,0,10900.0,0
Data / Python,Senior,3,ONSITE,1.1,6,7,1,5,3,2,0.6,0,1.0,22800.0,0.0044,0,22700.0,0
DevOps / SRE,Pleno,2,HYBRID,1.05,3,2,-1,5,2,3,0.4,2,1.12,15600.0,-0.1832,1,19100.0,0
Fullstack,Senior,3,REMOTE,1.0,7,4,-3,5,4,1,0.8,1,0.99,14600.0,-0.3761,0,23400.0,0
Backend Node.js,Junior,1,ONSITE,1.1,2,1,-1,5,0,5,0.0,4,0.99,7700.0,-0.2222,1,9900.0,0
Backend Node.js,Junior,1,ONSITE,1.1,0,0,0,5,1,4,0.2,4,0.99,7500.0,-0.1758,1,9100.0,0
Fullstack,Pleno,2,HYBRID,1.05,4,5,1,5,0,5,0.0,0,0.99,19500.0,0.1538,1,16900.0,0
Data / Python,Senior,3,HYBRID,1.05,9,6,-3,5,1,4,0.2,2,1.0,24600.0,-0.0081,1,24800.0,0
DevOps / SRE,Senior,3,ONSITE,1.1,10,10,0,5,2,3,0.4,0,1.12,23600.0,-0.1061,1,26400.0,0
Frontend React,Pleno,2,ONSITE,1.1,3,5,2,5,4,1,0.8,4,0.97,15000.0,0.0345,1,14500.0,1
Backend Node.js,Pleno,2,REMOTE,1.0,5,2,-3,5,4,1,0.8,1,0.99,9800.0,-0.2519,1,13100.0,0
Data / Python,Junior,1,REMOTE,1.0,2,0,-2,5,5,0,1.0,1,1.0,9900.0,-0.0198,0,10100.0,1
DevOps / SRE,Junior,1,ONSITE,1.1,2,5,3,5,1,4,0.2,1,1.12,13300.0,-0.0362,1,13800.0,0
Fullstack,Senior,3,HYBRID,1.05,9,6,-3,5,1,4,0.2,3,0.99,24500.0,0.3032,1,18800.0,0
DevOps / SRE,Junior,1,REMOTE,1.0,1,0,-1,5,3,2,0.6,0,1.12,11600.0,-0.0569,1,12300.0,0
DevOps / SRE,Pleno,2,HYBRID,1.05,3,6,3,5,0,5,0.0,3,1.12,11400.0,-0.3559,1,17700.0,0
Fullstack,Senior,3,HYBRID,1.05,6,4,-2,5,4,1,0.8,2,0.99,20100.0,-0.1106,1,22600.0,1
Data / Python,Pleno,2,HYBRID,1.05,4,4,0,5,2,3,0.4,0,1.0,11100.0,-0.3471,1,17000.0,0
Frontend React,Senior,3,ONSITE,1.1,8,11,3,5,3,2,0.6,4,0.97,22900.0,0.1337,1,20200.0,1
Fullstack,Pleno,2,ONSITE,1.1,4,6,2,5,3,2,0.6,1,0.99,14100.0,-0.135,1,16300.0,0
Machine Learning Eng.,Senior,3,ONSITE,1.1,10,10,0,5,5,0,1.0,1,1.2,27600.0,-0.0036,1,27700.0,1
Data / Python,Pleno,2,REMOTE,1.0,3,3,0,5,4,1,0.8,0,1.0,15400.0,-0.1149,1,17400.0,1
Data / Python,Pleno,2,HYBRID,1.05,5,2,-3,5,4,1,0.8,4,1.0,9600.0,-0.3725,1,15300.0,1
Fullstack,Junior,1,REMOTE,1.0,1,0,-1,5,4,1,0.8,4,0.99,10300.0,-0.0283,1,10600.0,1
Backend Node.js,Senior,3,HYBRID,1.05,12,12,0,5,4,1,0.8,3,0.99,25100.0,0.1952,1,21000.0,1
Fullstack,Senior,3,REMOTE,1.0,12,15,3,5,3,2,0.6,4,0.99,20100.0,-0.0337,1,20800.0,1
Machine Learning Eng.,Junior,1,ONSITE,1.1,2,0,-2,5,1,4,0.2,3,1.2,12400.0,-0.0312,0,12800.0,0
Data / Python,Junior,1,HYBRID,1.05,1,0,-1,5,4,1,0.8,4,1.0,10700.0,-0.1008,1,11900.0,1
Backend Node.js,Pleno,2,REMOTE,1.0,4,4,0,5,4,1,0.8,4,0.99,14300.0,-0.0338,0,14800.0,1
Machine Learning Eng.,Junior,1,ONSITE,1.1,1,1,0,5,0,5,0.0,2,1.2,15200.0,0.1783,0,12900.0,0
Frontend React,Junior,1,HYBRID,1.05,1,1,0,5,4,1,0.8,4,0.97,12100.0,0.21,1,10000.0,1
Data / Python,Senior,3,REMOTE,1.0,11,10,-1,5,5,0,1.0,4,1.0,16600.0,-0.2455,1,22000.0,1
Fullstack,Pleno,2,REMOTE,1.0,3,2,-1,5,4,1,0.8,4,0.99,18100.0,0.2067,1,15000.0,1
DevOps / SRE,Senior,3,ONSITE,1.1,9,12,3,5,5,0,1.0,0,1.12,19500.0,-0.2642,0,26500.0,1
Fullstack,Junior,1,HYBRID,1.05,2,0,-2,5,5,0,1.0,2,0.99,9100.0,-0.1875,1,11200.0,1
Frontend React,Junior,1,REMOTE,1.0,1,4,3,5,3,2,0.6,1,0.97,8000.0,-0.0909,1,8800.0,1
Machine Learning Eng.,Senior,3,HYBRID,1.05,9,12,3,5,2,3,0.4,3,1.2,22800.0,-0.1648,1,27300.0,1
DevOps / SRE,Pleno,2,HYBRID,1.05,4,6,2,5,1,4,0.2,3,1.12,13400.0,-0.1572,0,15900.0,0
DevOps / SRE,Pleno,2,REMOTE,1.0,5,7,2,5,2,3,0.4,2,1.12,14300.0,-0.1637,1,17100.0,1
Fullstack,Senior,3,REMOTE,1.0,10,13,3,5,0,5,0.0,0,0.99,22900.0,0.0853,1,21100.0,0
DevOps / SRE,Junior,1,REMOTE,1.0,0,0,0,5,2,3,0.4,0,1.12,11900.0,-0.0246,1,12200.0,0
Data / Python,Junior,1,HYBRID,1.05,0,2,2,5,0,5,0.0,4,1.0,10100.0,-0.1217,1,11500.0,0
Fullstack,Senior,3,ONSITE,1.1,7,9,2,5,5,0,1.0,2,0.99,17100.0,-0.2332,1,22300.0,1
Fullstack,Junior,1,HYBRID,1.05,0,0,0,5,2,3,0.4,0,0.99,8500.0,-0.0659,0,9100.0,0
Frontend React,Junior,1,HYBRID,1.05,1,4,3,5,5,0,1.0,3,0.97,7200.0,-0.0526,0,7600.0,1
Backend Node.js,Pleno,2,HYBRID,1.05,5,7,2,5,3,2,0.6,0,0.99,15200.0,0.1176,1,13600.0,1
Fullstack,Junior,1,HYBRID,1.05,1,0,-1,5,4,1,0.8,0,0.99,7800.0,-0.1136,0,8800.0,1
Machine Learning Eng.,Pleno,2,HYBRID,1.05,3,6,3,5,3,2,0.6,0,1.2,15500.0,-0.2584,1,20900.0,0
Machine Learning Eng.,Senior,3,ONSITE,1.1,9,6,-3,5,2,3,0.4,4,1.2,18000.0,-0.2653,1,24500.0,0
Backend Node.js,Senior,3,ONSITE,1.1,9,11,2,5,4,1,0.8,1,0.99,16400.0,-0.2545,1,22000.0,1
DevOps / SRE,Junior,1,ONSITE,1.1,0,0,0,5,0,5,0.0,4,1.12,9000.0,-0.1509,1,10600.0,0
Machine Learning Eng.,Junior,1,HYBRID,1.05,2,4,2,5,5,0,1.0,1,1.2,9900.0,-0.2326,1,12900.0,1
Data / Python,Junior,1,HYBRID,1.05,2,2,0,5,0,5,0.0,1,1.0,8300.0,-0.2095,1,10500.0,0
Machine Learning Eng.,Senior,3,REMOTE,1.0,11,9,-2,5,3,2,0.6,1,1.2,22900.0,-0.126,0,26200.0,0
Machine Learning Eng.,Junior,1,REMOTE,1.0,1,0,-1,5,2,3,0.4,4,1.2,9500.0,-0.252,1,12700.0,1
Machine Learning Eng.,Pleno,2,HYBRID,1.05,3,2,-1,5,3,2,0.6,0,1.2,14900.0,-0.2199,1,19100.0,0
Backend Node.js,Senior,3,ONSITE,1.1,10,9,-1,5,2,3,0.4,1,0.99,13300.0,-0.3667,1,21000.0,0
Data / Python,Senior,3,HYBRID,1.05,9,8,-1,5,1,4,0.2,0,1.0,25500.0,0.0625,1,24000.0,0
Fullstack,Pleno,2,HYBRID,1.05,3,6,3,5,3,2,0.6,0,0.99,15000.0,-0.0683,1,16100.0,1
Machine Learning Eng.,Junior,1,ONSITE,1.1,2,2,0,5,5,0,1.0,3,1.2,15800.0,0.0822,1,14600.0,1
Data / Python,Senior,3,ONSITE,1.1,10,8,-2,5,3,2,0.6,4,1.0,20100.0,-0.2269,1,26000.0,0
Fullstack,Senior,3,HYBRID,1.05,11,9,-2,5,4,1,0.8,1,0.99,22400.0,0.037,1,21600.0,1
Frontend React,Pleno,2,HYBRID,1.05,5,3,-2,5,1,4,0.2,3,0.97,14300.0,0.0214,1,14000.0,0
Data / Python,Senior,3,ONSITE,1.1,11,9,-2,5,3,2,0.6,1,1.0,28500.0,0.1538,0,24700.0,0
Fullstack,Senior,3,ONSITE,1.1,8,11,3,5,4,1,0.8,0,0.99,23100.0,-0.0494,1,24300.0,1
Machine Learning Eng.,Senior,3,ONSITE,1.1,9,11,2,5,3,2,0.6,2,1.2,27300.0,-0.093,1,30100.0,1
Data / Python,Junior,1,ONSITE,1.1,2,0,-2,5,4,1,0.8,3,1.0,12600.0,0.0957,0,11500.0,1
Frontend React,Junior,1,REMOTE,1.0,0,3,3,5,4,1,0.8,4,0.97,6200.0,-0.3187,0,9100.0,1
Backend Node.js,Pleno,2,HYBRID,1.05,3,1,-2,5,2,3,0.4,0,0.99,8300.0,-0.3897,1,13600.0,0
Machine Learning Eng.,Senior,3,REMOTE,1.0,6,7,1,5,4,1,0.8,3,1.2,27600.0,-0.058,1,29300.0,1
DevOps / SRE,Senior,3,ONSITE,1.1,9,6,-3,5,5,0,1.0,3,1.12,30600.0,0.0099,1,30300.0,1
Frontend React,Junior,1,REMOTE,1.0,0,0,0,5,2,3,0.4,0,0.97,8200.0,-0.0465,1,8600.0,0
DevOps / SRE,Junior,1,HYBRID,1.05,2,0,-2,5,3,2,0.6,3,1.12,12600.0,0.0588,0,11900.0,0
Fullstack,Junior,1,HYBRID,1.05,0,3,3,5,3,2,0.6,2,0.99,10900.0,0.0686,1,10200.0,1
DevOps / SRE,Senior,3,REMOTE,1.0,6,6,0,5,3,2,0.6,3,1.12,24700.0,-0.0919,1,27200.0,1
Frontend React,Senior,3,HYBRID,1.05,9,12,3,5,3,2,0.6,2,0.97,13300.0,-0.1988,1,16600.0,1
Fullstack,Junior,1,HYBRID,1.05,1,3,2,5,5,0,1.0,4,0.99,8200.0,-0.219,0,10500.0,1
Data / Python,Senior,3,ONSITE,1.1,10,7,-3,5,2,3,0.4,2,1.0,17200.0,-0.341,1,26100.0,0
Data / Python,Senior,3,HYBRID,1.05,9,8,-1,5,2,3,0.4,0,1.0,16400.0,-0.3387,1,24800.0,0
Backend Node.js,Senior,3,REMOTE,1.0,6,7,1,5,1,4,0.2,4,0.99,16400.0,-0.1135,1,18500.0,0
DevOps / SRE,Senior,3,REMOTE,1.0,10,11,1,5,5,0,1.0,4,1.12,25300.0,0.008,0,25100.0,1
Fullstack,Junior,1,ONSITE,1.1,0,3,3,5,0,5,0.0,3,0.99,9300.0,-0.0882,0,10200.0,0
Fullstack,Junior,1,REMOTE,1.0,1,0,-1,5,4,1,0.8,3,0.99,7900.0,-0.1939,1,9800.0,1
DevOps / SRE,Junior,1,HYBRID,1.05,2,3,1,5,2,3,0.4,2,1.12,13500.0,0.0075,1,13400.0,0
Backend Node.js,Senior,3,HYBRID,1.05,6,6,0,5,3,2,0.6,2,0.99,18100.0,-0.0321,1,18700.0,1
DevOps / SRE,Junior,1,REMOTE,1.0,2,3,1,5,2,3,0.4,2,1.12,13200.0,0.1092,1,11900.0,1
Data / Python,Junior,1,REMOTE,1.0,0,0,0,5,3,2,0.6,0,1.0,9800.0,0.0,1,9800.0,0
Frontend React,Junior,1,REMOTE,1.0,0,3,3,5,0,5,0.0,2,0.97,7600.0,0.027,1,7400.0,0
Data / Python,Pleno,2,REMOTE,1.0,4,3,-1,5,3,2,0.6,1,1.0,13300.0,-0.1133,1,15000.0,0
Machine Learning Eng.,Senior,3,HYBRID,1.05,8,7,-1,5,0,5,0.0,1,1.2,23200.0,-0.1685,1,27900.0,0
DevOps / SRE,Pleno,2,HYBRID,1.05,5,8,3,5,0,5,0.0,2,1.12,14700.0,-0.1037,1,16400.0,0
Data / Python,Senior,3,REMOTE,1.0,6,3,-3,5,5,0,1.0,2,1.0,19200.0,-0.1616,1,22900.0,1
Data / Python,Senior,3,ONSITE,1.1,7,4,-3,5,3,2,0.6,1,1.0,15100.0,-0.4302,1,26500.0,0
Frontend React,Junior,1,ONSITE,1.1,2,0,-2,5,4,1,0.8,4,0.97,6300.0,-0.3636,1,9900.0,1
Frontend React,Senior,3,REMOTE,1.0,11,9,-2,5,4,1,0.8,4,0.97,11800.0,-0.3757,0,18900.0,0
Data / Python,Junior,1,HYBRID,1.05,0,0,0,5,3,2,0.6,2,1.0,12400.0,0.0783,1,11500.0,0
DevOps / SRE,Senior,3,REMOTE,1.0,11,14,3,5,1,4,0.2,3,1.12,26600.0,0.1083,1,24000.0,0
Fullstack,Pleno,2,ONSITE,1.1,4,4,0,5,1,4,0.2,2,0.99,15200.0,-0.1111,1,17100.0,0
DevOps / SRE,Pleno,2,HYBRID,1.05,5,3,-2,5,1,4,0.2,4,1.12,20100.0,0.0806,1,18600.0,0
Data / Python,Junior,1,ONSITE,1.1,2,0,-2,5,5,0,1.0,3,1.0,10900.0,-0.1349,1,12600.0,1
Data / Python,Junior,1,ONSITE,1.1,1,1,0,5,0,5,0.0,4,1.0,11000.0,0.068,1,10300.0,0
DevOps / SRE,Senior,3,ONSITE,1.1,12,14,2,5,2,3,0.4,3,1.12,24700.0,-0.0919,1,27200.0,1
Data / Python,Senior,3,REMOTE,1.0,11,11,0,5,2,3,0.4,0,1.0,21600.0,0.0189,1,21200.0,0
Fullstack,Pleno,2,ONSITE,1.1,5,2,-3,5,3,2,0.6,1,0.99,18400.0,0.2185,1,15100.0,0
Frontend React,Junior,1,REMOTE,1.0,2,4,2,5,2,3,0.4,2,0.97,8900.0,0.0595,0,8400.0,0
Fullstack,Pleno,2,ONSITE,1.1,4,2,-2,5,4,1,0.8,4,0.99,18600.0,0.0941,0,17000.0,1
Frontend React,Junior,1,HYBRID,1.05,0,0,0,5,1,4,0.2,3,0.97,7500.0,-0.1935,1,9300.0,0
Fullstack,Senior,3,HYBRID,1.05,6,8,2,5,2,3,0.4,3,0.99,22400.0,0.037,1,21600.0,1
Backend Node.js,Pleno,2,REMOTE,1.0,5,2,-3,5,1,4,0.2,0,0.99,12000.0,-0.1111,1,13500.0,0
Data / Python,Junior,1,ONSITE,1.1,1,0,-1,5,0,5,0.0,3,1.0,11200.0,-0.0744,0,12100.0,0
Machine Learning Eng.,Junior,1,ONSITE,1.1,0,0,0,5,1,4,0.2,3,1.2,16200.0,0.1096,1,14600.0,0
Machine Learning Eng.,Pleno,2,ONSITE,1.1,5,2,-3,5,0,5,0.0,4,1.2,22000.0,-0.0871,0,24100.0,0
DevOps / SRE,Senior,3,HYBRID,1.05,6,4,-2,5,0,5,0.0,1,1.12,24100.0,0.0664,0,22600.0,0
DevOps / SRE,Pleno,2,REMOTE,1.0,3,1,-2,5,1,4,0.2,3,1.12,19900.0,-0.01,0,20100.0,0
Machine Learning Eng.,Senior,3,HYBRID,1.05,10,12,2,5,3,2,0.6,2,1.2,24100.0,-0.1775,1,29300.0,1
Backend Node.js,Senior,3,HYBRID,1.05,11,12,1,5,2,3,0.4,3,0.99,18900.0,-0.1127,0,21300.0,1
Frontend React,Senior,3,HYBRID,1.05,12,12,0,5,5,0,1.0,3,0.97,20200.0,-0.0605,1,21500.0,1
Frontend React,Junior,1,HYBRID,1.05,1,3,2,5,0,5,0.0,1,0.97,10100.0,0.2469,0,8100.0,0
Data / Python,Senior,3,REMOTE,1.0,8,8,0,5,3,2,0.6,1,1.0,18000.0,-0.122,1,20500.0,0
Data / Python,Junior,1,HYBRID,1.05,0,0,0,5,2,3,0.4,0,1.0,8700.0,-0.1944,1,10800.0,0
Backend Node.js,Junior,1,ONSITE,1.1,0,3,3,5,0,5,0.0,1,0.99,8000.0,-0.1919,1,9900.0,0
Fullstack,Pleno,2,REMOTE,1.0,4,5,1,5,1,4,0.2,3,0.99,13500.0,-0.094,0,14900.0,1
Frontend React,Junior,1,REMOTE,1.0,0,0,0,5,4,1,0.8,3,0.97,8800.0,0.0115,1,8700.0,1
DevOps / SRE,Senior,3,ONSITE,1.1,11,14,3,5,5,0,1.0,3,1.12,20400.0,-0.2154,1,26000.0,1
Backend Node.js,Pleno,2,HYBRID,1.05,4,7,3,5,2,3,0.4,2,0.99,22400.0,0.4933,1,15000.0,0
Backend Node.js,Junior,1,HYBRID,1.05,2,2,0,5,0,5,0.0,2,0.99,9300.0,0.022,1,9100.0,0
Machine Learning Eng.,Pleno,2,ONSITE,1.1,3,1,-2,5,4,1,0.8,1,1.2,20500.0,0.025,0,20000.0,0
Frontend React,Pleno,2,REMOTE,1.0,3,0,-3,5,0,5,0.0,4,0.97,11500.0,-0.0873,1,12600.0,0
DevOps / SRE,Junior,1,ONSITE,1.1,0,0,0,5,4,1,0.8,3,1.12,10900.0,-0.155,1,12900.0,1
Backend Node.js,Junior,1,REMOTE,1.0,1,1,0,5,5,0,1.0,4,0.99,7300.0,-0.2396,1,9600.0,1
Frontend React,Senior,3,HYBRID,1.05,7,10,3,5,3,2,0.6,2,0.97,24100.0,0.1476,0,21000.0,1
Backend Node.js,Senior,3,ONSITE,1.1,10,8,-2,5,1,4,0.2,1,0.99,20300.0,-0.188,0,25000.0,0
Fullstack,Junior,1,REMOTE,1.0,2,0,-2,5,2,3,0.4,2,0.99,10100.0,0.0521,0,9600.0,0
Data / Python,Junior,1,REMOTE,1.0,0,0,0,5,1,4,0.2,4,1.0,11700.0,0.1359,1,10300.0,0
Backend Node.js,Junior,1,REMOTE,1.0,2,0,-2,5,4,1,0.8,0,0.99,7000.0,-0.1954,0,8700.0,1
Data / Python,Pleno,2,HYBRID,1.05,4,7,3,5,1,4,0.2,0,1.0,11100.0,-0.3509,0,17100.0,0
Fullstack,Pleno,2,ONSITE,1.1,3,5,2,5,1,4,0.2,0,0.99,20200.0,0.1953,0,16900.0,0
Fullstack,Pleno,2,HYBRID,1.05,5,3,-2,5,3,2,0.6,0,0.99,13500.0,-0.0816,1,14700.0,0
Fullstack,Senior,3,REMOTE,1.0,8,10,2,5,0,5,0.0,1,0.99,19300.0,-0.0103,0,19500.0,0
DevOps / SRE,Pleno,2,ONSITE,1.1,5,2,-3,5,3,2,0.6,3,1.12,22800.0,0.0806,1,21100.0,0
Backend Node.js,Pleno,2,REMOTE,1.0,5,4,-1,5,5,0,1.0,2,0.99,12900.0,-0.14,1,15000.0,1
Fullstack,Pleno,2,HYBRID,1.05,3,0,-3,5,2,3,0.4,2,0.99,16100.0,-0.0183,0,16400.0,0
DevOps / SRE,Senior,3,HYBRID,1.05,9,9,0,5,1,4,0.2,1,1.12,29100.0,0.0393,0,28000.0,0
DevOps / SRE,Junior,1,REMOTE,1.0,1,0,-1,5,0,5,0.0,2,1.12,8600.0,-0.3228,1,12700.0,0
Backend Node.js,Junior,1,HYBRID,1.05,2,0,-2,5,3,2,0.6,3,0.99,8500.0,-0.1905,1,10500.0,1
Machine Learning Eng.,Senior,3,ONSITE,1.1,11,10,-1,5,2,3,0.4,3,1.2,38100.0,0.2212,1,31200.0,0
Fullstack,Junior,1,ONSITE,1.1,0,0,0,5,1,4,0.2,0,0.99,11600.0,0.0741,1,10800.0,0
Machine Learning Eng.,Pleno,2,ONSITE,1.1,3,0,-3,5,4,1,0.8,2,1.2,21000.0,-0.125,1,24000.0,0
Backend Node.js,Junior,1,REMOTE,1.0,2,2,0,5,1,4,0.2,0,0.99,7100.0,-0.3302,1,10600.0,0
Machine Learning Eng.,Junior,1,REMOTE,1.0,1,2,1,5,5,0,1.0,0,1.2,10400.0,-0.0459,0,10900.0,1
Backend Node.js,Junior,1,REMOTE,1.0,0,2,2,5,0,5,0.0,3,0.99,10900.0,0.09,1,10000.0,0
Fullstack,Junior,1,ONSITE,1.1,0,0,0,5,1,4,0.2,4,0.99,11500.0,0.0177,1,11300.0,0
Backend Node.js,Junior,1,ONSITE,1.1,0,2,2,5,1,4,0.2,4,0.99,9100.0,-0.0808,1,9900.0,0
DevOps / SRE,Junior,1,HYBRID,1.05,1,0,-1,5,2,3,0.4,1,1.12,12700.0,0.0855,0,11700.0,0
Frontend React,Senior,3,ONSITE,1.1,11,8,-3,5,0,5,0.0,4,0.97,15800.0,-0.2139,1,20100.0,0
DevOps / SRE,Pleno,2,REMOTE,1.0,3,4,1,5,3,2,0.6,0,1.12,14100.0,-0.1754,1,17100.0,0
Machine Learning Eng.,Senior,3,ONSITE,1.1,8,9,1,5,5,0,1.0,3,1.2,21700.0,-0.3197,1,31900.0,1
Fullstack,Junior,1,REMOTE,1.0,0,3,3,5,5,0,1.0,4,0.99,9400.0,-0.0309,1,9700.0,1
Fullstack,Senior,3,HYBRID,1.05,7,10,3,5,1,4,0.2,0,0.99,20100.0,-0.1027,1,22400.0,0
Machine Learning Eng.,Junior,1,REMOTE,1.0,0,0,0,5,5,0,1.0,4,1.2,11800.0,-0.0484,1,12400.0,1
DevOps / SRE,Senior,3,REMOTE,1.0,8,8,0,5,3,2,0.6,0,1.12,32800.0,0.2471,0,26300.0,0
Frontend React,Pleno,2,ONSITE,1.1,5,4,-1,5,3,2,0.6,4,0.97,14800.0,0.1045,0,13400.0,1
Machine Learning Eng.,Pleno,2,ONSITE,1.1,3,3,0,5,2,3,0.4,0,1.2,25000.0,0.1161,0,22400.0,0
Data / Python,Junior,1,HYBRID,1.05,1,4,3,5,4,1,0.8,0,1.0,5000.0,-0.5,0,10000.0,1
Frontend React,Pleno,2,ONSITE,1.1,3,3,0,5,2,3,0.4,0,0.97,11600.0,-0.1212,1,13200.0,0
Fullstack,Junior,1,HYBRID,1.05,2,0,-2,5,1,4,0.2,4,0.99,6300.0,-0.3,1,9000.0,0
Data / Python,Senior,3,ONSITE,1.1,7,7,0,5,2,3,0.4,2,1.0,22600.0,-0.1341,0,26100.0,0
Fullstack,Junior,1,ONSITE,1.1,2,3,1,5,0,5,0.0,3,0.99,11400.0,-0.0339,0,11800.0,0
DevOps / SRE,Senior,3,HYBRID,1.05,11,10,-1,5,4,1,0.8,4,1.12,25500.0,-0.059,1,27100.0,1
Backend Node.js,Senior,3,ONSITE,1.1,7,8,1,5,3,2,0.6,3,0.99,21000.0,-0.0667,1,22500.0,1
Frontend React,Pleno,2,REMOTE,1.0,5,6,1,5,0,5,0.0,4,0.97,10500.0,-0.1667,0,12600.0,0
Fullstack,Senior,3,HYBRID,1.05,7,9,2,5,0,5,0.0,3,0.99,17200.0,-0.2287,0,22300.0,0
Backend Node.js,Senior,3,REMOTE,1.0,7,4,-3,5,2,3,0.4,3,0.99,19000.0,-0.0404,0,19800.0,0
Frontend React,Junior,1,REMOTE,1.0,0,0,0,5,2,3,0.4,4,0.97,10900.0,0.2529,0,8700.0,0
Data / Python,Senior,3,REMOTE,1.0,7,8,1,5,0,5,0.0,3,1.0,17700.0,-0.1918,1,21900.0,0
Backend Node.js,Senior,3,ONSITE,1.1,12,11,-1,5,5,0,1.0,4,0.99,22400.0,0.0467,1,21400.0,1
Data / Python,Pleno,2,ONSITE,1.1,3,2,-1,5,0,5,0.0,4,1.0,14000.0,-0.1515,0,16500.0,0
Machine Learning Eng.,Senior,3,HYBRID,1.05,11,9,-2,5,5,0,1.0,1,1.2,27800.0,-0.0544,1,29400.0,1
Frontend React,Junior,1,REMOTE,1.0,2,0,-2,5,0,5,0.0,1,0.97,4700.0,-0.4337,1,8300.0,0
Fullstack,Pleno,2,ONSITE,1.1,3,0,-3,5,0,5,0.0,3,0.99,17700.0,0.0473,1,16900.0,0
Fullstack,Junior,1,ONSITE,1.1,0,2,2,5,2,3,0.4,2,0.99,13000.0,0.2264,1,10600.0,1
DevOps / SRE,Senior,3,HYBRID,1.05,12,14,2,5,2,3,0.4,3,1.12,35400.0,0.346,1,26300.0,1
Machine Learning Eng.,Junior,1,REMOTE,1.0,2,0,-2,5,4,1,0.8,3,1.2,14100.0,0.119,1,12600.0,0
Frontend React,Senior,3,ONSITE,1.1,9,7,-2,5,1,4,0.2,3,0.97,19800.0,-0.0571,1,21000.0,0
Frontend React,Senior,3,ONSITE,1.1,11,14,3,5,4,1,0.8,2,0.97,19300.0,-0.0585,1,20500.0,1
Machine Learning Eng.,Senior,3,ONSITE,1.1,8,9,1,5,0,5,0.0,0,1.2,29400.0,0.1053,0,26600.0,0
Fullstack,Senior,3,HYBRID,1.05,11,13,2,5,3,2,0.6,1,0.99,23400.0,-0.0168,0,23800.0,1
Backend Node.js,Senior,3,REMOTE,1.0,6,8,2,5,2,3,0.4,0,0.99,11700.0,-0.3874,1,19100.0,0
Data / Python,Senior,3,REMOTE,1.0,11,12,1,5,5,0,1.0,2,1.0,20500.0,-0.1239,1,23400.0,1
Fullstack,Pleno,2,ONSITE,1.1,5,3,-2,5,2,3,0.4,2,0.99,14600.0,-0.0395,1,15200.0,0
Frontend React,Junior,1,ONSITE,1.1,1,0,-1,5,1,4,0.2,1,0.97,8200.0,-0.0465,1,8600.0,0
Frontend React,Senior,3,REMOTE,1.0,11,10,-1,5,3,2,0.6,4,0.97,13700.0,-0.2514,0,18300.0,1
Backend Node.js,Senior,3,HYBRID,1.05,6,4,-2,5,3,2,0.6,2,0.99,17400.0,-0.0984,1,19300.0,0
Backend Node.js,Pleno,2,ONSITE,1.1,3,3,0,5,0,5,0.0,2,0.99,13400.0,-0.0884,0,14700.0,0
Fullstack,Pleno,2,HYBRID,1.05,4,1,-3,5,5,0,1.0,1,0.99,11900.0,-0.2468,1,15800.0,1
DevOps / SRE,Junior,1,HYBRID,1.05,2,1,-1,5,4,1,0.8,2,1.12,12900.0,0.0,1,12900.0,1
Backend Node.js,Senior,3,HYBRID,1.05,6,8,2,5,2,3,0.4,0,0.99,27100.0,0.1783,1,23000.0,0
DevOps / SRE,Junior,1,ONSITE,1.1,1,0,-1,5,1,4,0.2,2,1.12,10900.0,-0.2378,0,14300.0,0
Frontend React,Junior,1,ONSITE,1.1,1,0,-1,5,5,0,1.0,4,0.97,9500.0,0.0326,1,9200.0,1
Fullstack,Pleno,2,ONSITE,1.1,4,3,-1,5,1,4,0.2,2,0.99,15100.0,-0.0848,0,16500.0,0
Frontend React,Pleno,2,ONSITE,1.1,4,3,-1,5,4,1,0.8,4,0.97,12100.0,-0.1418,1,14100.0,1
DevOps / SRE,Junior,1,ONSITE,1.1,1,2,1,5,3,2,0.6,1,1.12,15600.0,0.1908,1,13100.0,0
DevOps / SRE,Pleno,2,REMOTE,1.0,4,2,-2,5,3,2,0.6,1,1.12,20300.0,0.1154,0,18200.0,0
Machine Learning Eng.,Pleno,2,REMOTE,1.0,4,2,-2,5,3,2,0.6,1,1.2,14400.0,-0.0943,1,15900.0,0
Machine Learning Eng.,Junior,1,HYBRID,1.05,0,0,0,5,0,5,0.0,4,1.2,13100.0,-0.1267,1,15000.0,0
DevOps / SRE,Junior,1,REMOTE,1.0,1,1,0,5,5,0,1.0,0,1.12,12800.0,0.0,1,12800.0,1
DevOps / SRE,Senior,3,REMOTE,1.0,7,4,-3,5,5,0,1.0,1,1.12,13600.0,-0.4009,0,22700.0,1
Fullstack,Pleno,2,HYBRID,1.05,4,4,0,5,5,0,1.0,3,0.99,14200.0,-0.0207,0,14500.0,1
Frontend React,Pleno,2,HYBRID,1.05,5,4,-1,5,5,0,1.0,2,0.97,10100.0,-0.1513,1,11900.0,1
Machine Learning Eng.,Senior,3,ONSITE,1.1,9,9,0,5,2,3,0.4,1,1.2,34500.0,0.0883,0,31700.0,0
DevOps / SRE,Junior,1,ONSITE,1.1,2,2,0,5,1,4,0.2,1,1.12,13300.0,-0.0699,1,14300.0,0
Backend Node.js,Junior,1,REMOTE,1.0,1,4,3,5,1,4,0.2,0,0.99,5100.0,-0.4138,1,8700.0,0
Backend Node.js,Senior,3,HYBRID,1.05,10,12,2,5,2,3,0.4,3,0.99,19800.0,-0.0341,1,20500.0,1
DevOps / SRE,Senior,3,REMOTE,1.0,7,9,2,5,0,5,0.0,2,1.12,30100.0,0.1231,1,26800.0,0
Fullstack,Senior,3,HYBRID,1.05,11,14,3,5,2,3,0.4,2,0.99,19700.0,-0.0751,1,21300.0,0
Machine Learning Eng.,Senior,3,ONSITE,1.1,10,8,-2,5,3,2,0.6,0,1.2,21300.0,-0.268,0,29100.0,0
Machine Learning Eng.,Junior,1,HYBRID,1.05,0,0,0,5,1,4,0.2,3,1.2,6800.0,-0.4603,1,12600.0,0
DevOps / SRE,Pleno,2,REMOTE,1.0,5,6,1,5,5,0,1.0,1,1.12,18800.0,0.0217,1,18400.0,1
Data / Python,Pleno,2,ONSITE,1.1,3,4,1,5,5,0,1.0,4,1.0,14200.0,-0.1497,1,16700.0,1
DevOps / SRE,Pleno,2,HYBRID,1.05,3,5,2,5,4,1,0.8,0,1.12,13700.0,-0.1941,0,17000.0,1
DevOps / SRE,Senior,3,REMOTE,1.0,8,9,1,5,3,2,0.6,3,1.12,22800.0,-0.0339,0,23600.0,1
Machine Learning Eng.,Senior,3,ONSITE,1.1,9,6,-3,5,1,4,0.2,2,1.2,24100.0,-0.094,0,26600.0,0
Backend Node.js,Pleno,2,ONSITE,1.1,5,3,-2,5,0,5,0.0,1,0.99,16900.0,0.012,1,16700.0,0
Backend Node.js,Senior,3,REMOTE,1.0,11,10,-1,5,1,4,0.2,0,0.99,21000.0,-0.0367,1,21800.0,0
DevOps / SRE,Junior,1,HYBRID,1.05,0,0,0,5,0,5,0.0,2,1.12,12200.0,-0.0687,1,13100.0,0
Frontend React,Senior,3,HYBRID,1.05,6,4,-2,5,5,0,1.0,2,0.97,17800.0,-0.0056,0,17900.0,1
Frontend React,Pleno,2,ONSITE,1.1,3,5,2,5,5,0,1.0,0,0.97,13600.0,0.0,1,13600.0,1
DevOps / SRE,Junior,1,ONSITE,1.1,1,2,1,5,5,0,1.0,2,1.12,14800.0,0.1746,1,12600.0,1
Frontend React,Senior,3,REMOTE,1.0,10,7,-3,5,0,5,0.0,2,0.97,19400.0,0.0838,1,17900.0,0
DevOps / SRE,Pleno,2,HYBRID,1.05,3,5,2,5,4,1,0.8,2,1.12,20500.0,-0.033,1,21200.0,1
Fullstack,Senior,3,REMOTE,1.0,6,3,-3,5,2,3,0.4,1,0.99,19700.0,0.0423,1,18900.0,0
DevOps / SRE,Pleno,2,HYBRID,1.05,4,3,-1,5,3,2,0.6,1,1.12,18100.0,0.0056,1,18000.0,0
Backend Node.js,Pleno,2,REMOTE,1.0,4,5,1,5,3,2,0.6,3,0.99,14100.0,-0.007,1,14200.0,1
Backend Node.js,Senior,3,REMOTE,1.0,6,8,2,5,4,1,0.8,2,0.99,19100.0,-0.0728,0,20600.0,1
DevOps / SRE,Junior,1,ONSITE,1.1,2,5,3,5,0,5,0.0,3,1.12,12100.0,0.0522,1,11500.0,0
Data / Python,Pleno,2,REMOTE,1.0,3,0,-3,5,5,0,1.0,0,1.0,13300.0,-0.2267,0,17200.0,1
Data / Python,Pleno,2,REMOTE,1.0,4,1,-3,5,0,5,0.0,3,1.0,13400.0,-0.0946,1,14800.0,0
Machine Learning Eng.,Senior,3,ONSITE,1.1,10,13,3,5,2,3,0.4,3,1.2,28100.0,-0.0106,0,28400.0,1
DevOps / SRE,Senior,3,ONSITE,1.1,6,3,-3,5,0,5,0.0,0,1.12,33900.0,0.1771,1,28800.0,0
Backend Node.js,Pleno,2,REMOTE,1.0,5,3,-2,5,4,1,0.8,1,0.99,12400.0,-0.0606,0,13200.0,0
Data / Python,Senior,3,ONSITE,1.1,9,9,0,5,2,3,0.4,3,1.0,16000.0,-0.1795,1,19500.0,1
Machine Learning Eng.,Pleno,2,HYBRID,1.05,3,2,-1,5,5,0,1.0,1,1.2,21200.0,-0.0407,0,22100.0,1
Backend Node.js,Pleno,2,ONSITE,1.1,4,4,0,5,2,3,0.4,4,0.99,20500.0,0.2812,1,16000.0,0
Data / Python,Pleno,2,ONSITE,1.1,4,1,-3,5,2,3,0.4,1,1.0,22100.0,0.1882,0,18600.0,0
Data / Python,Pleno,2,HYBRID,1.05,5,8,3,5,2,3,0.4,0,1.0,18200.0,0.1667,1,15600.0,0
Data / Python,Senior,3,ONSITE,1.1,8,10,2,5,0,5,0.0,2,1.0,24300.0,-0.0041,1,24400.0,0
DevOps / SRE,Junior,1,REMOTE,1.0,1,1,0,5,5,0,1.0,1,1.12,11500.0,0.036,0,11100.0,1
Backend Node.js,Senior,3,REMOTE,1.0,7,6,-1,5,5,0,1.0,3,0.99,21200.0,0.0291,1,20600.0,1
DevOps / SRE,Senior,3,ONSITE,1.1,12,11,-1,5,2,3,0.4,1,1.12,25600.0,0.0535,1,24300.0,0
Fullstack,Junior,1,ONSITE,1.1,1,3,2,5,2,3,0.4,3,0.99,5000.0,-0.5833,1,12000.0,1
DevOps / SRE,Pleno,2,HYBRID,1.05,5,8,3,5,4,1,0.8,1,1.12,19700.0,-0.015,1,20000.0,1
Backend Node.js,Junior,1,REMOTE,1.0,1,0,-1,5,4,1,0.8,0,0.99,8200.0,-0.0787,1,8900.0,1
Machine Learning Eng.,Pleno,2,HYBRID,1.05,5,2,-3,5,3,2,0.6,0,1.2,26800.0,0.2885,0,20800.0,0
Backend Node.js,Pleno,2,REMOTE,1.0,3,1,-2,5,2,3,0.4,2,0.99,14500.0,-0.0461,0,15200.0,0
Fullstack,Pleno,2,REMOTE,1.0,3,6,3,5,5,0,1.0,4,0.99,12500.0,-0.3017,1,17900.0,1
Machine Learning Eng.,Pleno,2,ONSITE,1.1,4,3,-1,5,5,0,1.0,0,1.2,12900.0,-0.3614,1,20200.0,1
Machine Learning Eng.,Pleno,2,ONSITE,1.1,4,7,3,5,1,4,0.2,1,1.2,20700.0,-0.0717,1,22300.0,0
Machine Learning Eng.,Junior,1,ONSITE,1.1,1,3,2,5,0,5,0.0,1,1.2,14900.0,0.0493,0,14200.0,0
Machine Learning Eng.,Junior,1,HYBRID,1.05,0,0,0,5,4,1,0.8,4,1.2,12200.0,-0.0394,1,12700.0,1
Fullstack,Senior,3,HYBRID,1.05,8,6,-2,5,4,1,0.8,4,0.99,18400.0,-0.2203,1,23600.0,1
Frontend React,Pleno,2,ONSITE,1.1,3,3,0,5,3,2,0.6,4,0.97,18000.0,0.3333,0,13500.0,1
Data / Python,Junior,1,HYBRID,1.05,1,0,-1,5,2,3,0.4,2,1.0,12200.0,0.1731,0,10400.0,0
DevOps / SRE,Senior,3,ONSITE,1.1,11,9,-2,5,4,1,0.8,3,1.12,35100.0,0.2671,1,27700.0,1
Fullstack,Pleno,2,HYBRID,1.05,4,5,1,5,4,1,0.8,1,0.99,11200.0,-0.2821,1,15600.0,1
Backend Node.js,Pleno,2,HYBRID,1.05,4,3,-1,5,0,5,0.0,1,0.99,13900.0,-0.0479,1,14600.0,0
DevOps / SRE,Pleno,2,ONSITE,1.1,4,4,0,5,3,2,0.6,0,1.12,22100.0,0.1218,0,19700.0,0
Data / Python,Junior,1,ONSITE,1.1,0,0,0,5,5,0,1.0,2,1.0,9200.0,-0.1481,1,10800.0,1
Backend Node.js,Junior,1,REMOTE,1.0,0,0,0,5,3,2,0.6,0,0.99,8600.0,-0.0444,1,9000.0,0
Backend Node.js,Pleno,2,HYBRID,1.05,5,5,0,5,3,2,0.6,0,0.99,15800.0,0.0464,0,15100.0,0
Fullstack,Junior,1,REMOTE,1.0,2,4,2,5,4,1,0.8,0,0.99,7600.0,-0.2245,1,9800.0,1
Machine Learning Eng.,Junior,1,HYBRID,1.05,0,0,0,5,4,1,0.8,1,1.2,10700.0,-0.1641,0,12800.0,1
Machine Learning Eng.,Senior,3,HYBRID,1.05,11,9,-2,5,4,1,0.8,0,1.2,24200.0,-0.2461,1,32100.0,1
Frontend React,Junior,1,REMOTE,1.0,1,0,-1,5,5,0,1.0,2,0.97,7200.0,-0.04,0,7500.0,1
DevOps / SRE,Senior,3,REMOTE,1.0,9,9,0,5,5,0,1.0,0,1.12,23800.0,0.0128,1,23500.0,1
Machine Learning Eng.,Pleno,2,HYBRID,1.05,4,5,1,5,2,3,0.4,0,1.2,28200.0,0.2,1,23500.0,0
Data / Python,Pleno,2,REMOTE,1.0,4,1,-3,5,3,2,0.6,3,1.0,15500.0,-0.0606,1,16500.0,0
Frontend React,Senior,3,ONSITE,1.1,9,10,1,5,1,4,0.2,0,0.97,22900.0,0.0362,1,22100.0,0
Backend Node.js,Junior,1,ONSITE,1.1,0,0,0,5,0,5,0.0,0,0.99,5900.0,-0.4216,0,10200.0,0
DevOps / SRE,Senior,3,HYBRID,1.05,7,10,3,5,5,0,1.0,2,1.12,22900.0,-0.1055,0,25600.0,1
Machine Learning Eng.,Pleno,2,ONSITE,1.1,3,6,3,5,2,3,0.4,3,1.2,14500.0,-0.3439,1,22100.0,1
DevOps / SRE,Junior,1,HYBRID,1.05,2,5,3,5,1,4,0.2,2,1.12,9900.0,-0.1538,0,11700.0,0
Fullstack,Senior,3,ONSITE,1.1,12,14,2,5,1,4,0.2,1,0.99,24500.0,0.1893,0,20600.0,0
Data / Python,Pleno,2,REMOTE,1.0,4,1,-3,5,1,4,0.2,4,1.0,14800.0,-0.0692,1,15900.0,0
Data / Python,Junior,1,HYBRID,1.05,0,0,0,5,1,4,0.2,0,1.0,7300.0,-0.27,1,10000.0,0
Data / Python,Pleno,2,ONSITE,1.1,4,1,-3,5,1,4,0.2,2,1.0,14200.0,-0.0779,1,15400.0,0
Backend Node.js,Pleno,2,HYBRID,1.05,5,3,-2,5,0,5,0.0,2,0.99,11300.0,-0.2467,1,15000.0,0
Data / Python,Pleno,2,HYBRID,1.05,4,3,-1,5,4,1,0.8,0,1.0,22700.0,0.3353,0,17000.0,0
Machine Learning Eng.,Senior,3,HYBRID,1.05,10,12,2,5,5,0,1.0,2,1.2,37800.0,0.2685,1,29800.0,1
DevOps / SRE,Junior,1,HYBRID,1.05,1,2,1,5,5,0,1.0,1,1.12,11800.0,0.0,1,11800.0,1
DevOps / SRE,Senior,3,ONSITE,1.1,10,13,3,5,3,2,0.6,2,1.12,29600.0,0.0459,0,28300.0,1
Frontend React,Senior,3,ONSITE,1.1,7,10,3,5,4,1,0.8,2,0.97,20200.0,0.0359,1,19500.0,1
Machine Learning Eng.,Senior,3,ONSITE,1.1,12,12,0,5,0,5,0.0,0,1.2,28000.0,-0.0106,0,28300.0,0
Machine Learning Eng.,Junior,1,HYBRID,1.05,0,3,3,5,5,0,1.0,2,1.2,13200.0,0.0154,0,13000.0,1
Fullstack,Junior,1,ONSITE,1.1,2,2,0,5,2,3,0.4,0,0.99,11000.0,-0.0265,1,11300.0,0
Frontend React,Pleno,2,REMOTE,1.0,3,4,1,5,4,1,0.8,2,0.97,10600.0,-0.124,1,12100.0,1
Machine Learning Eng.,Senior,3,REMOTE,1.0,11,13,2,5,1,4,0.2,0,1.2,29700.0,0.1165,0,26600.0,0
Frontend React,Pleno,2,REMOTE,1.0,4,2,-2,5,1,4,0.2,1,0.97,10100.0,-0.2109,0,12800.0,0
Data / Python,Junior,1,ONSITE,1.1,0,0,0,5,2,3,0.4,3,1.0,10300.0,-0.055,1,10900.0,1
Machine Learning Eng.,Junior,1,REMOTE,1.0,0,3,3,5,2,3,0.4,2,1.2,11900.0,-0.0165,1,12100.0,1
Data / Python,Junior,1,HYBRID,1.05,0,2,2,5,3,2,0.6,4,1.0,10300.0,0.0198,0,10100.0,1
Backend Node.js,Senior,3,REMOTE,1.0,12,13,1,5,5,0,1.0,1,0.99,17700.0,-0.1918,1,21900.0,1
Data / Python,Senior,3,HYBRID,1.05,10,13,3,5,5,0,1.0,1,1.0,28400.0,0.2909,1,22000.0,1
Fullstack,Junior,1,HYBRID,1.05,1,1,0,5,0,5,0.0,3,0.99,9400.0,-0.1132,1,10600.0,0
DevOps / SRE,Junior,1,REMOTE,1.0,2,0,-2,5,5,0,1.0,1,1.12,12100.0,0.0804,1,11200.0,1
Fullstack,Pleno,2,HYBRID,1.05,4,5,1,5,3,2,0.6,4,0.99,16100.0,0.0387,0,15500.0,1
Data / Python,Junior,1,ONSITE,1.1,2,1,-1,5,3,2,0.6,2,1.0,10700.0,-0.1641,1,12800.0,1
Data / Python,Junior,1,REMOTE,1.0,0,2,2,5,4,1,0.8,1,1.0,10600.0,0.0495,1,10100.0,1
Data / Python,Junior,1,REMOTE,1.0,0,0,0,5,5,0,1.0,4,1.0,8800.0,-0.12,0,10000.0,1
Machine Learning Eng.,Junior,1,ONSITE,1.1,1,0,-1,5,0,5,0.0,4,1.2,10500.0,-0.2336,1,13700.0,0
Backend Node.js,Pleno,2,HYBRID,1.05,5,8,3,5,4,1,0.8,4,0.99,18400.0,0.2778,1,14400.0,1
Backend Node.js,Pleno,2,ONSITE,1.1,3,3,0,5,0,5,0.0,0,0.99,16800.0,0.1351,0,14800.0,0
Machine Learning Eng.,Pleno,2,HYBRID,1.05,5,4,-1,5,2,3,0.4,2,1.2,19600.0,-0.1091,0,22000.0,0
Backend Node.js,Senior,3,ONSITE,1.1,8,9,1,5,3,2,0.6,2,0.99,18900.0,-0.1085,0,21200.0,1
Machine Learning Eng.,Junior,1,ONSITE,1.1,0,0,0,5,2,3,0.4,0,1.2,13500.0,0.0,1,13500.0,0
Backend Node.js,Senior,3,REMOTE,1.0,10,13,3,5,0,5,0.0,2,0.99,22200.0,0.0673,1,20800.0,0
Machine Learning Eng.,Senior,3,REMOTE,1.0,7,7,0,5,2,3,0.4,2,1.2,26100.0,-0.0474,1,27400.0,0
Fullstack,Pleno,2,HYBRID,1.05,4,5,1,5,3,2,0.6,1,0.99,14800.0,-0.0976,1,16400.0,1
Fullstack,Senior,3,HYBRID,1.05,10,9,-1,5,4,1,0.8,1,0.99,21500.0,-0.0773,1,23300.0,0
DevOps / SRE,Junior,1,HYBRID,1.05,2,2,0,5,1,4,0.2,2,1.12,9900.0,-0.2266,1,12800.0,0
Machine Learning Eng.,Pleno,2,HYBRID,1.05,3,1,-2,5,4,1,0.8,4,1.2,23000.0,0.0698,1,21500.0,0
Machine Learning Eng.,Pleno,2,ONSITE,1.1,3,6,3,5,4,1,0.8,3,1.2,22100.0,0.078,1,20500.0,1
Data / Python,Junior,1,HYBRID,1.05,1,0,-1,5,5,0,1.0,0,1.0,13400.0,0.1858,1,11300.0,1
Frontend React,Senior,3,HYBRID,1.05,12,14,2,5,0,5,0.0,0,0.97,18200.0,-0.0521,0,19200.0,0
Fullstack,Senior,3,REMOTE,1.0,10,11,1,5,5,0,1.0,1,0.99,22100.0,0.0728,0,20600.0,1
Frontend React,Senior,3,REMOTE,1.0,10,10,0,5,5,0,1.0,4,0.97,10100.0,-0.3355,1,15200.0,1
DevOps / SRE,Junior,1,HYBRID,1.05,0,0,0,5,1,4,0.2,4,1.12,15300.0,0.1504,1,13300.0,0
Machine Learning Eng.,Senior,3,REMOTE,1.0,10,13,3,5,3,2,0.6,0,1.2,22000.0,-0.1406,1,25600.0,1
Machine Learning Eng.,Senior,3,HYBRID,1.05,12,15,3,5,1,4,0.2,1,1.2,35500.0,0.3498,1,26300.0,0
Fullstack,Senior,3,REMOTE,1.0,10,9,-1,5,5,0,1.0,2,0.99,12300.0,-0.3594,1,19200.0,1
Frontend React,Junior,1,ONSITE,1.1,2,1,-1,5,5,0,1.0,0,0.97,6100.0,-0.3511,1,9400.0,1
Data / Python,Senior,3,HYBRID,1.05,10,7,-3,5,4,1,0.8,2,1.0,29400.0,0.2,0,24500.0,1
Machine Learning Eng.,Pleno,2,REMOTE,1.0,5,5,0,5,2,3,0.4,3,1.2,23800.0,0.0393,1,22900.0,0
DevOps / SRE,Pleno,2,REMOTE,1.0,5,6,1,5,1,4,0.2,2,1.12,22900.0,0.1865,1,19300.0,0
Frontend React,Pleno,2,HYBRID,1.05,3,2,-1,5,2,3,0.4,2,0.97,9400.0,-0.3037,1,13500.0,0
DevOps / SRE,Junior,1,ONSITE,1.1,1,4,3,5,1,4,0.2,1,1.12,12400.0,-0.0236,1,12700.0,0
Frontend React,Senior,3,ONSITE,1.1,9,10,1,5,4,1,0.8,1,0.97,15900.0,-0.1311,0,18300.0,1
DevOps / SRE,Pleno,2,ONSITE,1.1,4,2,-2,5,3,2,0.6,4,1.12,21500.0,0.0238,1,21000.0,1
DevOps / SRE,Junior,1,ONSITE,1.1,1,0,-1,5,5,0,1.0,0,1.12,14800.0,0.184,0,12500.0,1
DevOps / SRE,Senior,3,REMOTE,1.0,7,8,1,5,1,4,0.2,1,1.12,16600.0,-0.2906,1,23400.0,0
DevOps / SRE,Junior,1,HYBRID,1.05,1,2,1,5,3,2,0.6,1,1.12,12000.0,-0.0551,1,12700.0,1
Fullstack,Junior,1,REMOTE,1.0,0,0,0,5,4,1,0.8,3,0.99,12400.0,0.2039,1,10300.0,1
Machine Learning Eng.,Junior,1,REMOTE,1.0,0,0,0,5,1,4,0.2,1,1.2,14000.0,0.1111,1,12600.0,0
Data / Python,Junior,1,HYBRID,1.05,0,0,0,5,0,5,0.0,2,1.0,11400.0,0.0962,1,10400.0,0
DevOps / SRE,Junior,1,REMOTE,1.0,0,0,0,5,3,2,0.6,2,1.12,13600.0,0.2952,1,10500.0,1
Data / Python,Junior,1,ONSITE,1.1,2,0,-2,5,2,3,0.4,3,1.0,5900.0,-0.4537,1,10800.0,0
Data / Python,Senior,3,HYBRID,1.05,10,8,-2,5,4,1,0.8,2,1.0,20800.0,-0.0673,1,22300.0,1
Fullstack,Senior,3,HYBRID,1.05,10,10,0,5,5,0,1.0,4,0.99,19900.0,-0.1233,1,22700.0,1
Machine Learning Eng.,Junior,1,REMOTE,1.0,2,0,-2,5,3,2,0.6,0,1.2,12500.0,-0.1007,0,13900.0,0
Frontend React,Junior,1,ONSITE,1.1,0,0,0,5,4,1,0.8,0,0.97,10800.0,0.0693,0,10100.0,1
Backend Node.js,Junior,1,HYBRID,1.05,0,0,0,5,1,4,0.2,1,0.99,9300.0,-0.0412,1,9700.0,0
Machine Learning Eng.,Pleno,2,REMOTE,1.0,3,6,3,5,4,1,0.8,4,1.2,25300.0,0.265,0,20000.0,1
Fullstack,Pleno,2,HYBRID,1.05,4,1,-3,5,4,1,0.8,1,0.99,9100.0,-0.4091,0,15400.0,0
Backend Node.js,Pleno,2,HYBRID,1.05,3,5,2,5,4,1,0.8,1,0.99,18600.0,0.1625,1,16000.0,1
Backend Node.js,Senior,3,ONSITE,1.1,12,11,-1,5,4,1,0.8,2,0.99,20600.0,-0.0925,1,22700.0,1
Backend Node.js,Junior,1,HYBRID,1.05,1,0,-1,5,5,0,1.0,1,0.99,5100.0,-0.4574,0,9400.0,1
Data / Python,Senior,3,REMOTE,1.0,12,12,0,5,0,5,0.0,1,1.0,20000.0,-0.0868,1,21900.0,0
Frontend React,Pleno,2,REMOTE,1.0,5,2,-3,5,5,0,1.0,0,0.97,13100.0,0.0077,0,13000.0,1
Backend Node.js,Senior,3,REMOTE,1.0,9,8,-1,5,3,2,0.6,0,0.99,15500.0,-0.1667,1,18600.0,0
Frontend React,Pleno,2,REMOTE,1.0,5,7,2,5,3,2,0.6,4,0.97,11300.0,-0.1374,1,13100.0,1
Fullstack,Pleno,2,REMOTE,1.0,5,5,0,5,2,3,0.4,2,0.99,12700.0,-0.1056,1,14200.0,0
Fullstack,Pleno,2,ONSITE,1.1,3,3,0,5,0,5,0.0,1,0.99,19400.0,0.1086,1,17500.0,0
Data / Python,Senior,3,REMOTE,1.0,9,10,1,5,3,2,0.6,1,1.0,27300.0,0.2639,1,21600.0,0
DevOps / SRE,Junior,1,HYBRID,1.05,1,0,-1,5,3,2,0.6,0,1.12,8200.0,-0.287,1,11500.0,0
Fullstack,Pleno,2,ONSITE,1.1,5,4,-1,5,2,3,0.4,2,0.99,18400.0,0.076,1,17100.0,0
DevOps / SRE,Pleno,2,REMOTE,1.0,4,5,1,5,3,2,0.6,4,1.12,22500.0,0.1658,1,19300.0,1
Machine Learning Eng.,Junior,1,REMOTE,1.0,0,0,0,5,1,4,0.2,1,1.2,12200.0,-0.0081,1,12300.0,0
DevOps / SRE,Pleno,2,HYBRID,1.05,3,6,3,5,1,4,0.2,2,1.12,16500.0,-0.0625,0,17600.0,0
DevOps / SRE,Junior,1,REMOTE,1.0,2,1,-1,5,4,1,0.8,1,1.12,11100.0,0.0,0,11100.0,0
Machine Learning Eng.,Senior,3,ONSITE,1.1,11,8,-3,5,5,0,1.0,3,1.2,23600.0,-0.246,1,31300.0,1
DevOps / SRE,Pleno,2,ONSITE,1.1,3,2,-1,5,5,0,1.0,2,1.12,16300.0,-0.151,0,19200.0,1
DevOps / SRE,Pleno,2,HYBRID,1.05,3,6,3,5,3,2,0.6,4,1.12,20400.0,0.1087,1,18400.0,1
DevOps / SRE,Junior,1,ONSITE,1.1,2,5,3,5,0,5,0.0,3,1.12,10400.0,-0.1746,1,12600.0,0
Backend Node.js,Pleno,2,HYBRID,1.05,3,0,-3,5,1,4,0.2,0,0.99,13500.0,-0.1118,1,15200.0,0
DevOps / SRE,Junior,1,HYBRID,1.05,2,2,0,5,2,3,0.4,2,1.12,14900.0,0.2016,1,12400.0,0
Frontend React,Senior,3,HYBRID,1.05,8,5,-3,5,2,3,0.4,3,0.97,21900.0,0.1902,1,18400.0,0
Backend Node.js,Senior,3,REMOTE,1.0,11,12,1,5,4,1,0.8,1,0.99,24400.0,0.22,1,20000.0,1
Frontend React,Junior,1,REMOTE,1.0,1,1,0,5,3,2,0.6,1,0.97,8900.0,0.0471,1,8500.0,0
DevOps / SRE,Senior,3,ONSITE,1.1,6,3,-3,5,4,1,0.8,1,1.12,21500.0,-0.1634,1,25700.0,0
Machine Learning Eng.,Senior,3,HYBRID,1.05,6,6,0,5,5,0,1.0,4,1.2,38800.0,0.3566,0,28600.0,1
Machine Learning Eng.,Pleno,2,REMOTE,1.0,5,6,1,5,2,3,0.4,3,1.2,16400.0,-0.2336,0,21400.0,1
Machine Learning Eng.,Pleno,2,ONSITE,1.1,4,1,-3,5,0,5,0.0,3,1.2,24600.0,0.1549,0,21300.0,0
Machine Learning Eng.,Junior,1,ONSITE,1.1,0,0,0,5,2,3,0.4,1,1.2,10700.0,-0.1894,0,13200.0,1
Machine Learning Eng.,Senior,3,ONSITE,1.1,12,10,-2,5,4,1,0.8,3,1.2,32800.0,0.0719,0,30600.0,1
Fullstack,Pleno,2,ONSITE,1.1,4,1,-3,5,1,4,0.2,1,0.99,13700.0,-0.2389,1,18000.0,0
Machine Learning Eng.,Pleno,2,REMOTE,1.0,5,7,2,5,0,5,0.0,2,1.2,20000.0,-0.005,0,20100.0,0
Fullstack,Pleno,2,HYBRID,1.05,4,4,0,5,3,2,0.6,4,0.99,12800.0,-0.1579,1,15200.0,1
Machine Learning Eng.,Junior,1,REMOTE,1.0,0,0,0,5,2,3,0.4,2,1.2,15700.0,0.1214,1,14000.0,0
Data / Python,Pleno,2,ONSITE,1.1,4,4,0,5,2,3,0.4,1,1.0,17300.0,-0.0699,1,18600.0,0
Machine Learning Eng.,Senior,3,HYBRID,1.05,9,7,-2,5,4,1,0.8,0,1.2,18700.0,-0.2273,0,24200.0,0
Data / Python,Pleno,2,REMOTE,1.0,5,4,-1,5,4,1,0.8,3,1.0,13100.0,-0.2249,1,16900.0,1
Data / Python,Pleno,2,HYBRID,1.05,5,4,-1,5,4,1,0.8,4,1.0,17500.0,-0.0979,1,19400.0,1
DevOps / SRE,Junior,1,ONSITE,1.1,1,0,-1,5,1,4,0.2,2,1.12,10800.0,-0.1496,1,12700.0,0
Machine Learning Eng.,Junior,1,HYBRID,1.05,1,1,0,5,2,3,0.4,0,1.2,14300.0,0.007,0,14200.0,0
Machine Learning Eng.,Senior,3,HYBRID,1.05,6,9,3,5,5,0,1.0,1,1.2,27400.0,-0.0584,1,29100.0,1
Frontend React,Pleno,2,ONSITE,1.1,5,3,-2,5,3,2,0.6,1,0.97,13900.0,-0.0733,1,15000.0,0
Fullstack,Senior,3,HYBRID,1.05,8,7,-1,5,3,2,0.6,2,0.99,19600.0,-0.1515,1,23100.0,0
DevOps / SRE,Senior,3,ONSITE,1.1,9,6,-3,5,2,3,0.4,3,1.12,25500.0,-0.0693,1,27400.0,0
Machine Learning Eng.,Junior,1,HYBRID,1.05,1,1,0,5,4,1,0.8,4,1.2,11500.0,-0.1085,1,12900.0,1
Data / Python,Pleno,2,HYBRID,1.05,3,2,-1,5,3,2,0.6,3,1.0,16100.0,-0.1105,1,18100.0,1
Frontend React,Junior,1,REMOTE,1.0,2,0,-2,5,3,2,0.6,0,0.97,11800.0,0.18,1,10000.0,0
Backend Node.js,Junior,1,HYBRID,1.05,2,2,0,5,0,5,0.0,0,0.99,10800.0,-0.0092,1,10900.0,0
DevOps / SRE,Junior,1,ONSITE,1.1,2,2,0,5,5,0,1.0,4,1.12,9800.0,-0.2033,1,12300.0,1
Frontend React,Senior,3,REMOTE,1.0,9,9,0,5,4,1,0.8,0,0.97,14000.0,-0.2135,0,17800.0,1
Frontend React,Junior,1,HYBRID,1.05,1,4,3,5,1,4,0.2,0,0.97,8600.0,0.0886,1,7900.0,0
DevOps / SRE,Junior,1,ONSITE,1.1,1,0,-1,5,3,2,0.6,4,1.12,15500.0,0.1397,1,13600.0,0
Data / Python,Senior,3,ONSITE,1.1,8,10,2,5,4,1,0.8,0,1.0,23900.0,-0.1181,0,27100.0,1
Machine Learning Eng.,Senior,3,HYBRID,1.05,10,12,2,5,0,5,0.0,2,1.2,30000.0,-0.0164,1,30500.0,0
DevOps / SRE,Pleno,2,REMOTE,1.0,5,8,3,5,4,1,0.8,0,1.12,20100.0,0.0152,1,19800.0,1
Data / Python,Pleno,2,HYBRID,1.05,3,6,3,5,2,3,0.4,4,1.0,15200.0,0.0,1,15200.0,1
Backend Node.js,Junior,1,HYBRID,1.05,0,2,2,5,4,1,0.8,2,0.99,8100.0,-0.198,1,10100.0,1
Fullstack,Senior,3,HYBRID,1.05,10,10,0,5,0,5,0.0,0,0.99,22900.0,-0.0418,1,23900.0,0
DevOps / SRE,Senior,3,HYBRID,1.05,11,8,-3,5,2,3,0.4,4,1.12,20700.0,-0.2069,1,26100.0,0
Machine Learning Eng.,Senior,3,REMOTE,1.0,10,10,0,5,4,1,0.8,1,1.2,30000.0,0.1152,0,26900.0,1
Fullstack,Pleno,2,HYBRID,1.05,5,7,2,5,0,5,0.0,1,0.99,12300.0,-0.2407,0,16200.0,0
Backend Node.js,Pleno,2,HYBRID,1.05,3,0,-3,5,5,0,1.0,4,0.99,8500.0,-0.4516,1,15500.0,1
Backend Node.js,Pleno,2,ONSITE,1.1,3,0,-3,5,3,2,0.6,0,0.99,13100.0,-0.1325,0,15100.0,0
Frontend React,Junior,1,ONSITE,1.1,0,0,0,5,0,5,0.0,1,0.97,6800.0,-0.236,1,8900.0,0
DevOps / SRE,Pleno,2,HYBRID,1.05,4,7,3,5,4,1,0.8,3,1.12,14000.0,-0.3069,0,20200.0,1
Fullstack,Junior,1,HYBRID,1.05,1,4,3,5,1,4,0.2,0,0.99,11100.0,-0.0976,1,12300.0,0
Backend Node.js,Senior,3,REMOTE,1.0,8,9,1,5,0,5,0.0,0,0.99,10100.0,-0.5,1,20200.0,0
Data / Python,Senior,3,REMOTE,1.0,12,12,0,5,3,2,0.6,2,1.0,26100.0,0.2311,1,21200.0,1
Backend Node.js,Senior,3,REMOTE,1.0,10,9,-1,5,2,3,0.4,2,0.99,23300.0,0.1888,1,19600.0,0
Backend Node.js,Senior,3,REMOTE,1.0,12,11,-1,5,5,0,1.0,0,0.99,21300.0,0.1036,1,19300.0,1
Fullstack,Senior,3,REMOTE,1.0,7,4,-3,5,3,2,0.6,3,0.99,20500.0,-0.1048,1,22900.0,1
Backend Node.js,Pleno,2,ONSITE,1.1,4,7,3,5,0,5,0.0,1,0.99,19100.0,0.1437,0,16700.0,0
Machine Learning Eng.,Pleno,2,REMOTE,1.0,5,4,-1,5,3,2,0.6,2,1.2,17300.0,-0.1393,1,20100.0,0
DevOps / SRE,Junior,1,REMOTE,1.0,2,2,0,5,2,3,0.4,2,1.12,9700.0,-0.2538,0,13000.0,1
Machine Learning Eng.,Pleno,2,ONSITE,1.1,3,5,2,5,3,2,0.6,1,1.2,22400.0,-0.0386,1,23300.0,1
Machine Learning Eng.,Senior,3,REMOTE,1.0,10,11,1,5,2,3,0.4,0,1.2,27700.0,0.0,1,27700.0,0
DevOps / SRE,Junior,1,ONSITE,1.1,2,0,-2,5,1,4,0.2,2,1.12,8700.0,-0.3359,1,13100.0,0
Backend Node.js,Junior,1,ONSITE,1.1,2,2,0,5,3,2,0.6,4,0.99,10700.0,0.1031,1,9700.0,1
Machine Learning Eng.,Junior,1,HYBRID,1.05,2,0,-2,5,4,1,0.8,2,1.2,15000.0,0.145,1,13100.0,1
Frontend React,Senior,3,REMOTE,1.0,7,5,-2,5,0,5,0.0,0,0.97,11900.0,-0.402,1,19900.0,0
Backend Node.js,Pleno,2,HYBRID,1.05,5,7,2,5,5,0,1.0,2,0.99,15600.0,0.0065,1,15500.0,1
Machine Learning Eng.,Pleno,2,REMOTE,1.0,5,7,2,5,4,1,0.8,3,1.2,15500.0,-0.1484,0,18200.0,1
Fullstack,Pleno,2,REMOTE,1.0,3,3,0,5,5,0,1.0,3,0.99,17300.0,0.1161,0,15500.0,1
DevOps / SRE,Pleno,2,REMOTE,1.0,5,7,2,5,4,1,0.8,1,1.12,14800.0,-0.1957,1,18400.0,1
Frontend React,Junior,1,REMOTE,1.0,1,0,-1,5,4,1,0.8,4,0.97,7300.0,-0.0641,0,7800.0,1
DevOps / SRE,Junior,1,ONSITE,1.1,0,0,0,5,5,0,1.0,4,1.12,9500.0,-0.181,1,11600.0,1
Backend Node.js,Senior,3,ONSITE,1.1,9,9,0,5,1,4,0.2,1,0.99,19300.0,-0.0539,1,20400.0,0
Backend Node.js,Senior,3,HYBRID,1.05,9,12,3,5,1,4,0.2,2,0.99,25200.0,0.0769,1,23400.0,0
Machine Learning Eng.,Senior,3,REMOTE,1.0,7,8,1,5,0,5,0.0,3,1.2,27000.0,0.0843,0,24900.0,0
Data / Python,Senior,3,ONSITE,1.1,10,11,1,5,3,2,0.6,0,1.0,31300.0,0.0574,1,29600.0,1
Fullstack,Junior,1,HYBRID,1.05,0,1,1,5,4,1,0.8,0,0.99,10700.0,-0.0855,1,11700.0,1
Machine Learning Eng.,Senior,3,ONSITE,1.1,12,15,3,5,0,5,0.0,0,1.2,29000.0,-0.0852,1,31700.0,0
Fullstack,Pleno,2,REMOTE,1.0,4,2,-2,5,4,1,0.8,2,0.99,21700.0,0.4371,0,15100.0,1
Machine Learning Eng.,Junior,1,ONSITE,1.1,2,5,3,5,2,3,0.4,3,1.2,11300.0,-0.2042,1,14200.0,1
Frontend React,Junior,1,HYBRID,1.05,1,1,0,5,4,1,0.8,2,0.97,10800.0,0.125,1,9600.0,1
Machine Learning Eng.,Senior,3,HYBRID,1.05,6,9,3,5,1,4,0.2,2,1.2,19100.0,-0.3414,1,29000.0,0
Frontend React,Junior,1,HYBRID,1.05,1,0,-1,5,4,1,0.8,4,0.97,8800.0,0.0476,1,8400.0,1
Backend Node.js,Junior,1,REMOTE,1.0,1,4,3,5,2,3,0.4,2,0.99,9700.0,0.043,1,9300.0,1
Frontend React,Junior,1,HYBRID,1.05,2,5,3,5,0,5,0.0,1,0.97,10200.0,0.275,1,8000.0,0
Machine Learning Eng.,Senior,3,REMOTE,1.0,7,10,3,5,0,5,0.0,4,1.2,30000.0,0.0638,0,28200.0,0
Backend Node.js,Junior,1,HYBRID,1.05,1,4,3,5,2,3,0.4,1,0.99,8100.0,-0.1735,1,9800.0,1
Backend Node.js,Pleno,2,ONSITE,1.1,3,2,-1,5,5,0,1.0,4,0.99,11300.0,-0.2098,1,14300.0,1
DevOps / SRE,Pleno,2,REMOTE,1.0,4,5,1,5,5,0,1.0,4,1.12,17900.0,-0.011,1,18100.0,1
Machine Learning Eng.,Junior,1,ONSITE,1.1,1,1,0,5,4,1,0.8,1,1.2,14200.0,-0.0139,1,14400.0,1
DevOps / SRE,Junior,1,REMOTE,1.0,2,3,1,5,3,2,0.6,2,1.12,9700.0,-0.1709,1,11700.0,1
Frontend React,Pleno,2,HYBRID,1.05,3,2,-1,5,1,4,0.2,4,0.97,8500.0,-0.2857,0,11900.0,0
Data / Python,Pleno,2,ONSITE,1.1,5,8,3,5,5,0,1.0,4,1.0,21200.0,0.1713,0,18100.0,1
DevOps / SRE,Senior,3,HYBRID,1.05,6,8,2,5,0,5,0.0,4,1.12,28400.0,0.2456,1,22800.0,0
DevOps / SRE,Senior,3,ONSITE,1.1,8,6,-2,5,0,5,0.0,0,1.12,23500.0,-0.1296,1,27000.0,0
Data / Python,Junior,1,REMOTE,1.0,0,3,3,5,3,2,0.6,2,1.0,7500.0,-0.1573,1,8900.0,1
Frontend React,Junior,1,HYBRID,1.05,2,1,-1,5,2,3,0.4,0,0.97,12700.0,0.2828,1,9900.0,0
Data / Python,Junior,1,HYBRID,1.05,0,0,0,5,4,1,0.8,4,1.0,9900.0,0.0532,1,9400.0,1
DevOps / SRE,Senior,3,HYBRID,1.05,11,11,0,5,4,1,0.8,3,1.12,18000.0,-0.2941,1,25500.0,1
Data / Python,Pleno,2,HYBRID,1.05,3,2,-1,5,0,5,0.0,0,1.0,13400.0,-0.1728,1,16200.0,0
Backend Node.js,Senior,3,HYBRID,1.05,9,11,2,5,2,3,0.4,4,0.99,21300.0,0.0545,0,20200.0,1
Backend Node.js,Senior,3,HYBRID,1.05,9,12,3,5,0,5,0.0,3,0.99,16100.0,-0.2222,0,20700.0,0
Fullstack,Junior,1,REMOTE,1.0,1,3,2,5,5,0,1.0,0,0.99,10200.0,-0.0192,0,10400.0,1
Machine Learning Eng.,Senior,3,HYBRID,1.05,6,3,-3,5,4,1,0.8,1,1.2,30400.0,0.1922,1,25500.0,0
Backend Node.js,Senior,3,REMOTE,1.0,12,14,2,5,3,2,0.6,1,0.99,16600.0,-0.1574,0,19700.0,1
Backend Node.js,Junior,1,REMOTE,1.0,2,0,-2,5,4,1,0.8,1,0.99,7900.0,-0.1319,0,9100.0,1
Frontend React,Junior,1,ONSITE,1.1,2,5,3,5,4,1,0.8,2,0.97,9800.0,0.0316,0,9500.0,1
DevOps / SRE,Senior,3,ONSITE,1.1,11,9,-2,5,4,1,0.8,3,1.12,30400.0,0.0305,1,29500.0,1
Machine Learning Eng.,Junior,1,REMOTE,1.0,1,1,0,5,5,0,1.0,3,1.2,10500.0,-0.1985,0,13100.0,1
Frontend React,Junior,1,ONSITE,1.1,1,4,3,5,3,2,0.6,0,0.97,10900.0,0.09,1,10000.0,0
Frontend React,Pleno,2,ONSITE,1.1,5,8,3,5,2,3,0.4,0,0.97,20300.0,0.293,1,15700.0,0
Backend Node.js,Pleno,2,REMOTE,1.0,4,1,-3,5,5,0,1.0,1,0.99,11900.0,-0.1678,1,14300.0,0
Data / Python,Senior,3,ONSITE,1.1,7,4,-3,5,2,3,0.4,4,1.0,34900.0,0.2289,1,28400.0,0
Frontend React,Pleno,2,HYBRID,1.05,4,7,3,5,0,5,0.0,2,0.97,12000.0,-0.1241,1,13700.0,0
Frontend React,Junior,1,HYBRID,1.05,1,1,0,5,2,3,0.4,3,0.97,10600.0,0.1398,0,9300.0,0
Data / Python,Junior,1,REMOTE,1.0,2,1,-1,5,5,0,1.0,0,1.0,11300.0,0.2021,1,9400.0,1
Fullstack,Junior,1,REMOTE,1.0,1,0,-1,5,4,1,0.8,1,0.99,10000.0,0.0204,0,9800.0,1
Backend Node.js,Senior,3,REMOTE,1.0,7,4,-3,5,2,3,0.4,3,0.99,22100.0,0.0995,1,20100.0,0
DevOps / SRE,Pleno,2,HYBRID,1.05,4,3,-1,5,5,0,1.0,0,1.12,17700.0,-0.1449,1,20700.0,1
Frontend React,Senior,3,ONSITE,1.1,11,14,3,5,0,5,0.0,0,0.97,16800.0,-0.082,0,18300.0,0
Fullstack,Senior,3,REMOTE,1.0,7,5,-2,5,2,3,0.4,1,0.99,18900.0,-0.1127,0,21300.0,0
Data / Python,Junior,1,REMOTE,1.0,1,0,-1,5,3,2,0.6,3,1.0,10300.0,-0.0885,1,11300.0,1
Backend Node.js,Junior,1,REMOTE,1.0,2,4,2,5,1,4,0.2,1,0.99,8300.0,-0.0674,1,8900.0,0
Frontend React,Senior,3,ONSITE,1.1,7,5,-2,5,5,0,1.0,4,0.97,24200.0,0.0661,0,22700.0,1
DevOps / SRE,Junior,1,ONSITE,1.1,1,0,-1,5,5,0,1.0,2,1.12,16900.0,0.3852,1,12200.0,1
Data / Python,Junior,1,REMOTE,1.0,0,0,0,5,4,1,0.8,2,1.0,10500.0,-0.0367,1,10900.0,1
Frontend React,Junior,1,REMOTE,1.0,1,0,-1,5,4,1,0.8,2,0.97,6900.0,-0.1481,0,8100.0,1
Backend Node.js,Pleno,2,HYBRID,1.05,5,3,-2,5,4,1,0.8,4,0.99,17100.0,0.125,1,15200.0,1
Frontend React,Pleno,2,ONSITE,1.1,3,0,-3,5,1,4,0.2,1,0.97,17100.0,0.1958,1,14300.0,0
Fullstack,Pleno,2,HYBRID,1.05,4,2,-2,5,1,4,0.2,2,0.99,11000.0,-0.3333,1,16500.0,0
Frontend React,Junior,1,HYBRID,1.05,0,0,0,5,0,5,0.0,2,0.97,7400.0,-0.1685,1,8900.0,0
Backend Node.js,Senior,3,REMOTE,1.0,11,11,0,5,1,4,0.2,4,0.99,15200.0,-0.1872,0,18700.0,0
Frontend React,Junior,1,ONSITE,1.1,2,5,3,5,5,0,1.0,2,0.97,7800.0,-0.0602,0,8300.0,1
Frontend React,Junior,1,ONSITE,1.1,0,1,1,5,4,1,0.8,4,0.97,9500.0,-0.0306,1,9800.0,1
Machine Learning Eng.,Senior,3,REMOTE,1.0,10,10,0,5,5,0,1.0,4,1.2,14900.0,-0.4419,0,26700.0,1
Data / Python,Junior,1,HYBRID,1.05,2,3,1,5,3,2,0.6,4,1.0,7900.0,-0.3361,1,11900.0,1
Fullstack,Junior,1,HYBRID,1.05,0,0,0,5,1,4,0.2,0,0.99,7800.0,-0.1875,1,9600.0,0
Frontend React,Senior,3,ONSITE,1.1,7,7,0,5,5,0,1.0,2,0.97,19900.0,0.0205,1,19500.0,1
DevOps / SRE,Pleno,2,REMOTE,1.0,4,5,1,5,1,4,0.2,3,1.12,15700.0,-0.1421,1,18300.0,0
DevOps / SRE,Pleno,2,ONSITE,1.1,4,4,0,5,0,5,0.0,1,1.12,15800.0,-0.2293,0,20500.0,0
Machine Learning Eng.,Pleno,2,ONSITE,1.1,4,5,1,5,1,4,0.2,0,1.2,17600.0,-0.1776,0,21400.0,0
Fullstack,Pleno,2,REMOTE,1.0,4,1,-3,5,4,1,0.8,4,0.99,15700.0,0.0903,1,14400.0,0
Backend Node.js,Junior,1,HYBRID,1.05,2,3,1,5,4,1,0.8,2,0.99,12600.0,0.2233,1,10300.0,1
Frontend React,Pleno,2,HYBRID,1.05,5,5,0,5,2,3,0.4,1,0.97,7900.0,-0.3629,1,12400.0,0
Frontend React,Junior,1,ONSITE,1.1,2,3,1,5,4,1,0.8,1,0.97,13000.0,0.2037,1,10800.0,1
Backend Node.js,Pleno,2,ONSITE,1.1,3,1,-2,5,5,0,1.0,2,0.99,11800.0,-0.2892,1,16600.0,1
DevOps / SRE,Senior,3,REMOTE,1.0,9,10,1,5,5,0,1.0,1,1.12,27000.0,0.0189,0,26500.0,1
DevOps / SRE,Junior,1,REMOTE,1.0,2,0,-2,5,1,4,0.2,1,1.12,10600.0,-0.1587,1,12600.0,0
Data / Python,Senior,3,ONSITE,1.1,6,3,-3,5,0,5,0.0,0,1.0,22500.0,-0.1573,1,26700.0,0
Fullstack,Senior,3,ONSITE,1.1,6,3,-3,5,1,4,0.2,3,0.99,33900.0,0.4244,1,23800.0,0
Data / Python,Senior,3,ONSITE,1.1,8,9,1,5,3,2,0.6,0,1.0,18700.0,-0.1762,1,22700.0,1
DevOps / SRE,Senior,3,REMOTE,1.0,11,8,-3,5,0,5,0.0,1,1.12,20700.0,-0.1078,1,23200.0,0
Data / Python,Senior,3,REMOTE,1.0,7,8,1,5,0,5,0.0,2,1.0,18300.0,-0.1327,1,21100.0,0
Fullstack,Senior,3,ONSITE,1.1,9,12,3,5,4,1,0.8,3,0.99,23100.0,0.0132,0,22800.0,1
Data / Python,Senior,3,ONSITE,1.1,12,15,3,5,1,4,0.2,1,1.0,19200.0,-0.0857,1,21000.0,1
Data / Python,Senior,3,ONSITE,1.1,6,8,2,5,0,5,0.0,4,1.0,24100.0,-0.0243,0,24700.0,0
DevOps / SRE,Junior,1,ONSITE,1.1,1,4,3,5,3,2,0.6,3,1.12,11100.0,-0.1395,1,12900.0,1
Frontend React,Senior,3,REMOTE,1.0,6,5,-1,5,3,2,0.6,4,0.97,16500.0,-0.0294,1,17000.0,0
Machine Learning Eng.,Pleno,2,HYBRID,1.05,5,7,2,5,4,1,0.8,3,1.2,20600.0,-0.0144,1,20900.0,1
Fullstack,Junior,1,ONSITE,1.1,1,0,-1,5,3,2,0.6,4,0.99,8600.0,-0.2522,0,11500.0,1
Machine Learning Eng.,Pleno,2,REMOTE,1.0,5,7,2,5,0,5,0.0,4,1.2,14700.0,-0.2139,1,18700.0,0
Data / Python,Pleno,2,REMOTE,1.0,5,6,1,5,2,3,0.4,4,1.0,9500.0,-0.391,1,15600.0,0
Frontend React,Senior,3,HYBRID,1.05,6,5,-1,5,5,0,1.0,1,0.97,19700.0,0.0535,1,18700.0,1
Data / Python,Pleno,2,HYBRID,1.05,3,6,3,5,3,2,0.6,0,1.0,18000.0,0.0843,1,16600.0,0
Data / Python,Junior,1,HYBRID,1.05,1,4,3,5,0,5,0.0,2,1.0,8300.0,-0.2655,0,11300.0,0
Machine Learning Eng.,Senior,3,ONSITE,1.1,9,6,-3,5,4,1,0.8,4,1.2,41400.0,0.2938,1,32000.0,0
Frontend React,Pleno,2,REMOTE,1.0,5,2,-3,5,0,5,0.0,0,0.97,14400.0,0.007,1,14300.0,0
Data / Python,Senior,3,ONSITE,1.1,10,7,-3,5,1,4,0.2,2,1.0,26200.0,0.0962,1,23900.0,0
Machine Learning Eng.,Senior,3,ONSITE,1.1,11,12,1,5,5,0,1.0,4,1.2,37400.0,0.3216,1,28300.0,1
DevOps / SRE,Pleno,2,ONSITE,1.1,5,4,-1,5,3,2,0.6,1,1.12,19500.0,-0.0441,1,20400.0,0
Fullstack,Junior,1,ONSITE,1.1,0,0,0,5,2,3,0.4,0,0.99,12800.0,0.1852,1,10800.0,0
DevOps / SRE,Senior,3,REMOTE,1.0,10,11,1,5,1,4,0.2,4,1.12,20900.0,-0.1992,1,26100.0,0
DevOps / SRE,Junior,1,ONSITE,1.1,0,3,3,5,2,3,0.4,4,1.12,11700.0,-0.0331,1,12100.0,1
Machine Learning Eng.,Senior,3,REMOTE,1.0,7,7,0,5,3,2,0.6,1,1.2,20000.0,-0.262,1,27100.0,0
DevOps / SRE,Senior,3,ONSITE,1.1,12,12,0,5,4,1,0.8,0,1.12,20400.0,-0.1639,1,24400.0,1
Data / Python,Senior,3,HYBRID,1.05,8,8,0,5,1,4,0.2,4,1.0,22100.0,-0.0943,1,24400.0,0
Fullstack,Pleno,2,REMOTE,1.0,4,5,1,5,3,2,0.6,0,0.99,15800.0,0.0822,0,14600.0,0
Frontend React,Pleno,2,ONSITE,1.1,5,6,1,5,4,1,0.8,3,0.97,19600.0,0.3517,1,14500.0,1
Frontend React,Junior,1,ONSITE,1.1,2,2,0,5,3,2,0.6,2,0.97,8100.0,-0.1,1,9000.0,0
Frontend React,Junior,1,HYBRID,1.05,1,0,-1,5,4,1,0.8,4,0.97,10200.0,0.1087,1,9200.0,1
Fullstack,Junior,1,REMOTE,1.0,1,4,3,5,5,0,1.0,4,0.99,13800.0,0.2897,1,10700.0,1
DevOps / SRE,Junior,1,HYBRID,1.05,2,0,-2,5,0,5,0.0,1,1.12,10800.0,-0.1074,1,12100.0,0
Frontend React,Pleno,2,HYBRID,1.05,5,4,-1,5,2,3,0.4,1,0.97,8100.0,-0.3415,1,12300.0,0
Fullstack,Junior,1,ONSITE,1.1,0,2,2,5,3,2,0.6,0,0.99,9700.0,-0.1917,1,12000.0,1
Fullstack,Pleno,2,REMOTE,1.0,5,3,-2,5,0,5,0.0,3,0.99,15900.0,0.1778,0,13500.0,0
Frontend React,Senior,3,HYBRID,1.05,6,6,0,5,1,4,0.2,2,0.97,13200.0,-0.2414,0,17400.0,0
Backend Node.js,Pleno,2,REMOTE,1.0,5,5,0,5,3,2,0.6,0,0.99,21600.0,0.3846,1,15600.0,0
Backend Node.js,Pleno,2,REMOTE,1.0,5,7,2,5,2,3,0.4,1,0.99,16700.0,0.1517,0,14500.0,0
Machine Learning Eng.,Senior,3,ONSITE,1.1,6,5,-1,5,1,4,0.2,1,1.2,40500.0,0.3023,0,31100.0,0
Fullstack,Junior,1,HYBRID,1.05,2,0,-2,5,2,3,0.4,2,0.99,10400.0,-0.028,1,10700.0,0
Machine Learning Eng.,Pleno,2,HYBRID,1.05,5,5,0,5,4,1,0.8,1,1.2,16800.0,-0.1295,1,19300.0,1
DevOps / SRE,Junior,1,REMOTE,1.0,0,2,2,5,2,3,0.4,0,1.12,8900.0,-0.2054,0,11200.0,0
Backend Node.js,Pleno,2,HYBRID,1.05,3,3,0,5,1,4,0.2,2,0.99,14000.0,-0.0278,0,14400.0,0
DevOps / SRE,Senior,3,HYBRID,1.05,7,6,-1,5,2,3,0.4,4,1.12,20600.0,-0.1271,0,23600.0,0
Fullstack,Junior,1,REMOTE,1.0,2,0,-2,5,4,1,0.8,3,0.99,5600.0,-0.2911,1,7900.0,1
Machine Learning Eng.,Senior,3,REMOTE,1.0,10,9,-1,5,3,2,0.6,1,1.2,16800.0,-0.3588,1,26200.0,0
Backend Node.js,Pleno,2,HYBRID,1.05,5,2,-3,5,2,3,0.4,0,0.99,15100.0,0.0067,0,15000.0,0
Fullstack,Pleno,2,HYBRID,1.05,5,8,3,5,2,3,0.4,3,0.99,15700.0,0.0467,1,15000.0,1
Backend Node.js,Junior,1,ONSITE,1.1,1,4,3,5,2,3,0.4,0,0.99,10000.0,0.0101,1,9900.0,0
Fullstack,Pleno,2,REMOTE,1.0,4,3,-1,5,4,1,0.8,2,0.99,17400.0,0.1083,1,15700.0,1
Machine Learning Eng.,Senior,3,HYBRID,1.05,7,5,-2,5,0,5,0.0,4,1.2,24800.0,-0.0275,1,25500.0,0
Backend Node.js,Junior,1,HYBRID,1.05,2,2,0,5,3,2,0.6,2,0.99,8400.0,-0.1845,1,10300.0,0
Machine Learning Eng.,Pleno,2,REMOTE,1.0,3,0,-3,5,4,1,0.8,3,1.2,21200.0,0.1337,1,18700.0,1
Machine Learning Eng.,Junior,1,ONSITE,1.1,1,1,0,5,5,0,1.0,2,1.2,17100.0,0.2574,0,13600.0,1
Frontend React,Senior,3,ONSITE,1.1,9,11,2,5,5,0,1.0,0,0.97,17500.0,-0.1422,1,20400.0,1
DevOps / SRE,Senior,3,REMOTE,1.0,12,9,-3,5,3,2,0.6,4,1.12,20100.0,-0.1106,1,22600.0,1
Backend Node.js,Senior,3,REMOTE,1.0,10,12,2,5,0,5,0.0,1,0.99,19300.0,-0.0398,0,20100.0,0
Backend Node.js,Junior,1,REMOTE,1.0,2,2,0,5,2,3,0.4,2,0.99,10100.0,-0.0381,1,10500.0,0
Backend Node.js,Pleno,2,ONSITE,1.1,4,3,-1,5,3,2,0.6,1,0.99,12700.0,-0.2349,1,16600.0,1
Backend Node.js,Pleno,2,HYBRID,1.05,5,4,-1,5,4,1,0.8,1,0.99,10700.0,-0.1641,0,12800.0,1
Frontend React,Senior,3,ONSITE,1.1,6,3,-3,5,2,3,0.4,4,0.97,16300.0,-0.1093,0,18300.0,0
Data / Python,Pleno,2,HYBRID,1.05,4,1,-3,5,4,1,0.8,4,1.0,16400.0,-0.0238,1,16800.0,1
Machine Learning Eng.,Pleno,2,HYBRID,1.05,4,1,-3,5,1,4,0.2,0,1.2,14000.0,-0.2553,1,18800.0,0
Backend Node.js,Senior,3,REMOTE,1.0,8,7,-1,5,2,3,0.4,3,0.99,21700.0,0.1071,1,19600.0,0
Fullstack,Junior,1,REMOTE,1.0,1,1,0,5,3,2,0.6,0,0.99,8200.0,-0.0889,1,9000.0,0
Backend Node.js,Pleno,2,REMOTE,1.0,5,2,-3,5,4,1,0.8,4,0.99,18500.0,0.2333,0,15000.0,1
Frontend React,Senior,3,ONSITE,1.1,12,9,-3,5,4,1,0.8,4,0.97,18400.0,-0.0265,0,18900.0,1
Data / Python,Pleno,2,REMOTE,1.0,5,2,-3,5,4,1,0.8,3,1.0,20800.0,0.284,0,16200.0,0
Frontend React,Senior,3,ONSITE,1.1,10,12,2,5,4,1,0.8,4,0.97,17500.0,-0.1667,1,21000.0,1
Frontend React,Senior,3,ONSITE,1.1,11,14,3,5,0,5,0.0,2,0.97,23500.0,-0.0084,1,23700.0,0
Fullstack,Pleno,2,HYBRID,1.05,4,6,2,5,5,0,1.0,1,0.99,18200.0,0.0964,1,16600.0,1
Data / Python,Pleno,2,REMOTE,1.0,4,3,-1,5,5,0,1.0,1,1.0,22000.0,0.2791,0,17200.0,1
DevOps / SRE,Pleno,2,ONSITE,1.1,5,5,0,5,5,0,1.0,1,1.12,16100.0,-0.139,1,18700.0,1
Data / Python,Senior,3,REMOTE,1.0,9,7,-2,5,3,2,0.6,4,1.0,22400.0,-0.0427,1,23400.0,1
Fullstack,Pleno,2,ONSITE,1.1,3,5,2,5,5,0,1.0,1,0.99,17500.0,-0.0113,1,17700.0,1
Data / Python,Senior,3,REMOTE,1.0,10,12,2,5,1,4,0.2,3,1.0,20100.0,0.1044,1,18200.0,0
Fullstack,Junior,1,HYBRID,1.05,1,3,2,5,2,3,0.4,2,0.99,11800.0,0.2292,0,9600.0,0
Backend Node.js,Pleno,2,ONSITE,1.1,5,2,-3,5,1,4,0.2,2,0.99,14700.0,-0.0982,0,16300.0,0
Data / Python,Pleno,2,HYBRID,1.05,4,7,3,5,4,1,0.8,4,1.0,13900.0,-0.1032,0,15500.0,1
DevOps / SRE,Senior,3,HYBRID,1.05,9,11,2,5,2,3,0.4,4,1.12,20300.0,-0.1471,1,23800.0,0
Data / Python,Senior,3,ONSITE,1.1,6,5,-1,5,5,0,1.0,3,1.0,23000.0,-0.098,1,25500.0,1
Backend Node.js,Pleno,2,HYBRID,1.05,3,2,-1,5,4,1,0.8,2,0.99,19800.0,0.1512,1,17200.0,1
Machine Learning Eng.,Senior,3,ONSITE,1.1,9,7,-2,5,3,2,0.6,2,1.2,36300.0,0.0868,0,33400.0,0
Frontend React,Pleno,2,REMOTE,1.0,5,3,-2,5,1,4,0.2,1,0.97,10000.0,-0.115,1,11300.0,0
Fullstack,Junior,1,REMOTE,1.0,0,2,2,5,1,4,0.2,0,0.99,9600.0,0.1034,1,8700.0,0
Backend Node.js,Junior,1,HYBRID,1.05,1,3,2,5,4,1,0.8,0,0.99,8600.0,0.0,0,8600.0,1
Backend Node.js,Senior,3,REMOTE,1.0,6,6,0,5,0,5,0.0,4,0.99,17100.0,-0.114,0,19300.0,0
Data / Python,Pleno,2,HYBRID,1.05,3,6,3,5,1,4,0.2,0,1.0,15400.0,-0.12,1,17500.0,0
Machine Learning Eng.,Senior,3,REMOTE,1.0,8,9,1,5,2,3,0.4,1,1.2,26800.0,-0.0463,1,28100.0,0
Data / Python,Senior,3,REMOTE,1.0,6,3,-3,5,5,0,1.0,3,1.0,19900.0,-0.0829,0,21700.0,1
DevOps / SRE,Pleno,2,REMOTE,1.0,5,4,-1,5,1,4,0.2,0,1.12,10300.0,-0.3439,0,15700.0,0
Machine Learning Eng.,Junior,1,HYBRID,1.05,0,1,1,5,5,0,1.0,4,1.2,14500.0,0.1983,1,12100.0,1
Backend Node.js,Junior,1,HYBRID,1.05,2,0,-2,5,0,5,0.0,3,0.99,7700.0,-0.061,1,8200.0,0
Backend Node.js,Junior,1,HYBRID,1.05,1,2,1,5,1,4,0.2,0,0.99,9100.0,-0.1165,0,10300.0,0
Fullstack,Senior,3,HYBRID,1.05,12,12,0,5,5,0,1.0,3,0.99,17200.0,-0.2389,0,22600.0,1
Machine Learning Eng.,Pleno,2,HYBRID,1.05,3,2,-1,5,3,2,0.6,3,1.2,18900.0,-0.0597,0,20100.0,1
Frontend React,Senior,3,ONSITE,1.1,6,5,-1,5,0,5,0.0,3,0.97,22500.0,0.148,1,19600.0,0
Frontend React,Senior,3,HYBRID,1.05,12,15,3,5,1,4,0.2,1,0.97,18600.0,-0.0653,0,19900.0,1
Machine Learning Eng.,Junior,1,REMOTE,1.0,2,1,-1,5,0,5,0.0,3,1.2,14500.0,0.1789,1,12300.0,0
Machine Learning Eng.,Senior,3,HYBRID,1.05,7,10,3,5,3,2,0.6,1,1.2,21000.0,-0.2977,1,29900.0,1
DevOps / SRE,Pleno,2,ONSITE,1.1,3,0,-3,5,2,3,0.4,0,1.12,18300.0,-0.0108,0,18500.0,0
Backend Node.js,Junior,1,HYBRID,1.05,1,0,-1,5,1,4,0.2,3,0.99,5400.0,-0.413,1,9200.0,0
DevOps / SRE,Junior,1,HYBRID,1.05,2,3,1,5,0,5,0.0,1,1.12,15100.0,0.1615,0,13000.0,0
Fullstack,Senior,3,HYBRID,1.05,11,12,1,5,5,0,1.0,4,0.99,17700.0,-0.2168,1,22600.0,1
Backend Node.js,Junior,1,REMOTE,1.0,0,0,0,5,5,0,1.0,4,0.99,9300.0,0.0814,0,8600.0,1
Machine Learning Eng.,Senior,3,ONSITE,1.1,10,11,1,5,5,0,1.0,3,1.2,27000.0,-0.097,0,29900.0,1
Data / Python,Junior,1,REMOTE,1.0,2,1,-1,5,0,5,0.0,2,1.0,10300.0,0.03,1,10000.0,0
Machine Learning Eng.,Pleno,2,ONSITE,1.1,3,3,0,5,2,3,0.4,3,1.2,22100.0,0.0231,1,21600.0,0
Frontend React,Pleno,2,REMOTE,1.0,3,6,3,5,2,3,0.4,2,0.97,9300.0,-0.0971,0,10300.0,1
Frontend React,Senior,3,HYBRID,1.05,6,9,3,5,0,5,0.0,0,0.97,16300.0,0.0252,1,15900.0,0
Frontend React,Junior,1,REMOTE,1.0,0,2,2,5,3,2,0.6,4,0.97,9100.0,0.046,1,8700.0,1
Machine Learning Eng.,Senior,3,REMOTE,1.0,7,8,1,5,5,0,1.0,3,1.2,28000.0,0.0036,1,27900.0,1
Frontend React,Senior,3,ONSITE,1.1,11,8,-3,5,5,0,1.0,4,0.97,13600.0,-0.1953,1,16900.0,1
Frontend React,Senior,3,HYBRID,1.05,8,9,1,5,5,0,1.0,2,0.97,14800.0,-0.2251,0,19100.0,1
Frontend React,Senior,3,ONSITE,1.1,8,8,0,5,2,3,0.4,4,0.97,14300.0,-0.2353,1,18700.0,1
Backend Node.js,Pleno,2,HYBRID,1.05,5,3,-2,5,4,1,0.8,2,0.99,17100.0,0.1104,1,15400.0,0
Fullstack,Junior,1,HYBRID,1.05,2,2,0,5,0,5,0.0,2,0.99,10900.0,0.0093,1,10800.0,0
DevOps / SRE,Senior,3,REMOTE,1.0,9,7,-2,5,2,3,0.4,2,1.12,21200.0,-0.0862,0,23200.0,0
DevOps / SRE,Senior,3,HYBRID,1.05,7,4,-3,5,1,4,0.2,1,1.12,27900.0,-0.0445,1,29200.0,0
Backend Node.js,Pleno,2,ONSITE,1.1,3,4,1,5,5,0,1.0,0,0.99,18200.0,0.1667,0,15600.0,1
Machine Learning Eng.,Junior,1,ONSITE,1.1,0,3,3,5,5,0,1.0,3,1.2,16600.0,0.0573,1,15700.0,1
Fullstack,Senior,3,ONSITE,1.1,8,5,-3,5,3,2,0.6,2,0.99,27700.0,0.1036,1,25100.0,0
Frontend React,Senior,3,ONSITE,1.1,8,6,-2,5,0,5,0.0,3,0.97,16600.0,-0.2207,1,21300.0,0
Data / Python,Pleno,2,REMOTE,1.0,4,1,-3,5,4,1,0.8,1,1.0,15600.0,-0.0602,0,16600.0,0
Frontend React,Pleno,2,HYBRID,1.05,4,6,2,5,1,4,0.2,4,0.97,13500.0,-0.0753,1,14600.0,0
Machine Learning Eng.,Junior,1,ONSITE,1.1,1,0,-1,5,4,1,0.8,1,1.2,17300.0,0.1161,1,15500.0,0
Frontend React,Junior,1,HYBRID,1.05,1,2,1,5,1,4,0.2,2,0.97,8700.0,-0.0114,0,8800.0,0
Fullstack,Junior,1,ONSITE,1.1,0,0,0,5,4,1,0.8,0,0.99,10200.0,-0.113,1,11500.0,1
Machine Learning Eng.,Junior,1,HYBRID,1.05,0,3,3,5,0,5,0.0,1,1.2,11800.0,-0.0923,1,13000.0,0
Data / Python,Pleno,2,ONSITE,1.1,3,6,3,5,4,1,0.8,0,1.0,16700.0,0.006,1,16600.0,1
Backend Node.js,Junior,1,REMOTE,1.0,2,3,1,5,4,1,0.8,4,0.99,12700.0,0.3368,1,9500.0,1
Machine Learning Eng.,Senior,3,REMOTE,1.0,12,13,1,5,2,3,0.4,1,1.2,24700.0,0.0335,0,23900.0,0
Frontend React,Senior,3,ONSITE,1.1,6,6,0,5,2,3,0.4,1,0.97,24300.0,0.2656,0,19200.0,0
Backend Node.js,Pleno,2,ONSITE,1.1,4,2,-2,5,3,2,0.6,4,0.99,13700.0,-0.0616,0,14600.0,0
Frontend React,Pleno,2,HYBRID,1.05,5,4,-1,5,4,1,0.8,3,0.97,12200.0,-0.1974,0,15200.0,1
Frontend React,Senior,3,HYBRID,1.05,12,13,1,5,3,2,0.6,2,0.97,14600.0,-0.1361,0,16900.0,1
Machine Learning Eng.,Senior,3,ONSITE,1.1,10,12,2,5,0,5,0.0,3,1.2,28700.0,-0.1059,1,32100.0,0
Fullstack,Senior,3,ONSITE,1.1,11,14,3,5,4,1,0.8,3,0.99,25200.0,0.0413,1,24200.0,1
Machine Learning Eng.,Senior,3,HYBRID,1.05,6,8,2,5,1,4,0.2,4,1.2,26200.0,-0.1058,1,29300.0,1
Backend Node.js,Senior,3,HYBRID,1.05,10,13,3,5,5,0,1.0,1,0.99,11800.0,-0.3656,1,18600.0,1
Backend Node.js,Senior,3,ONSITE,1.1,9,10,1,5,1,4,0.2,0,0.99,21500.0,-0.0359,0,22300.0,0
Backend Node.js,Senior,3,ONSITE,1.1,9,11,2,5,1,4,0.2,3,0.99,23100.0,0.1324,1,20400.0,0
Fullstack,Senior,3,ONSITE,1.1,12,15,3,5,0,5,0.0,3,0.99,17500.0,-0.1784,1,21300.0,0
Fullstack,Junior,1,ONSITE,1.1,2,4,2,5,1,4,0.2,1,0.99,11100.0,-0.0593,1,11800.0,0
Data / Python,Pleno,2,REMOTE,1.0,5,2,-3,5,0,5,0.0,2,1.0,15500.0,-0.0127,0,15700.0,0
Fullstack,Senior,3,HYBRID,1.05,12,15,3,5,1,4,0.2,2,0.99,28000.0,0.1523,0,24300.0,0
Backend Node.js,Pleno,2,ONSITE,1.1,4,2,-2,5,4,1,0.8,3,0.99,19900.0,0.3446,1,14800.0,1
Backend Node.js,Junior,1,REMOTE,1.0,1,2,1,5,4,1,0.8,0,0.99,5500.0,-0.3373,0,8300.0,1
Machine Learning Eng.,Senior,3,REMOTE,1.0,6,8,2,5,3,2,0.6,3,1.2,27000.0,-0.011,1,27300.0,1
DevOps / SRE,Senior,3,ONSITE,1.1,9,7,-2,5,3,2,0.6,4,1.12,21500.0,-0.1856,1,26400.0,0
Fullstack,Senior,3,REMOTE,1.0,7,10,3,5,3,2,0.6,2,0.99,15700.0,-0.2488,1,20900.0,1
Backend Node.js,Junior,1,REMOTE,1.0,0,0,0,5,2,3,0.4,0,0.99,10600.0,0.1398,1,9300.0,0
Fullstack,Pleno,2,HYBRID,1.05,5,6,1,5,3,2,0.6,0,0.99,15800.0,-0.076,1,17100.0,0
DevOps / SRE,Pleno,2,HYBRID,1.05,4,1,-3,5,1,4,0.2,0,1.12,15000.0,-0.1279,1,17200.0,0
Frontend React,Junior,1,REMOTE,1.0,0,2,2,5,3,2,0.6,0,0.97,10500.0,0.2805,1,8200.0,0
DevOps / SRE,Junior,1,HYBRID,1.05,0,0,0,5,0,5,0.0,2,1.12,13200.0,0.0233,1,12900.0,0
Machine Learning Eng.,Junior,1,HYBRID,1.05,1,1,0,5,0,5,0.0,4,1.2,9600.0,-0.2131,1,12200.0,0
Fullstack,Junior,1,ONSITE,1.1,1,3,2,5,3,2,0.6,3,0.99,12200.0,0.0702,1,11400.0,1
Machine Learning Eng.,Pleno,2,HYBRID,1.05,4,2,-2,5,4,1,0.8,2,1.2,11900.0,-0.3602,1,18600.0,0
DevOps / SRE,Junior,1,REMOTE,1.0,1,4,3,5,5,0,1.0,2,1.12,10200.0,-0.157,1,12100.0,1
Machine Learning Eng.,Junior,1,ONSITE,1.1,1,0,-1,5,4,1,0.8,2,1.2,11700.0,-0.1931,1,14500.0,1
DevOps / SRE,Junior,1,HYBRID,1.05,1,4,3,5,4,1,0.8,0,1.12,11000.0,0.0,1,11000.0,1
DevOps / SRE,Senior,3,REMOTE,1.0,6,9,3,5,3,2,0.6,4,1.12,30300.0,0.2367,0,24500.0,1
Machine Learning Eng.,Pleno,2,ONSITE,1.1,3,1,-2,5,5,0,1.0,4,1.2,25800.0,0.3797,1,18700.0,1
Frontend React,Pleno,2,HYBRID,1.05,4,6,2,5,1,4,0.2,2,0.97,12100.0,-0.0902,1,13300.0,0
Data / Python,Pleno,2,REMOTE,1.0,5,8,3,5,2,3,0.4,2,1.0,17100.0,0.1793,0,14500.0,1
DevOps / SRE,Pleno,2,ONSITE,1.1,4,2,-2,5,5,0,1.0,3,1.12,16900.0,-0.1058,0,18900.0,1
DevOps / SRE,Junior,1,ONSITE,1.1,0,0,0,5,4,1,0.8,2,1.12,14100.0,0.175,1,12000.0,1
Data / Python,Pleno,2,REMOTE,1.0,4,6,2,5,0,5,0.0,1,1.0,9800.0,-0.4463,1,17700.0,0
Machine Learning Eng.,Pleno,2,ONSITE,1.1,4,7,3,5,3,2,0.6,2,1.2,23300.0,0.1311,1,20600.0,1
Backend Node.js,Pleno,2,ONSITE,1.1,3,0,-3,5,0,5,0.0,3,0.99,15600.0,0.0612,0,14700.0,0
Machine Learning Eng.,Senior,3,REMOTE,1.0,6,7,1,5,5,0,1.0,2,1.2,35300.0,0.2131,1,29100.0,1
Machine Learning Eng.,Pleno,2,REMOTE,1.0,4,3,-1,5,1,4,0.2,4,1.2,20700.0,0.15,0,18000.0,0
Fullstack,Senior,3,ONSITE,1.1,12,9,-3,5,1,4,0.2,0,0.99,17100.0,-0.1934,1,21200.0,0
Backend Node.js,Pleno,2,ONSITE,1.1,5,6,1,5,4,1,0.8,2,0.99,13200.0,-0.1258,1,15100.0,1
Frontend React,Senior,3,HYBRID,1.05,8,7,-1,5,0,5,0.0,1,0.97,16100.0,-0.0955,1,17800.0,0
Frontend React,Junior,1,HYBRID,1.05,1,0,-1,5,0,5,0.0,1,0.97,9900.0,-0.0388,1,10300.0,0
Frontend React,Junior,1,ONSITE,1.1,1,3,2,5,3,2,0.6,0,0.97,11200.0,0.2174,1,9200.0,1
Frontend React,Pleno,2,HYBRID,1.05,3,6,3,5,3,2,0.6,1,0.97,11200.0,-0.0588,1,11900.0,1
Fullstack,Pleno,2,HYBRID,1.05,5,4,-1,5,0,5,0.0,0,0.99,14000.0,-0.0968,1,15500.0,0
Fullstack,Pleno,2,REMOTE,1.0,3,0,-3,5,2,3,0.4,4,0.99,13700.0,-0.0072,1,13800.0,0
Fullstack,Junior,1,REMOTE,1.0,2,2,0,5,4,1,0.8,1,0.99,13000.0,0.1504,1,11300.0,1
Frontend React,Pleno,2,REMOTE,1.0,5,3,-2,5,4,1,0.8,4,0.97,14500.0,-0.0068,0,14600.0,1
DevOps / SRE,Senior,3,HYBRID,1.05,9,7,-2,5,1,4,0.2,3,1.12,26100.0,0.0276,1,25400.0,0
Data / Python,Pleno,2,ONSITE,1.1,4,5,1,5,3,2,0.6,2,1.0,14300.0,-0.1782,0,17400.0,1
Backend Node.js,Junior,1,HYBRID,1.05,1,0,-1,5,5,0,1.0,2,0.99,8300.0,-0.0978,1,9200.0,1
Backend Node.js,Pleno,2,HYBRID,1.05,3,4,1,5,3,2,0.6,2,0.99,14200.0,-0.1235,0,16200.0,1
DevOps / SRE,Junior,1,HYBRID,1.05,1,0,-1,5,1,4,0.2,3,1.12,11300.0,-0.0088,1,11400.0,0
Fullstack,Pleno,2,REMOTE,1.0,4,1,-3,5,5,0,1.0,3,0.99,17200.0,0.0818,1,15900.0,1
DevOps / SRE,Pleno,2,ONSITE,1.1,3,5,2,5,2,3,0.4,1,1.12,18400.0,0.0952,1,16800.0,0
Machine Learning Eng.,Pleno,2,ONSITE,1.1,4,1,-3,5,1,4,0.2,3,1.2,23500.0,0.2842,1,18300.0,0
Data / Python,Senior,3,REMOTE,1.0,12,13,1,5,4,1,0.8,3,1.0,33900.0,0.4549,0,23300.0,1
DevOps / SRE,Junior,1,REMOTE,1.0,0,1,1,5,2,3,0.4,4,1.12,8700.0,-0.2368,1,11400.0,1
Machine Learning Eng.,Pleno,2,HYBRID,1.05,5,3,-2,5,0,5,0.0,3,1.2,12500.0,-0.3243,1,18500.0,0
Machine Learning Eng.,Junior,1,REMOTE,1.0,0,1,1,5,5,0,1.0,0,1.2,12800.0,-0.0376,1,13300.0,1
Frontend React,Senior,3,HYBRID,1.05,8,9,1,5,1,4,0.2,0,0.97,23400.0,0.3371,1,17500.0,0
Fullstack,Junior,1,REMOTE,1.0,1,3,2,5,3,2,0.6,1,0.99,7700.0,-0.0723,0,8300.0,0
Backend Node.js,Junior,1,ONSITE,1.1,2,0,-2,5,2,3,0.4,3,0.99,8400.0,-0.1064,0,9400.0,0
DevOps / SRE,Pleno,2,HYBRID,1.05,4,2,-2,5,5,0,1.0,1,1.12,20900.0,0.0885,1,19200.0,1
Data / Python,Junior,1,ONSITE,1.1,0,1,1,5,5,0,1.0,3,1.0,10900.0,-0.1066,0,12200.0,1
Machine Learning Eng.,Junior,1,ONSITE,1.1,2,4,2,5,0,5,0.0,3,1.2,12300.0,-0.1214,1,14000.0,0
Frontend React,Junior,1,REMOTE,1.0,1,0,-1,5,4,1,0.8,2,0.97,6600.0,-0.1429,1,7700.0,1
Fullstack,Senior,3,REMOTE,1.0,7,9,2,5,5,0,1.0,4,0.99,27700.0,0.2257,1,22600.0,1
Data / Python,Senior,3,REMOTE,1.0,8,9,1,5,1,4,0.2,3,1.0,29100.0,0.3288,0,21900.0,0
DevOps / SRE,Senior,3,HYBRID,1.05,8,5,-3,5,5,0,1.0,3,1.12,24400.0,-0.1191,0,27700.0,1
DevOps / SRE,Junior,1,REMOTE,1.0,1,3,2,5,5,0,1.0,0,1.12,13600.0,0.2252,1,11100.0,1
Data / Python,Senior,3,ONSITE,1.1,12,13,1,5,4,1,0.8,2,1.0,27600.0,0.0415,0,26500.0,1
Frontend React,Senior,3,REMOTE,1.0,8,7,-1,5,1,4,0.2,0,0.97,17200.0,-0.0391,1,17900.0,0
Data / Python,Pleno,2,REMOTE,1.0,3,6,3,5,4,1,0.8,4,1.0,18300.0,0.1024,0,16600.0,1
Backend Node.js,Senior,3,ONSITE,1.1,11,14,3,5,3,2,0.6,1,0.99,20800.0,-0.0502,1,21900.0,1
DevOps / SRE,Junior,1,ONSITE,1.1,1,3,2,5,5,0,1.0,2,1.12,14800.0,0.1045,1,13400.0,1
Backend Node.js,Senior,3,HYBRID,1.05,10,13,3,5,0,5,0.0,2,0.99,14900.0,-0.3005,1,21300.0,0
DevOps / SRE,Pleno,2,REMOTE,1.0,4,5,1,5,1,4,0.2,4,1.12,20200.0,0.1222,1,18000.0,0
Backend Node.js,Senior,3,HYBRID,1.05,10,11,1,5,2,3,0.4,2,0.99,21100.0,0.099,0,19200.0,0
Fullstack,Senior,3,HYBRID,1.05,10,12,2,5,1,4,0.2,2,0.99,19700.0,-0.1397,1,22900.0,0
Machine Learning Eng.,Senior,3,REMOTE,1.0,8,5,-3,5,2,3,0.4,4,1.2,30400.0,0.1095,1,27400.0,0
Data / Python,Pleno,2,REMOTE,1.0,3,6,3,5,0,5,0.0,0,1.0,10600.0,-0.2838,0,14800.0,0
Data / Python,Pleno,2,REMOTE,1.0,4,1,-3,5,2,3,0.4,0,1.0,13000.0,-0.1613,0,15500.0,0
Frontend React,Senior,3,HYBRID,1.05,12,14,2,5,5,0,1.0,1,0.97,21200.0,0.0291,1,20600.0,1
Data / Python,Pleno,2,HYBRID,1.05,4,2,-2,5,3,2,0.6,3,1.0,15700.0,-0.0542,1,16600.0,1
Machine Learning Eng.,Pleno,2,ONSITE,1.1,3,1,-2,5,2,3,0.4,1,1.2,26300.0,0.2176,1,21600.0,0
Backend Node.js,Pleno,2,REMOTE,1.0,4,4,0,5,3,2,0.6,1,0.99,10400.0,-0.2353,1,13600.0,0
Data / Python,Pleno,2,HYBRID,1.05,5,4,-1,5,3,2,0.6,1,1.0,16000.0,-0.0419,1,16700.0,0
Frontend React,Senior,3,ONSITE,1.1,10,12,2,5,3,2,0.6,0,0.97,21600.0,0.0588,1,20400.0,1
Fullstack,Junior,1,HYBRID,1.05,1,0,-1,5,0,5,0.0,3,0.99,9600.0,-0.0769,1,10400.0,0
DevOps / SRE,Pleno,2,ONSITE,1.1,3,3,0,5,5,0,1.0,2,1.12,22500.0,0.0714,0,21000.0,1
Backend Node.js,Senior,3,ONSITE,1.1,12,10,-2,5,2,3,0.4,1,0.99,19700.0,-0.136,1,22800.0,0
Frontend React,Junior,1,ONSITE,1.1,0,0,0,5,1,4,0.2,1,0.97,7500.0,-0.1935,1,9300.0,0
Machine Learning Eng.,Senior,3,HYBRID,1.05,11,9,-2,5,2,3,0.4,0,1.2,22000.0,-0.244,1,29100.0,0
Data / Python,Senior,3,ONSITE,1.1,7,10,3,5,2,3,0.4,3,1.0,21800.0,-0.0802,1,23700.0,0
Machine Learning Eng.,Pleno,2,HYBRID,1.05,3,6,3,5,1,4,0.2,4,1.2,17800.0,-0.1797,1,21700.0,0
Machine Learning Eng.,Pleno,2,ONSITE,1.1,3,1,-2,5,0,5,0.0,2,1.2,25000.0,0.0373,1,24100.0,0
Fullstack,Junior,1,ONSITE,1.1,2,0,-2,5,4,1,0.8,4,0.99,12400.0,0.1171,1,11100.0,1
DevOps / SRE,Pleno,2,ONSITE,1.1,4,7,3,5,5,0,1.0,3,1.12,21900.0,0.1289,0,19400.0,1
Backend Node.js,Senior,3,REMOTE,1.0,6,3,-3,5,1,4,0.2,1,0.99,18500.0,-0.0513,1,19500.0,0
Fullstack,Pleno,2,HYBRID,1.05,5,6,1,5,5,0,1.0,4,0.99,11800.0,-0.2288,1,15300.0,1
Frontend React,Senior,3,HYBRID,1.05,12,13,1,5,1,4,0.2,3,0.97,16100.0,-0.1786,1,19600.0,0
Frontend React,Junior,1,REMOTE,1.0,0,0,0,5,4,1,0.8,1,0.97,7800.0,-0.0714,1,8400.0,1
Frontend React,Junior,1,REMOTE,1.0,1,4,3,5,4,1,0.8,4,0.97,6900.0,-0.08,1,7500.0,1
Data / Python,Pleno,2,ONSITE,1.1,5,8,3,5,1,4,0.2,0,1.0,17800.0,-0.0273,1,18300.0,0
Data / Python,Senior,3,ONSITE,1.1,8,9,1,5,0,5,0.0,1,1.0,17600.0,-0.1927,1,21800.0,0
DevOps / SRE,Pleno,2,REMOTE,1.0,4,7,3,5,0,5,0.0,1,1.12,17700.0,-0.0535,1,18700.0,0
Frontend React,Pleno,2,ONSITE,1.1,3,3,0,5,1,4,0.2,1,0.97,12700.0,-0.0379,1,13200.0,0
Backend Node.js,Pleno,2,REMOTE,1.0,3,4,1,5,5,0,1.0,2,0.99,12000.0,-0.0698,1,12900.0,1
Data / Python,Pleno,2,ONSITE,1.1,4,3,-1,5,1,4,0.2,3,1.0,16000.0,-0.1257,1,18300.0,0
Frontend React,Pleno,2,ONSITE,1.1,4,4,0,5,1,4,0.2,4,0.97,14100.0,-0.0844,0,15400.0,0
DevOps / SRE,Junior,1,ONSITE,1.1,0,0,0,5,0,5,0.0,1,1.12,13200.0,0.1379,1,11600.0,0
Machine Learning Eng.,Pleno,2,REMOTE,1.0,3,0,-3,5,1,4,0.2,0,1.2,14400.0,-0.2836,0,20100.0,0
Frontend React,Pleno,2,ONSITE,1.1,3,5,2,5,2,3,0.4,2,0.97,15700.0,-0.108,1,17600.0,1
Frontend React,Pleno,2,REMOTE,1.0,4,6,2,5,5,0,1.0,1,0.97,9400.0,-0.2769,1,13000.0,1
Frontend React,Pleno,2,REMOTE,1.0,4,6,2,5,0,5,0.0,1,0.97,12900.0,0.0488,1,12300.0,0
Machine Learning Eng.,Pleno,2,HYBRID,1.05,5,7,2,5,0,5,0.0,4,1.2,20200.0,0.0466,0,19300.0,0
Backend Node.js,Junior,1,REMOTE,1.0,2,5,3,5,2,3,0.4,1,0.99,9500.0,0.0,1,9500.0,1
Data / Python,Pleno,2,ONSITE,1.1,4,2,-2,5,2,3,0.4,1,1.0,26200.0,0.3936,1,18800.0,0
Frontend React,Senior,3,ONSITE,1.1,6,9,3,5,4,1,0.8,0,0.97,16900.0,-0.1716,1,20400.0,1
Machine Learning Eng.,Senior,3,REMOTE,1.0,9,11,2,5,1,4,0.2,3,1.2,18000.0,-0.2941,1,25500.0,1
Fullstack,Pleno,2,HYBRID,1.05,5,8,3,5,0,5,0.0,2,0.99,11700.0,-0.2642,1,15900.0,0
Backend Node.js,Junior,1,HYBRID,1.05,1,4,3,5,0,5,0.0,1,0.99,9300.0,0.0,0,9300.0,0
Frontend React,Senior,3,REMOTE,1.0,11,8,-3,5,1,4,0.2,2,0.97,18600.0,0.0,1,18600.0,0
Machine Learning Eng.,Pleno,2,REMOTE,1.0,4,1,-3,5,2,3,0.4,1,1.2,15900.0,-0.1762,1,19300.0,0
Fullstack,Pleno,2,HYBRID,1.05,5,7,2,5,1,4,0.2,1,0.99,16800.0,0.12,1,15000.0,0
DevOps / SRE,Senior,3,REMOTE,1.0,11,13,2,5,1,4,0.2,4,1.12,26500.0,0.0772,1,24600.0,0
Data / Python,Senior,3,REMOTE,1.0,7,7,0,5,3,2,0.6,0,1.0,20200.0,-0.0942,1,22300.0,1
Data / Python,Pleno,2,HYBRID,1.05,3,3,0,5,1,4,0.2,4,1.0,16700.0,0.1208,1,14900.0,0
Fullstack,Junior,1,REMOTE,1.0,0,0,0,5,5,0,1.0,4,0.99,9700.0,0.0211,0,9500.0,1
Machine Learning Eng.,Pleno,2,REMOTE,1.0,3,0,-3,5,5,0,1.0,4,1.2,23500.0,0.1244,1,20900.0,0
Data / Python,Senior,3,ONSITE,1.1,7,10,3,5,1,4,0.2,3,1.0,22300.0,-0.1255,0,25500.0,0
DevOps / SRE,Junior,1,ONSITE,1.1,0,3,3,5,3,2,0.6,0,1.12,13200.0,-0.0149,1,13400.0,1
DevOps / SRE,Junior,1,ONSITE,1.1,0,0,0,5,2,3,0.4,2,1.12,12900.0,-0.0227,1,13200.0,0
Data / Python,Junior,1,REMOTE,1.0,0,0,0,5,4,1,0.8,2,1.0,8600.0,-0.1569,1,10200.0,1
DevOps / SRE,Junior,1,ONSITE,1.1,0,1,1,5,0,5,0.0,1,1.12,12200.0,-0.0543,0,12900.0,0
Backend Node.js,Senior,3,HYBRID,1.05,10,13,3,5,1,4,0.2,3,0.99,20400.0,-0.0769,0,22100.0,0
DevOps / SRE,Pleno,2,ONSITE,1.1,5,4,-1,5,5,0,1.0,3,1.12,25300.0,0.265,1,20000.0,1
Backend Node.js,Pleno,2,ONSITE,1.1,4,1,-3,5,2,3,0.4,2,0.99,12700.0,-0.0929,1,14000.0,0
Fullstack,Junior,1,HYBRID,1.05,0,0,0,5,3,2,0.6,1,0.99,10000.0,-0.0196,1,10200.0,1
Backend Node.js,Pleno,2,REMOTE,1.0,5,2,-3,5,3,2,0.6,2,0.99,17600.0,0.2138,1,14500.0,0
DevOps / SRE,Pleno,2,HYBRID,1.05,3,0,-3,5,1,4,0.2,3,1.12,22000.0,0.1579,0,19000.0,0
Data / Python,Senior,3,HYBRID,1.05,10,11,1,5,0,5,0.0,2,1.0,19600.0,-0.105,0,21900.0,0
Data / Python,Senior,3,HYBRID,1.05,11,11,0,5,4,1,0.8,3,1.0,22100.0,0.0425,1,21200.0,1
Data / Python,Pleno,2,ONSITE,1.1,3,6,3,5,1,4,0.2,2,1.0,10400.0,-0.3988,0,17300.0,0
Frontend React,Pleno,2,REMOTE,1.0,5,6,1,5,2,3,0.4,4,0.97,12900.0,0.0238,1,12600.0,0
Data / Python,Senior,3,REMOTE,1.0,9,9,0,5,1,4,0.2,3,1.0,17700.0,-0.1571,1,21000.0,0
Data / Python,Senior,3,REMOTE,1.0,10,13,3,5,0,5,0.0,2,1.0,14400.0,-0.2941,1,20400.0,0
Fullstack,Pleno,2,ONSITE,1.1,5,5,0,5,0,5,0.0,1,0.99,21800.0,0.473,1,14800.0,0
Machine Learning Eng.,Senior,3,REMOTE,1.0,6,6,0,5,2,3,0.4,3,1.2,23300.0,-0.2786,1,32300.0,0
Machine Learning Eng.,Junior,1,REMOTE,1.0,0,3,3,5,3,2,0.6,3,1.2,8500.0,-0.32,1,12500.0,1
Data / Python,Junior,1,HYBRID,1.05,0,0,0,5,5,0,1.0,0,1.0,10600.0,0.0495,0,10100.0,1
Machine Learning Eng.,Pleno,2,ONSITE,1.1,3,1,-2,5,2,3,0.4,3,1.2,21800.0,0.0583,0,20600.0,0
Fullstack,Senior,3,HYBRID,1.05,7,4,-3,5,1,4,0.2,1,0.99,23300.0,-0.0169,0,23700.0,0
Fullstack,Pleno,2,ONSITE,1.1,4,1,-3,5,0,5,0.0,1,0.99,13000.0,-0.1925,1,16100.0,0
Machine Learning Eng.,Junior,1,HYBRID,1.05,0,2,2,5,1,4,0.2,4,1.2,6300.0,-0.5263,1,13300.0,0
Fullstack,Junior,1,HYBRID,1.05,2,2,0,5,3,2,0.6,1,0.99,9300.0,0.0109,1,9200.0,0
Frontend React,Senior,3,ONSITE,1.1,10,9,-1,5,2,3,0.4,3,0.97,20700.0,0.0197,1,20300.0,0
Backend Node.js,Senior,3,REMOTE,1.0,7,7,0,5,0,5,0.0,1,0.99,18400.0,-0.0466,1,19300.0,0
Machine Learning Eng.,Pleno,2,HYBRID,1.05,5,2,-3,5,5,0,1.0,3,1.2,21300.0,0.133,0,18800.0,1
Data / Python,Pleno,2,ONSITE,1.1,3,4,1,5,1,4,0.2,4,1.0,10700.0,-0.3515,1,16500.0,0
DevOps / SRE,Senior,3,ONSITE,1.1,11,14,3,5,0,5,0.0,1,1.12,35000.0,0.25,0,28000.0,0
Fullstack,Junior,1,HYBRID,1.05,1,2,1,5,4,1,0.8,4,0.99,8900.0,-0.1359,0,10300.0,1
Data / Python,Pleno,2,HYBRID,1.05,3,2,-1,5,2,3,0.4,3,1.0,12200.0,-0.2738,1,16800.0,0
DevOps / SRE,Senior,3,REMOTE,1.0,12,10,-2,5,2,3,0.4,3,1.12,30000.0,0.083,1,27700.0,0
Frontend React,Senior,3,HYBRID,1.05,12,12,0,5,3,2,0.6,1,0.97,16000.0,-0.1579,1,19000.0,1
DevOps / SRE,Junior,1,REMOTE,1.0,1,2,1,5,0,5,0.0,0,1.12,9900.0,-0.0748,1,10700.0,0
Backend Node.js,Pleno,2,ONSITE,1.1,3,2,-1,5,4,1,0.8,1,0.99,16200.0,0.2,0,13500.0,0
Frontend React,Junior,1,ONSITE,1.1,2,0,-2,5,1,4,0.2,3,0.97,8000.0,-0.1489,1,9400.0,0
Data / Python,Junior,1,HYBRID,1.05,0,0,0,5,4,1,0.8,4,1.0,12700.0,0.2212,0,10400.0,1
